Ejercicio,Estado,Patrón,Tipo,Implementación principal,Músculos primarios trabajados,Músculos secundarios trabajados,Plano,Explicación del ejercicio,URL de YouTube
Meses,hecho,Empuje,Carga externa,Barra,"Deltoides, Tríceps Trapecios, Recto abdominal",,Sagital,"Más anchas que el ancho de los hombros. Para iniciar el movimiento, empuja los",https://www.youtube.com/watch?v=KSP
Clean de 2 Posiciones,hecho,Flexión,Explosividad,Barra,"Cuádriceps, Máximo Isquiotibiales, Glúteos Dorsal ancho,",Trapecio,Sagital,"Ancho de los hombros, con el torso paralelo al suelo en una posición de bisagra",https://www.youtube.com/watch?v=3rlRw9RVkBE
Partes,hecho,Empuje,Explosividad,Barra,"Cuádriceps, Tríceps, Glúteos Trapecios, Recto abdominal",,Sagital,"JdsE sentadilla parcial y haz una pausa en la parte inferior de la sentadilla. Luego, salta hacia arriba, generando fuerza en la barra, separa los pies y recibe la",https://www.youtube.com/watch?v=QiQ
3 Point Dumbbell Reverse Fly,hecho,Jalar,Carga externa,Mancuerna,"Romboides, Deltoides posterior Recto abdominal",Rectus Abdominus,Transversal,"Mano que sostiene la mancuerna, primero lleva la mancuerna por debajo de la cuerpo, cerca de la mano opuesta,",https://www.youtube.com/watch?v=JPVbGC7jxXw
Snatch de 3 Posiciones,hecho,Flexión,Explosividad,Barra,"Cuádriceps, Máximo Isquiotibiales, Glúteos Latíssimo dorsal,",Trapecio,Sagital,"Pliegue en posición de pie) y pronado. Inclina las caderas hacia atrás, flexiona",https://www.youtube.com/watch?v=bWeIiL-n1IY
Peso muerto con agarre de arranque de 3 posiciones,hecho,Doblar,Explosividad,Barra,"Cuádriceps, Máximo Isquiotibiales, Glúteo Latíssimo dorsal, Trapecio",,Sagital,SGQ9uo descansa en el pliegue de la cadera en posición de pie) y pronado. Flexiona las,https://www.youtube.com/watch?v=zrI8
Cha Cha con banda de 3 vías,hecho,Una pierna,Estabilidad,Band,"Glúteo, glúteo medio, Flexor de cadera","mayor Recto abdominal a la anchura de caderas, una ligera flexión de las rodillas y una ligera bisagra de",Múltiple,"Hacia un lado y toca los dedos del pie, y vuelve rápidamente a",https://www.youtube.com/watch?v=TSoAqzRoPDo
90 Degree Pull-Up,hecho,Jalar,Peso corporal,Barra de dominadas,"Latísimo dorsal, Bíceps Romboides",Rhomboids,Sagital,"Tira hacia arriba hasta el punto en que el hombro esté alineado con el codos (90 grados). Luego, con con",https://www.youtube.com/watch?v=7ZlgtW8PgVA
90/90 Supine Kettebell Horn Tricep Extension,hecho,Jalar,Peso corporal,Barra de dominadas,Latísimo dorsal,"Bíceps Romboides Sagital movimiento, retrae las escápulas juntas y hacia abajo para involucrar, https://www.youtube.com/watch?v=7ZlgtW8PgVA y tira hacia arriba hasta el punto en que el hombro esté alineado con el codos (90 grados). Luego, con con Extensión de tríceps con pesa rusa en posición supina 90/90 comienza acostado sobre el espalda con las rodillas por encima de las caderas y las espinillas paralelas al suelo (90/90). Extensión de tríceps con pesa rusa en posición supina 90/90 hecha Empujar Carga externa Pesa rusa Tríceps Recto abdominal, flexores de cadera",Sagital,"Otro y empieza con los brazos extendidos directamente sobre el pecho. Para iniciar el movimiento, haz palanca",https://www.youtube.com/watch?v=49jdhC0-MN0
Extensión de tríceps con pesa rusa en posición supina 90/90 hecha,,Empujar,Carga externa,Pesa rusa,Tríceps Recto abdominal,"flexores de cadera Sagital Agarra la pesa rusa por los lados de la manija para que las palmas miren hacia unahttps://www.youtube.com/watch?v=49jdhC0-MN0 otro y empieza con los brazos extendidos directamente sobre el pecho. Para iniciar el movimiento, haz palanca Extensión de tríceps con mancuerna de agarre 90/90 empieza acostado sobre el espalda con las rodillas por encima de las caderas y las espinillas paralelas al suelo (90/90). Extensión de tríceps con mancuerna de agarre 90/90hecho Empujar Carga externa Mancuerna Tríceps Recto abdominal",Sagital,Otra y mantén una fuerza constante de presión hacia adentro desde las manos (aplastar) a lo largo del movimiento,https://www.youtube.com/watch?v=6dqJxwbIrNc
Ab Roll Out,hecho,Núcleo,Peso corporal,Rueda,"Abdominal Recto Abdominal Tríceps,",Dorsal ancho,Sagital,"Mantén este compromiso a lo largo del movimiento. Para iniciar el movimiento, comienza a rodar hacia delante",https://www.youtube.com/watch?v=2Jq47mqx2Xw
Abmat Sit-Up,hecho,Núcleo,Peso corporal,Abmat,Recto Abdominal Flexor de cadera,Hip Flexor,Sagital,"Sobre la cabeza. Para iniciar el movimiento, arquea la parte baja de la espalda y extiende los brazos más como un viento",https://www.youtube.com/watch?v=BgUEFKr8ny4
Abmat Sit-Up,hecho,Núcleo,Peso corporal,Abmat,"Recto Abdominal Flexor de cadera Sagital rodillas apuntando hacia afuera ampliamente (forma de diamante) y los brazos extendidos https://www.youtube.com/watch?v=BgUEFKr8ny4 sobre la cabeza. Para iniciar el movimiento, arquea la parte baja de la espalda y extiende los brazos más como un viento Active Bar Hang comienza agarrando una barra de dominadas con un agarre pronado, manos un poco más separadas que el ancho de los hombros y piernas suspendidas Active Bar Hang refilm Jalar Peso corporal Barra de dominadas Dorsal ancho Tríceps",,Sagital,"DYk barra de dominadas hacia adelante, manteniendo los brazos rectos y vaciándose (hollowing) out por el frente del cuerpo, colocándote en protracción de la escápula y pesadez",https://www.youtube.com/watch?v=HSQlHf
Active Hollow Hold,hecho,Núcleo,Peso corporal,Ninguno,Recto Abdominal Flexores de cadera,Hip Flexors,Sagital,Cabeza y piernas fuera del suelo pero mantén los talones de los pies y la parte inferior,https://www.youtube.com/watch?v=J6dmeF5mmyY
Flexión del Hombro Activa,hecho,Jalar,Peso corporal,Pared,"Deltoides anterior, Trapecio superior Elevador de la escapula,",Bíceps,Sagital,"Tocando la pared, sin que la espalda baja se despegue de la pared. Luego, baja el brazo de nuevo.",https://www.youtube.com/watch?v=grnGZDuVPUY
Extensión torácica activa,hecho,Núcleo,Peso corporal,Ninguno,"Erectores de la columna Latissimus dorsi,",glúteos,Sagital,Pecho y brazos fuera del suelo mientras mantienes tus pies y la cadera frontal en contacto con el suelo. puntos en contacto con el piso. Ejercicio Estado Patrón Tipo Implementación Principal Músculos Principales Trabajados Músculos Secundarios Trabajados Plano Explicación del Ejercicio URL de YouTube,https://www.youtube.com/watch?v=b1SyEep9X1U
Air Squat,,Sentadilla,Peso corporal,Ninguno,"Cuádriceps, Glúteos Isquiotibiales",Hamstrings,Sagital,"Doblando las rodillas y llevándolas hacia adelante mientras se baja la cadera sentando las caderas hacia atrás y hacia abajo, manteniendo la columna lo más vertical posible y los talones plantados a t Airdyne comienza sentado en la máquina con ambos pies en la postura adecuada Monoestructura Airdyne hecha Peso Corporal Airdyne Cuádriceps, Isquiotibiales Deltoides Anteriores, Romboides Sagital pedales y ambas manos sujetando las agarraderas. Para iniciar el movimiento,",https://www.youtube.com/watch?v=lmtBAVuQb3E
Airdyne,,Sentadilla,Peso corporal,Ninguno,"Cuádriceps, Glúteos Isquiotibiales Sagital https://www.youtube.com/watch?v=lmtBAVuQb3E doblando las rodillas y llevándolas hacia adelante mientras se baja la cadera sentando las caderas hacia atrás y hacia abajo","manteniendo la columna lo más vertical posible y los talones plantados a t Airdyne comienza sentado en la máquina con ambos pies en la postura adecuada Monoestructura Airdyne hecha Peso Corporal Airdyne Cuádriceps, Isquiotibiales Deltoides Anteriores, Romboides",Sagital,Comience pedaleando mientras empuja y tira de las agarraderas.,https://www.youtube.com/watch?v=wvigNWUCuk4
Press de Banca con Mancuernas en Declive Alternante hecha,,Empuje,Carga externa,Mancuernas,Pec Minor,Pec Minor,Sagital,Tríceps en algún punto entre supinado y neutro (piensa en una pendiente hacia abajo),https://www.youtube.com/watch?v=EK3tHzgVya8
Press de Banca con Mancuernas en Declive Alternante hecha,,Empuje,Carga externa,Mancuernas,Pec Minor,"Hamstrings, Abductors",Sagital,Hacia una sentadilla curtsy fuera de la superficie elevada. Empuja hacia arriba a través del,https://www.youtube.com/watch?v=4eA08uuktFw
Curtsy con Mancuernas de Déficit Alternante hecha,,Una pierna,Carga externa,Mancuerna,"Glúteos, Cuádriceps Isquiotibiales","Abductores Transverso superficie. Comienza dando un paso una pierna hacia atrás y detrás de la pierna estacionariahttps://www.youtube.com/watch?v=4eA08uuktFw hacia una sentadilla curtsy fuera de la superficie elevada. Empuja hacia arriba a través del pierna de soporte de nuevo a una posición de pie La Remo con Mancuernas en Vuelta Alternante empieza de pie con los pies a la anchura de cadera, sosteniendo una mancuerna en cada mano a los lados. Luego, Remo con Mancuernas en Vuelta Alternante hecha Jalar Carga Externa Mancuerna Latísimo Dorsal, Bíceps Romboides, Erector Spinae",Sagital,"Directamente debajo de los hombros. A continuación, eleva una mancuerna hasta la",https://www.youtube.com/watch?v=FJwZhUfR4XM
Los codos deben estar Curl de Mancuerna Alterno,hecho,Jalar,Carga externa,Mancuerna,"Bíceps, Braquial Braquiorradial",Brachioradialis,Sagital,"Supinación. Para iniciar el movimiento, comienza a girar el codo de un brazo y jala la palma hacia arriba hacia El Press de Empuje con Mancuerna Alterno comienza de pie con una mancuerna en cada mano, colocada justo por encima de los hombros, con las manos en una Deltoides Anteriores, Deltoides Mediales, Press de Empuje con Mancuerna Alterno",https://www.youtube.com/watch?v=b2J2wuZVqKk
Press de Empuje con Mancuerna Alterno,hecho,Empujar,Carga externa,Mancuerna,"Cuádriceps, Glúteos",,Sagital,CSh4hVOg Tríceps generar fuerza y impulso desde los cuádriceps y luego extender,https://www.youtube.com/watch?v=zZ
Thruster con Mancuerna Alterno,hecho,Empujar,Explosividad,Mancuerna,"Tríceps, Isquiotibiales","Triceps, Hamstrings",Sagital,"Tríceps empuja desde los talones para ponerse de pie y extender hacia arriba y presionar un directamente por encima. Con control, lo La Remada con Pesas Ruedas Alterna Inicia sujetando 2 kettlebells en cualquier mano y entrando en una posición de acordeón alta, con brazos cargados Dorsal ancho, Bíceps, Remada con Kettlebell Alterna",https://www.youtube.com/watch?v=NI9qL5UlxUI
Remada con Kettlebell Alterna,hecho,Jalar,Carga externa,Kettlebell,"Bíceps, Deltoides Posteriores","Biceps, Posterior Deltoids",Sagital,"Romboides la parte superior del cuerpo está ya horizontal con el suelo, o a 45 grados",https://www.youtube.com/watch?v=CIg3ERVCUmo
Alternating Kettlebell Thruster,hecho,Empujar,Explosividad,Kettlebell,"Cuádriceps, Glúteos, Deltoides AnterioresTríceps,",Isquiotibiales,Sagital,Través de los talones para levantarte y extenderte hacia arriba mientras empujas un brazo,https://www.youtube.com/watch?v=PStxLm0V3hc
Lleva los,hecho,Jalar,Peso corporal,Ninguno,"Romboides, tríceps",,Frontal,Rmjyv0 Romboides de la espalda. Lleva los brazos de nuevo a la posición de poste y rota el segundo,https://www.youtube.com/watch?v=X-Ul
Alternating Seated Dumbbell Shoulder Press,hecho,Empujar,Carga externa,Mancuerna,Pectoral mayor,Pec Major,Sagital,Tríceps un ángulo de 45 grados y las palmas en ese mismo ángulo. Manteniendo la columna,https://www.youtube.com/watch?v=uPuKk2mspuQ
Manteniendo la columna,hecho,Jalar,Peso corporal,Barra de dominadas,"Recto abdominal, cuádriceps","Rectus Abdominis, Quadriceps",Sagital,Braquial mano libre de nuevo a la barra y quita la otra mano y baja,https://www.youtube.com/watch?v=FPeUg1r4900
Alternating Standing Dumbbell Hammer Curl,hecho,Jalar,Carga externa,Mancuerna,"Bíceps, braquial Braquiorradial",Brachioradialis,Sagital,Cabeza erguida y el core moderadamente activado.,https://www.youtube.com/watch?v=TUhC873MuQ4
V-Up alterno,hecho,Core,Peso corporal,Ninguno,"Recto abdominal, flexores de cadera Cuádriceps",Quadriceps,Sagital,Tus bíceps junto a las orejas.,https://www.youtube.com/watch?v=V6zE3y5yTQ0
Swing con kettlebell americano,hecho,Doblar,Explosividad,Kettlebell,"Isquiotibiales, glúteos, erector de la columna","deltoides anterior, tríceps, core",Sagital,Manejar. Mantén el core contraído y la columna neutral a lo largo de la,https://www.youtube.com/watch?v=0exWZf0C970
Anchored Reverse Crunch,hecho,Núcleo,Peso corporal,Barra,"anclada Recto Abdominis, flexores de la cadera Cuádriceps",Quadriceps,Sagital,"Hacia el pecho, tan alto como puedas y lo más cercano posible al pecho para un máximo compromiso. Luego, suelta los talones hacia abajo t Ejercicio Estado Patrón Tipo Implemento principal Músculos principales trabajados Músculos secundarios trabajados Plano Explicación del ejercicio URL de YouTube",https://www.youtube.com/watch?v=6MuGXqMr7I0
Sit-Up Anclado,hecho,Núcleo,Peso corporal,Mancuerna,"Recto abdominal, flexores de la cadera, Psoas Flexor de la cadera,",psoas,Sagital,"Rodillas. Luego, con control, baja la columna vértebra por vértebra hasta el suelo",https://www.youtube.com/watch?v=sv1RlndwPTA
Sit-Up Anclado con Peso,hecho,Núcleo,Carga externa,Mancuerna,"Recto abdominal, flexores de la cadera, Psoas Cuádriceps",Quadriceps,Sagital,Sujeta los lados con peso de la mancuerna y mantenla pegada al pecho con,https://www.youtube.com/watch?v=Zk-P8eixc6s
CAR de tobillo,hecho,Una pierna,Estabilidad,Ninguno,"Gastronemio, tibial, sóleo Tendón de Aquiles",Achilles Tendon,Transversal,Parte posterior de la pierna y manteniendo un agarre en gancho.,https://www.youtube.com/watch?v=AMTX0Bv6l78
Al realizar estos,hecho,Una pierna,Carga externa,Kettlebell,"Cuádriceps, Isquiotibiales glúteo mayor, Deltoides posteriores, trapecio superio",r Sagital con una kettlebell en cada mano en la posición de rack,Frontal,"Banda envuelta alrededor de la pantorrilla, de pie lo suficientemente lejos para sentir una",https://www.youtube.com/watch?v=Jyah1ostgxw
Sentadilla Dividida RNT Anterior,hecho,Una pierna,Carga externa,Banda,"Cuádriceps, Isquiotibiales glúteo mayor, Isquiotibiales banda atada a una barra vertical y el otro extremo de la banda envuelto",Hamstrings,Sagital,"Suficientemente atrás para comenzar con tensión en la banda. Para iniciar el movimiento, comienza a flexionar en el",https://www.youtube.com/watch?v=QbI2hUGQ0Wk
Atarás una banda elástica a la barra en Sentadilla dividida anti-rotación,hecho,Una pierna,Carga externa,Banda,"Cuádriceps, glúteo mayor, Isquiotibiales Flexores de cadera",Hip Flexors,Sagital,"Comienza con el pie derecho adelante y el izquierdo atrás en una estocada de rodillas pEl Arch Hold comienza acostado boca abajo en el suelo, con las piernas extendidas y Arch Hold",https://www.youtube.com/watch?v=Q2dudMVw9eE
Arch Hold,hecho,Core,Peso corporal,Ninguno,"Recto abdominal, erector de la columna Dorsal Deltoides ancho","escápulas, parte posterior Sagital brazos movimiento, extendidos empuja por encima los puntos de la cabeza,",Frontal,"Pecho, las piernas y los brazos fuera del suelo y mantén.",https://www.youtube.com/watch?v=wQdKFbKKjcI
Arch Rock,hecho,Core,Peso corporal,Ninguno,"Recto abdominal, erector de la columna Dorsal Deltoides ancho","escápulas, parte posterior Sagital brazos extendidos por encima de la cabeza, con las palmas hacia abajo. Para iniciar el movimiento, empuja los puntos",Frontal,"Pecho, las piernas y los brazos fuera del suelo manteniendo esta forma, comienza a balancear el cuerpo hacia adelante y hacia atrás contra el suelo de manera constante.",https://www.youtube.com/watch?v=7eluESd2YaI
Dominada Archer,re-film,Jalar,Peso corporal,Barra de dominadas,"Dorsal ancho, bíceps Escápulas, tríceps",,Frontal,"LAfPo manteniéndolo recto y encontrando una pequeña rotación interna a través del hombro. Luego,",https://www.youtube.com/watch?v=wAdyK
Flexión Archer,hecho,Empujar,Peso corporal,Ninguno,"Pecho mayor, Deltoides anteriores Tríceps,",Recto abdominal,Frontal,"Las puntas de los dedos, tensa el core y comienza a empujar desde el suelo, con",https://www.youtube.com/watch?v=Wbgwx1lpYfo
Archer Ring Pull-Up,re-film,Jalar,Peso corporal,Anillos,"Dorsal ancho, Bíceps, Romboides Escápulas,",Tríceps,Frontal,"Recto, . y encontrando una ligera rotación interna en el hombro. Luego",https://www.youtube.com/watch?v=g62uFt0ZW20
Archer Ring Push-Up,hecho,Empujar,Peso corporal,Anillos,"Pecho Tríceps mayor, Deltoides anteriores, Escápulas pero con las manos aferradas a los anillos de gimnasia",con las asas de los anillos justo,Frontal,Palmas mirándose entre sí.,https://www.youtube.com/watch?v=RB1EfKwh4dY
Superman detenido,hecho,Core,Peso corporal,Ninguno,"Erector espinal, Glúteos Dorsal Deltoides","ancho, Isquiotibiales Escápula, Espalda遙 Sagital extendidas y manos entrelazadas detrás de la cabeza con codos abiertos ancha. Para iniciar el movimiento, empuja los puntos de la cadera",Frontal,"Suelo y levanta el pecho, las piernas y los brazos alejándolos del suelo y mantén.",https://www.youtube.com/watch?v=WLbgib8o86w
Sentadilla cosaca asistida,hecho,Una pierna,Peso corporal,Barra,"anclada Glúteos, Erectores, Isquiotibiales, Cuádriceps Espinal Trapecios las manos aferradas a una barra vertical delante del cuerpo. Para iniciar el",Traps,Frontal,Bajar la barra para obtener ayuda mientras haces la sentadilla y mantén el talón de cuando te agachas,https://www.youtube.com/watch?v=P2rVFn2DfxQ
Dips asistidos con compañero,hecho,Empujar,Peso corporal,barra,"de dips Pectoral mayor, deltoides anterior Tríceps, Abdominale","s Supraespinoso, Recto",Sagital,"Palmas debajo de las espinillas. Para iniciar el movimiento, baja el cuerpo",https://www.youtube.com/watch?v=pS2NAn-ygAI
Handstand asistido en posición libre,hecho,Empujar,Peso corporal,Ninguno,"Tríceps, Abdominales, Extensores Deltos del antebrazo, Recto dGslutes",dGslutes,Sagital,Cara a ellos) para dar retroalimentación táctil a las piernas de modo que el cuerpo permanezca en la alineación correcta. Ejercicio Estado Patrón Tipo Implemento principal Músculos principales trabajados Músculos secundarios trabajados Plano Explicación del ejercicio URL de YouTube,https://www.youtube.com/watch?v=AI4eHdoEGPI
Airplane de cadera asistido,hecho,Flexión,Peso corporal,Barra,"anclada Flexores de cadera, abductores, aductores",glúteos,Transversal,"Las caderas para llevar la pierna elevada a apilarse sobre la pierna de apoyo anclada. El Muscle-Up asistido en anillas requiere un observador. Para prepararte, agarra un par de anillas de gimnasia y encuentra tu agarre falso, donde los antebrazos pueden sujetar Muscle-Up asistido en anillas regrabar Jalar Peso corporal Anillas Dorsal ancho, bíceps, tríceps Escápulas, pectoral mayor, tríceps Sagital las anillas también. Con tu observador sujetando tus piernas y ayudando a",https://www.youtube.com/watch?v=HB6N3qzD5N4
Assisted Ring Muscle-Up,hecho,Flexión,Peso corporal,Barra,"anclada Flexores de cadera, abductores, aductores","glúteos Transversal línea con la parte superior del cuerpo, de modo que el torso y la pierna elevada estén paralelos con el suelo. Para iniciar el movimiento, comienza a rotar a través de https://www.youtube.com/watch?v=HB6N3qzD5N4 las caderas para llevar la pierna elevada a apilarse sobre la pierna de apoyo anclada. El Muscle-Up asistido en anillas requiere un observador. Para prepararte, agarra un par de anillas de gimnasia y encuentra tu agarre falso, donde los antebrazos pueden sujetar Muscle-Up asistido en anillas regrabar Jalar Peso corporal Anillas Dorsal ancho, bíceps, tríceps Escápulas, pectoral mayor, tríceps",Sagital,"Impulsarte hacia arriba, comenzarás a subir manteniendo los codos cerca de el cuerpo, y luego, con",https://www.youtube.com/watch?v=en91Csr2VU8
El punto principal Colgado pasivo asistido,hecho,Jalar,Peso corporal,Barra de dominadas,"Dorsal ancho, escápulas, bíceps","tríceps, romboides",Sagital,"Suficientemente, o coloca una caja debajo de la barra para que los dedos puedan apoyarse",https://www.youtube.com/watch?v=GMiQ0rx99dc
Sentadilla pistol asistida,hecho,Pierna única,Peso corporal,Banda,"Cuádriceps, Tibial glúteos, isquiotibiales, Gastrocnemio sujetan una banda elástica con asas. Comienza levantando un pie del",Gastrocnemius,Sagital,Hasta el fondo de la sentadilla sobre la pierna de apoyo. Las asas en,https://www.youtube.com/watch?v=SEWsBHDVWig
Sentadilla ATG,hecho,Sentadilla,Carga externa,Barra,"Cuádriceps, glúteos, isquiotibialesErectores espinales",Erector Spinae,Sagital,"Hasta que los isquiotibiales toquen la parte posterior de las pantorrillas, sin redondear la",https://www.youtube.com/watch?v=lFMEWK9nJHg
Sentadilla dividida ATG,hecho,Una pierna,Peso corporal,Disco,"Cuádriceps, glúteos, isquiotibiales, Erectores espinales, tibial anterio",r Flexores de cadera,Sagital,Movimiento impulsando las caderas y la rodilla delantera hacia adelante y bajando la rodilla trasera,https://www.youtube.com/watch?v=SpOUihF3DCw
Piedra Atlas al hombro volver a grabar,,Flexión,Carga externa,Piedra,"Atlas Isquiotibiales, glúteos, erectores espinales","bíceps, dorsal ancho, oblicuos,",Sagital,"Manteniendo la espalda recta, llevando el torso paralelo al suelo, y p",https://www.youtube.com/watch?v=fcRXtB629Gc
Press de banca con barra gruesa,hecho,Empuje,Carga externa,Barra,"gruesa Pectoral Tríceps mayor, deltoides anterior, Recto abdominal",Rectus Abdominis,Sagital,"Permite . que los codos se abran a unos 45 grados del cuerpo. Luego, empu",https://www.youtube.com/watch?v=YEyzfnNUGqI
Las manos Peso muerto con barra gruesa,hecho,Flexión,Carga externa,Barra,"gruesa Isquiotibiales, erectores espinales, glúteos","cuádriceps, dorsal ancho",Sagital,"Levantas una carga pesada). Flexiona las caderas, dobla las rodillas y levanta",https://www.youtube.com/watch?v=UTRCue9rGaE
Sentadilla frontal con barra gruesa,hecho,Sentadilla,Carga externa,Barra,"gruesa Cuádriceps, glúteos, isquiotibiales Pantorrillas, Abdominales erectores espinales, rect",o Sagital en la posición de rack,Frontal,"Las rodillas hacia adelante y hacia afuera mientras llevas las caderas hacia atrás y hacia abajo hasta tu profundidad cómoda, manteniendo la columna vertebral vertical en todo momento. Luego, con control, b",https://www.youtube.com/watch?v=h8b8IfygQac
Press con barra de eje,hecho,Empuje,Carga externa,Barra,"de eje Deltoides anteriores, tríceps Trapecio,",pectoral menor,Sagital,Los nudillos hacia el techo y extiende los brazos y la barra de eje,https://www.youtube.com/watch?v=BwydffJ1oS0
Sostén de yugo en rack trasero,hecho,Núcleo,Carga externa,Barra,"de yugo Recto abdominal, dorsal ancho Glúteos, isquiotibiales, Dorsal, trapecio, erectore",s Cuádriceps,Sagital,Erguido y levanta el rack del suelo y mantén esta posición cargada externamente,https://www.youtube.com/watch?v=xaOgMEYRAag
Caminata con yugo en rack trasero,hecho,Núcleo,Carga externa,Barra,"de yugo Núcleo, cuádriceps, glúteos Dorsal Deltoides ancho,","anteriores erectores espinales,",Sagital,"Erguido y levanta el rack del suelo. Luego, con control, camina",https://www.youtube.com/watch?v=QY3p0qgB8cg
Back Squat,hecho,Sentadilla,Carga externa,Barra,"Cuádriceps, glúteos, isquiotibiales Gemelos,","Abdominales erectores espinales, recto",Sagital,Llevando las rodillas hacia adelante y hacia afuera mientras mantienes la espalda recta.,https://www.youtube.com/watch?v=KALH2cf29w8
Back Supported Alternating Dumbbell Shoulder Press,hecho,Empuje,Carga externa,Mancuerna,"Deltoides anteriores, tríceps Trapecio,",pectoral,Sagital,"Mancuernas justo por encima de los hombros y los codos flexionados. Para iniciar el movimiento, comienza elevando una mancuerna por encima de la cabeza y lentamente lo Ejercicio Estado Patrón Tipo Implementación principal Músculos principales trabajados Músculos secundarios trabajados Plano Explicación del ejercicio URL de YouTube",https://www.youtube.com/watch?v=VxTdZWGiWRo
Back Supported Dumbbell Shoulder Press,hecho,Empujar,Carga externa,Mancuerna,"Deltoides anteriores, tríceps Recto abdominal",Rectus Abdominis,Sagital,Justo por encima de los hombros y con los codos doblados.,https://www.youtube.com/watch?v=NZtnoU301Qk
Back Supported Kettlebell Shoulder Press,hecho,Empujar,Carga externa,Pesa rusa,"Deltoides anteriores, tríceps Trapecio,",Pectoral mayor,Sagital,"Posición de rack cerca de los hombros. Para iniciar el movimiento, begi",https://www.youtube.com/watch?v=rg0s9S5e44Y
Similar a la Carrera hacia atrás,hecho,Locomoción,Peso corporal,Ninguno,"Cuádriceps, pantorrillas Isquiotibiales",Hamstrings,Sagital,"Pies, la carrera hacia atrás se realiza a un ritmo más rápido.",https://www.youtube.com/watch?v=wA3aDIcAU6Q
Para iniciar el Caminata hacia atrás,hecho,Locomoción,Peso corporal,Ninguno,"Cuádriceps, pantorrillas Isquiotibiales",,Sagital,RuIGN5sGM,https://www.youtube.com/watch?v=J
Band Assisted Glute Ham Raise,hecho,Jalar,Carga externa,GHD,"Isquiotibiales, glúteos, pantorrillas Erector Spinae",Erector Spinae,Sagital,"Hombros. Empezando en una posición alta de rodillas, con la banda en su lugar, tú’",https://www.youtube.com/watch?v=TgeiXPgrx3Q
Band Pull Apart,hecho,Tirar,Carga externa,Banda,"Deltoides, Latissimo Dorsi Tríceps Transverso con los brazos extendidos. Para iniciar el movimiento",comienza a retraer el,,"Escápulas y tira de las manos en un arco ancho hacia los lados, manteniendo los brazos rectos y un",https://www.youtube.com/watch?v=cWYVl3WFVb8
Band Pull Through,hecho,Doblar,Carga externa,Banda,"Glúteos, Isquiotibiales Peequeños de pantorrilla","Erector de la glúteos y frente al cuerpo donde las manos tomarán un agarre neutral columna,",Sagital,"Pasos alejándote de la barra para empezar con un poco de tensión. Para iniciar el mo Las A incorporadas comienzan con una banda enrollada alrededor de una barra vertical a aproximadamente nivel de pecho. Agarra los extremos de la banda en cada mano, manteniendo un neutral A incorporadas",https://www.youtube.com/watch?v=6P8gi9vRrS0
Banded A's,hecho,Jalar,Carga externa,Banda,"Deltoides, Latissimo Dorsal Tríceps,",Romboides,Sagital,"Forma de 'A', tirarás de las bandas hacia atrás y hacia abajo por los costados, y vendrás más ancho que donde comenzaste. Regresa a la posición inicial El squat de aire con banda requiere dos bandas. Llevarás cada una como una ‘cintura’ Sentadilla de aire con banda",https://www.youtube.com/watch?v=jjleeeQ5vig
Sentadilla de aire con banda,hecho,Sentadilla,Carga externa,Banda,"Cuádriceps, Flexores Isquiotibiales, Cadera Pantorrillas en eso envolverás una banda alrededor de un pie y alrededor del cuerpo en",Calves,Sagital,"Pie, y sobre los hombros opuestos, de modo que se vea como una forma de X",https://www.youtube.com/watch?v=GmjyMFHJDEQ
Banded Bar Muscle-Up,re-film,Jalar,Carga externa,Barra de dominadas,"Latísimo Dorsal, Anterior Deltoides, Tríceps Bíceps",Biceps,Sagital,"Band. Para iniciar el movimiento, al igual que una dominada, comience a tirar del parte inferior del Press de banco con bandas requiere dos bandas sujetas a cada extremo de la barra. Con un lazo que rodea el extremo de la barra y otro lazo Press de banco con bandas",https://www.youtube.com/watch?v=QuvrFa-Hd-c
Con un lazo que rodea el extremo de la barra y otro lazo Press de banco con bandas,hecho,Empuje,Carga externa,barra,"Pectoral, Tríceps Deltoides anteriores, Pec menor, Serrato anterior",,Sagital,"AIx8 en cualquiera de los extremos de la barra y anclado a mancuernas, comience igual que un press de banca con barra normal. Las manos deben estar a aproximadamente la anchura de los hombros separadas a",https://www.youtube.com/watch?v=Zv8k9n
Las manos deben estar a aproximadamente la anchura de los hombros separadas a,hecho,Jalar,Carga externa,Bandas,"Dorsal ancho, Posterior Deltoides, Romboides Trapecio","Serrato posterior Transverso agarre posición neutro. de bisagra De pie (o inclinada) sobre la kettlebell, doblando la bajarás cintura a para una acercar posición el alta pecho",,Hacia el suelo manteniendo la columna recta. Para iniciar el movimiento,https://www.youtube.com/watch?v=pM8FoGg0lMk
Empiece a girar en la Remo con banda inclinado,hecho,Jalar,Carga externa,Bandas,"Bíceps, Latísimo Dorsi Dorsal ancho,",Erector de la columna,Sagital,"Eleva las bandas hacia la caja torácica y aprieta. Luego, con control, baja la mano con banda Curls de bíceps con banda inician en una posición de pie neutral alta, con una Curl de bíceps con banda",https://www.youtube.com/watch?v=Bs0GE7Z1uo4
Curl de bíceps con banda,hecho,Jalar,Carga externa,Bandas,"Bíceps Deltoides Abdominales anteriores, Tríceps",", Recto",Sagital,"Las caderas. Para iniciar el movimiento, manteniendo los codos fijados a las costillas, comienza a hinge en el",https://www.youtube.com/watch?v=Jb8-qTipmWA
Sentadilla frontal con peso corporal,hecho,Sentadilla,Carga externa,Bandas,"Cuádriceps, isquiotibiales, cadera Flexores Cábelos","Erector de la columna Sagital colocar por encima la otra de vuelta los hombros, sobre las palmas con los de codos las manos apuntando con los hacia dedos afuera girados (rack hacia",Frontal,"Posición). Mantén la columna recta y la coronilla de la cabeza alta, comienza a descender Presión estricta con peso corporal con banda empieza en una posición de pie haciendo un bucle una parte de la banda debajo de los pies y trayendo la otra parte Presión estricta con peso corporal con banda hecha Empuje Carga externa Banda Deltoides anteriores, Tríceps Recto abdominal Sagital de la banda a las palmas en una posición pronada, a nivel del hombro. Para",https://www.youtube.com/watch?v=CFmwiAzdsQM
Banded Bodyweight Strict Press,hecho,Sentadilla,Carga externa,Bandas,"Cuádriceps, isquiotibiales","cadera Flexores Cábelos, Erector de la columna Sagital colocar por encima la otra de vuelta los hombros, sobre las palmas con los de codos las manos apuntando con los hacia dedos afuera girados (rack hacia frontal atrás, derecha https://www.youtube.com/watch?v=CFmwiAzdsQM posición). Mantén la columna recta y la coronilla de la cabeza alta, comienza a descender Presión estricta con peso corporal con banda empieza en una posición de pie haciendo un bucle una parte de la banda debajo de los pies y trayendo la otra parte Presión estricta con peso corporal con banda hecha Empuje Carga externa Banda Deltoides anteriores, Tríceps Recto abdominal",Sagital,"Mantén esto estricto, asegúrate de que la parte inferior del cuerpo y el tronco permanezcan inmóviles a lo largo del movimiento.",https://www.youtube.com/watch?v=9gBP8Kz4rgQ
Banded Chainsaw Row,hecho,Jalar,Carga externa,Cinta/Banda,Deltoides,Deltoids,Sagital,Bíceps entre los pies y sujetar tanto la banda de resistencia como la,https://www.youtube.com/watch?v=0EFzZ8-FPQ0
Banded Chest Fly,hecho,Empuje,Carga externa,Bandita/Banda,"Pectoral, Deltoides Anteriores Recto Abdominal Transverso a la altura del hombro. Agarra el extremo de una banda en cada mano. Da un paso",Rectus Abdominis,,Hacia adelante un par de pasos para comenzar con algo de resistencia y mantener un posición dividida con ambos talones en el suelo. Comienza con los brazos extendidos hacia adelante,https://www.youtube.com/watch?v=dii63Gtove0
Press de Pecho en Piso con Banda,hecho,Empuje,Carga externa,Banda,Recto Abdominal,Rectus Abdominis,Sagital,"Tríceps del cuerpo, con las palmas por encima del codo. Para iniciar el movimiento, golpea los nudillos rectos hacia el techo. Luego, lentamente El Corte de Alto a Bajo con Banda requiere una banda atada a una barra vertical o estante que está anclado al suelo, con la banda atada un poco más arriba que la altura del hombro. Comienza de pie con las manos entrelazadas Corte de Alto a Bajo con Banda",https://www.youtube.com/watch?v=kU5wXRcohsQ
El Corte de Alto a Bajo con Banda requiere una banda atada a una barra vertical o,hecho,Núcleo,Carga externa,Banda,"Transverso Abdominal, Oblicuos Recto Abdominal Transverso",,,"AtGX30 al final de la banda, de pie de forma perpendicular al ancla punto, y dando un paso ligeramente hacia fuera para comenzar con un poco de resistencia.",https://www.youtube.com/watch?v=ZmbI
Curl Invertido a Presión,hecho,Núcleo,Carga externa,Band,Tríceps,Triceps,Sagital,"Deltoides anteriores contrae el core. Para iniciar el movimiento, flexiona las manos con banda hacia arriba hacia los hombros, bri El Peso Muerto con banda se configura pasando cada extremo de una banda por encima de un peso cargado barra en el suelo, con los bucles un poco más separados que el ancho de los hombros- ancho (justo fuera de donde irán las manos). El holgura libre de Peso Muerto con Banda",https://www.youtube.com/watch?v=eA2y6jLtCSE
Banded Deadlift,hecho,Doblar,Carga externa,Barrra,"Isquiotibiales, Erector de la columna, Glúteos","Cuádriceps, Latissimus Dorsi",Sagital,"Banda pasará debajo de los pies, con los pies a una anchura de cadera aproximadamente separados. Comienza con la barra con banda alineada sobre las puntas de los pies.",https://www.youtube.com/watch?v=SuioXcSXU40
Dislocación con Banda,hecho,Jalar,Carga externa,Band,"Deltoides anteriores, Trapecio Tríceps,",Bíceps,Sagital,"Mayor parte rectos a lo largo, comienza a jalar la banda hacia adelante, fuera de frente del pecho, por encima de la h La Press de Banca con Mancuernas con Banda requiere colocar una banda entre el banco y la parte superior de la espalda, con los extremos de la banda anudando Pectoral, Deltoides anterior, alrededor de ambas agarraderas de las mancuernas. Agarra ambas asas y la banda en Press de banca con mancuerna y banda",https://www.youtube.com/watch?v=ddGqVY8mdKE
La Press de Banca con Mancuernas con Banda requiere colocar una banda entre,hecho,Empujar,Carga externa,Mancuerna,Serrato anterior,Serratus Anterior,Sagital,"Tríceps el asa para seguridad. Comienza con los codos flexionados y las pesas próximas sobre el pecho. Para iniciar el movimiento, eleva las pesas por encima del pecho",https://www.youtube.com/watch?v=GsMDLcWI7GY
Banded Dumbbell Fly,hecho,Empujar,Carga externa,Mancuerna,"Pectoral, Deltoides anteriores Serrato anterior Transverso",Serratus Anterior,,"Con las palmas sobre la parte superior de la banda. Comienza con los brazos extendiéndose hacia los lados a la altura de los hombros, con un ligero flexión de los codos",https://www.youtube.com/watch?v=JTJwX0tI1MA
Banded Face Pull Apart,hecho,Jalar,Carga externa,Banda,Deltoides Mediales,Medial Deltoids,Sagital,"Trapecio brazos y banda a la altura de la cabeza, con los brazos mayormente extendidos.",https://www.youtube.com/watch?v=QQiqvpvVkeI
Face Pull con banda a Y,hecho,Jalar,Carga externa,Banda,"Trapecio, Deltoides Mediales","Trapezius, Medial Deltoids",Transversal,"Deltoides anteriores a la altura del hombro, da unos pasos hacia atrás para comenzar con una ligera tensión. Similar a un face pull normal, comenzarás el movimiento tirando de la codo El deslizamiento de rodillo de espuma con banda requiere una theraband, rodillo de espuma y pared. Coloca la theraband en el dorso de las manos o muñecas y mantén Deltoides anteriores, Deltoides mediales, tensión isométrica constante moviéndose lateralmente. Lleva los codos hacia arriba hasta Deslizamiento de rodillo de espuma con banda",https://www.youtube.com/watch?v=v9B1kWFSIc0
Banded Foam Roller Wall Slide,hecho,Empujar,Carga externa,Rodillo de espuma,Tríceps,Triceps,Sagital,"Serrato a la altura del hombro, con las muñecas alineadas sobre los codos, y coloca un",https://www.youtube.com/watch?v=S6-pZonbMfA
Rana con banda,hecho,Flexión,Carga externa,Banda,Recto abdominal,Rectus Abdominis,Sagital,"Abductores, Ingle barras. Para colocarte en la posición inicial, junta las plantas de los pies",https://www.youtube.com/watch?v=Z2U4zwF9j0g
Para Frog Pump con banda,hecho,Flexión,Carga externa,Banda,Recto abdominal,Rectus Abdominis,Sagital,"Ingle, Flexores de cadera inicia el movimiento, aprieta los glúteos y eleva las caderas del suelo, manteniendo la tensión en la banda moviéndose lateralmente. Luego, con control, El golpe oblicuo en GHD con banda comienza sentado sobre el acolchado del GHD y deslizando los pies hacia el punto de anclaje, con las puntas de los dedos apuntando hacia arriba. Envuelve Oblicuos, Recto Abdominal, Puno oblicuo con banda GHD",https://www.youtube.com/watch?v=qhOoaW8ynKA
Puno oblicuo con banda GHD,hecho,Núcleo,Carga externa,GHD,"Pectoral, Deltoides anterior",,Sagital,"Dnohg Tríceps mano, haciendo puños sobre la banda.",https://www.youtube.com/watch?v=I
Empuje de cadera con banda re-film (,re-film,Doblar,Carga externa,Bandas,"Glúteos, Isquiotibiales Cuádriceps, Flexores de cader",a Sagital las anuda caderas los alineadas dos extremos con las de barras la banda y una banda bajo las colocada barras sobre verticales la parte y,Frontal,"Hacia afuera lateralmente, a nivel de los hombros, con las palmas hacia abajo para la estabilidad. Para",https://www.youtube.com/watch?v=z8z0biVVaQY
Marcha de Glúteo con banda,hecho,Una pierna,Carga externa,Bandas,"Glúteos, Erector Isquiotibiales, espinal Flexores de cadera, Gemelos",Calves,Sagital,Estés puenteado. Mantén los pies a aproximadamente la anchura de las caderas. Comienza levantando una rodilla,https://www.youtube.com/watch?v=DmAnlts-XBw
Sentadilla Goblet con banda,hecho,Sentadilla,Carga externa,Pesa rusa,"Cuádriceps, Glúteos, Flexores de cadera Recto Abdominis, Erectore",s Espinales,Sagital,Pesa rusa en el pecho y la parte libre de la banda debajo de la pies.,https://www.youtube.com/watch?v=9mklrUcruWk
Pase una punta de la banda detrás del cuello y la Buen Día con banda,hecho,Doblar,Carga externa,Bandas,"Isquiotibiales, Erectores Espinales, Glúteos","Cuádriceps, Latísimo Dorsi",Sagital,"Debajo de los pies. Agarra la banda como si sujetaras correas de una mochila, con los codos doblados. Mantén el pecho alto, columna neutral y sho",https://www.youtube.com/watch?v=SwH5jSojKoo
Hammer Curl to Press,hecho,Núcleo,Carga externa,Banda,"Recto Deltoides Abdominis, anteriores Bíceps, Tríceps pies y el otro lazo sujeto con las manos",con las palmas mirando,Sagital,"Core. Para iniciar el movimiento, flexiona las manos con banda hacia los hombros, manteniendo las palmas enfrentadas, luego, empuja El . Remo Alto con Banda se prepara atando primero una banda alrededor de una barra de dominadas. Remo alto con banda",https://www.youtube.com/watch?v=UjGhQDCFuWo
Remo alto con banda,hecho,Jalar,Carga externa,Banda,"Dorsal Deltoides ancho, bíceps, posterior Erectores espinales Para adoptar la posición inicial","siéntate en el suelo, manteniendo las",Sagital,"Cada mano en posición neutral con las palmas enfrentadas,",https://www.youtube.com/watch?v=y-hpKo2PefI
Rotación externa de cadera con banda,hecho,Una pierna,Estabilidad,Banda,"Psoas, flexores de cadera, ingle Abductores",Abductors,Transversal,"Pierna trasera está atada con la banda a la altura del muslo, donde la otra parte de la banda está sujeta a una barra anclada lo suficientemente lejos para que haya tensión en la banda",https://www.youtube.com/watch?v=uUhVJPJijoM
Flexión de cadera con banda,hecho,Una pierna,Estabilidad,Banda,"Flexores de cadera, psoas, cuádriceps Erectores espinales",Spinal Erectors,Sagital,Elevar una rodilla hacia arriba y adelante para que la pierna esté en un ángulo de 90-90 en la cadera,https://www.youtube.com/watch?v=-YA5TloO4Yo
Hip thrust con banda y hombros elevados,hecho,Flexión,Carga externa,Banda,"Glúteos, isquiotibiales Recto abdominal",Rectus Abdominis,Sagital,"Dos barras verticales. Con las caderas alineadas con las barras y una banda colocada sobre la parte frontal de las caderas, mira El Press de Banca Inclinado con Banda requiere un soporte para barra, una barra y dos bandas. Coloca una banda de resistencia en la base del soporte de barra Press de banca inclinado con banda",https://www.youtube.com/watch?v=SzsUB9r6504
Banded Incline Bench Press,hecho,Empuje,Carga externa,Barra,"Pectorales, Tríceps deltoides anteriores, Recto Anterior abdominal,",serrato,Sagital,Saca el peso con los brazos extendidos sobre la parte superior del pecho. WEl Press de Banca Inclinado con Mancuernas y Banda requiere un banco inclinado (aproximadamente Press de Banca Inclinado con Mancuernas y Banda,https://www.youtube.com/watch?v=38L89ItaFM8
Press de Banca Inclinado con Mancuernas y Banda,hecho,Empuje,Carga externa,Mancuerna,"Pectoral, Tríceps Deltoides Anteriores, Recto Anterior Abdominal,",Serrato,Sagital,"Sujeta tanto el mango como la banda en el mango para mayor seguridad. Comienza con los codos doblados y las pesas cerca de la parte superior de la caja torácica justo debajo de El Jalón de Espalda con Banda se prepara primero atando dos bandas alrededor de una barra de dominadas, más anchas que el ancho de los hombros, y pasando un tubo de PVC Jalón de Espalda con Banda",https://www.youtube.com/watch?v=76yCAzqjwps
PVC Jalón de Espalda con Banda,hecho,Jalar,Carga externa,Banda,"Dorsal Ancho, Bíceps Erectores Espinales",Erector Spinae,Sagital,"Comienza sentado en el suelo, ligeramente detrás de la barra de dominadas, con",https://www.youtube.com/watch?v=EYg2AdanBCw
Estiramiento de Espalda con Banda,hecho,Flexión,Estabilidad,Banda,"Dorsal Ancho, Deltoides Anteriores",Erectores Espinales,Sagital,"Pie, con los pies separados al ancho de las caderas, comienza a flexionar desde la cadera, manteniendo la columna recta, hasta que la parte superior del cuerpo esté paralela al suelo y la b La Flexión Lateral con Banda requiere una barra vertical y una banda. Pasa la banda alrededor de la barra a la altura del tobillo y toma el extremo libre de la banda Flexión Lateral con Banda",https://www.youtube.com/watch?v=Pmp4dJTRoEU
Desde,hecho,Flexión,Carga externa,Banda,"Oblicuo, Recto Abdominal Serrato",Serratus,Frontal,Paso lateral suficiente para comenzar con tensión en la banda. Lleva tu mano libre detrás de la cabeza.,https://www.youtube.com/watch?v=QW3z7WCCeD8
Pasa Step Up Lateral con Banda,hecho,Una pierna,Carga externa,Banda,"Cuádriceps, Oblicuos Recto Abdominal, Transverso Abdominal",Transverse Abdominis,Frontal,"Barra. Da un paso lateral lejos de la barra para empezar con algo de tensión. El Ejercicio Estado Patrón Tipo Implementación principal Músculos principales trabajados Músculos secundarios trabajados Plano Explicación del ejercicio URL de YouTube La , extensión de piernas con banda requiere una banda pasada alrededor de una barra vertical, cerca de la parte inferior de la barra, o a nivel del tobillo. Coloca un banco",https://www.youtube.com/watch?v=UHz8azpZg3Y
Extensión de piernas con banda,hecho,Empujar,Carga externa,Bandas,"Cuádriceps, tibial anterior Isquiotibiales",Hamstrings,Sagital,Parte inferior de las espinillas. Asegúrate de estar lo suficientemente lejos de la barra,https://www.youtube.com/watch?v=gUZshzSamkY
Banded March,hecho,Una pierna,Carga externa,Banda,"Glúteos, Psoas Isquiotibiales, Flexores de cadera, Recto abdominal barras verticales","una barra frente al pecho y otra detrás de la espalda,",Sagital,Extremo superior suelto y átalo al cinturón de pesas. Para ayudar a mantener la columna,https://www.youtube.com/watch?v=T9tDwmfL0pA
Giro oblicuo con banda,hecho,Núcleo,Carga externa,Banda,"Oblicuos Abdominales externos, Transverso Recto abdominal barra vertical a aproximadamente la parte inferior de la altura del pecho. Entrecruza los Transverso manos sobre la banda",y aléjate lo suficiente de la barra para comenzar,,Con tensión. Con los pies colocados un poco más separados que la altura de las caderas,https://www.youtube.com/watch?v=J6Ah54RiCh8
Con los pies colocados un poco más separados que la altura de las caderas,hecho,Núcleo,Carga externa,Banda,"Oblicuos, Recto abdominal, Abductores Transverso del abdomen",,Frontal,Extendidos y las manos frente al pecho durante toda la movimiento. Mantén,https://www.youtube.com/watch?v=gTTilQOc5
Banded Plank,hecho,Núcleo,Carga externa,Banda,"Recto Abdominales abdominal, Transverso Oblicuos Oblicuos internos,",Externos,Sagital,Enrollada debajo de las palmas y alrededor de la espalda.,https://www.youtube.com/watch?v=6ibWr3Z6Ayo
Banded Plank Row,hecho,Jalar,Carga externa,Banda,"Dorsal ancho, Recto Abdominal, Serrato Oblicuos",Obliques,Sagital,Alcanza un extremo libre de la banda y extiende el brazo todo lo posible,https://www.youtube.com/watch?v=cN1p-MGgdzE
Rotación interna de cadera en prono con banda,hecho,Jalar,Carga externa,Banda,"Flexores Isquiotibiales de cadera, ingle, cuádriceps, Pantorrillas",,Frontal,"KqRpC7g Luego, con control, lleva los bordes internos de los pies de vuelta uno hacia el otro. otro",https://www.youtube.com/watch?v=6nS
Flexión de hombro en prono con banda,hecho,Jalar,Carga externa,Banda,"Deltoides, Trapecio romboides, parte superior Dorsal ancho,",escápulas,Sagital,Suelo y presiona tus caderas contra el suelo. Sujeta la barra con las manos un poco más separadas que el ancho de los hombros y lleva la barra a la posición inicial,https://www.youtube.com/watch?v=fqYx9UjwhyY
Banded Supine Psoas March,hecho,,Carga externa,Banda,"Psoas, Isquiotibiales flexores de cadera, cuádriceps, Recto abdominal",Rectus Abdominis,Sagital,Lleva la pierna en movimiento de vuelta a la posición inicial.,https://www.youtube.com/watch?v=3ImsONRu-cM
Separación con banda,hecho,Jalar,Carga externa,Banda,"Deltoides, Latísimo Dorsi Tríceps Transverso aproximadamente a la anchura de los hombros. Para iniciar el movimiento",abrir lateralmente,,"Los , brazos hacia fuera, para alinearse con los hombros y el cuerpo lateral, apretando las escápulas juntas Banded Pull Through requiere una banda de resistencia que se ate alrededor de un barra anclada verticalmente, a la altura de la espinilla. Similar a un giro alto Banded Pull Through",https://www.youtube.com/watch?v=arCKkoY9aiU
Banded Pull Through requiere una banda de resistencia que se ate alrededor de un,hecho,Doblar,Carga externa,Banda,"Flexores de la cadera, Erector de la columna, Isquiotibiales Romboides, Rect",o Abdominal,Sagital,"Poco pasos lejos de la barra para empezar con algo de tensión en la banda. Comenzando de pie alto El Banded Pull-Up se configura atando primero una banda de resistencia alrededor de una polea- barra de dominadas. Para adoptar la posición de inicio, coloca ambas manos en la tracción- Banded Pull-Up",https://www.youtube.com/watch?v=ypWQzJk4qu4
Banded Pull-Up,hecho,Jalar,Carga externa,barra de dominadas,"Latísimo Dorsi, Deltoides anteriores",Bíceps,Sagital,"Coloca un pie sobre la banda de resistencia, con el otro pie apoyado cerca de el pie con banda y colgando de la barra. Para iniciar el movimiento,",https://www.youtube.com/watch?v=pll4AdUg17g
Banded Pulldown,hecho,Jalar,Carga externa,Banda,"Latísimo Bíceps Dorsi, Romboides, Braquiorradial",Brachioradialis,Sagital,Ligeramente extendidos frente a ti.,https://www.youtube.com/watch?v=NJwcvF51uHg
Banded Barbell Push Press,hecho,Empujar,Carga externa,Barra,"Deltoides, Tríceps, Glúteos Pectoral mayor, Erector de la column",a Sagital alrededor de la parte frontal de los hombros. Agarra la barra en la posición,Frontal,Justo por encima de los hombros y los codos dibujando hacia adelante. Para iniciar el movimiento,https://www.youtube.com/watch?v=oEc6rDi9-z4
Banded Push-Up,,Flexión,Carga externa,Banda,"Deltoides Tríceps anteriores, Pectoral, Recto abdominal,",Bíceps,Sagital,"Neutral. Para iniciar el movimiento, comienza a descender desde el brazo recto planchas altas a Ejercicio Estado Patrón Tipo Implemento principal Músculos principales trabajados Músculos secundarios trabajados Plano Explicación del ejercicio URL de YouTube El Banded Pushdown comienza atando una banda alrededor de una barra horizontal de dominadas colocada por encima de la cabeza. Sujeta el extremo libre de la banda Banded Pushdown",https://www.youtube.com/watch?v=62IYRzkncSo
Banded Pushdown,hecho,Empuje,Carga externa,Banda,"Tríceps, extensores Recto abdominal,",erector de la columna,Sagital,Pegados a los costados del cuerpo.,https://www.youtube.com/watch?v=ElEx8KVIVyY
Banded Rear Delt Fly,hecho,Jalón,Carga externa,Banda,"Deltoides Trapecio posteriores, romboides, Deltoides medial","recto abdominal transverso las rodillas y flexiona las caderas para encontrar una posición inclinada, manteniendo la columna neutra. Para iniciar el movimiento, activa el core",,Comienza a mover las manos desde justo debajo de los hombros hacia afuera a s,https://www.youtube.com/watch?v=yYwpr72z6vk
Banded Reverse Bicep Curl,hecho,Jalón,Carga externa,Banda,"Bíceps, braquial Braquiorradial",Brachioradialis,Sagital,"Los hombros, de modo que las palmas ahora miren hacia adelante. Luego, invierte el movimiento de regreso al inicio",https://www.youtube.com/watch?v=IyARtTqX1w0
Banded Reverse Crunch,hecho,Core,Carga externa,Banda,"Recto abdominal, flexores de cadera Erector de la columna",Erector Spinae,Sagital,"Parte frontal de tus cuádriceps, cerca de la parte delantera de las caderas. Detrás de ti, sujeta una kettlebell con los brazos extendidos por encima de la cabeza y agarra los lados de la ha El Banded Reverse Lunge requiere que una banda de resistencia se pase por debajo de tu pie delantero, y el otro extremo pase por detrás",https://www.youtube.com/watch?v=8cfNcHhM6K4
Banded Reverse Lunge,hecho,Una pierna,Carga externa,Band,"Cuádriceps, Isquiotibiales, Glúteos Gemelos",Calves,Sagital,"Postura neutra, con los pies aproximadamente a la anchura de la cadera. Mantén el pie con banda estacionario y con la otra pierna, extiende los dedos de los pies hacia atrás hasta el frente se dobla la rodilla y",https://www.youtube.com/watch?v=UxjGNHQjGcU
Banded Row to Neck,hecho,Tirar,Carga externa,Band,"Latísimo Trapecio del dorso, Romboides, Bíceps,",Deltoides posteriores,Sagital,"Paso o dos hacia atrás para comenzar con un poco de tensión. Para iniciar el movimiento, b El swing ruso con kettlebell con banda se configura colocando un lazo de una banda de resistencia debajo de los pies y el otro lazo alrededor de Swing ruso con kettlebell y banda",https://www.youtube.com/watch?v=zYD8ajdwxo4
Swing ruso con kettlebell y banda,hecho,Doblar,Explosividad,Kettlebell,"Erectores de la columna, isquiotibiales, glúteos","latísimo del dorso, bíceps, trapecio",Sagital,"Con los pies a la anchura de la cadera o un poco más, con una kettlebell colgando en frente del cuerpo, con las manos en pronación La press sentado tras el cuello con banda requiere que la banda pase por debajo de un banco plano con los extremos libres enroscados alrededor de cada extremo de una barra. Prensa sentada detras del cuello con banda",https://www.youtube.com/watch?v=WR9Q7N-1puI
Banded Seated Behind the Neck Press,hecho,Empujar,Carga externa,Barra,"Romboides, Tríceps Deltoides, Trapecio, Pectorales,",Erector de la columna,Frontal,"Mantén el core contraído, talones en el suelo y la columna vertical.",https://www.youtube.com/watch?v=IK0A9Odmbdk
Prensa de hombro con banda,hecho,Empujar,Carga externa,Band,"Deltoides Tríceps anteriores, Deltoides medios, Recto del abdomen,",Romboides,Frontal,"Mirando hacia adelante y los codos abiertos hacia fuera, en línea con los lados de",https://www.youtube.com/watch?v=ftNw3y9XemE
Remo de un solo brazo con banda,hecho,Tirar,Carga externa,Banda,"Dorsal ancho, escápulas, bíceps",deltoides posteriores,Sagital,"Como si fueras a dar la mano, así que el brazo está extendido hacia adelante. Da un paso o dos hacia atrás para comenzar con un poco de tensión. Para iniciar el movimiento, comienza",https://www.youtube.com/watch?v=FbeuQKNLFT0
Banded Single Arm Shoulder Press,hecho,Empuje,Carga externa,Banda,"Deltoides Tríceps anteriores, deltoides medios, Recto abdominal,",oblicuos,Sagital,Empuja la mano con la banda por encima de la cabeza y extiende el brazo lo más que puedas,https://www.youtube.com/watch?v=hzPi41193GI
Sentadilla Búlgara con Banda,hecho,Una pierna,Carga externa,Banda,"Cuádriceps, isquiotibiales, glúteosRecto abdominal","erectores espinales,",Sagital,Para quedar en una posición de zancada alta.,https://www.youtube.com/watch?v=8Kjeu5ZYDJA
Cruce de Pecho Declinado de Pie con Bandas,hecho,Empuje,Carga externa,Banda,"Pectorales, Serrato anterior deltoides anteriores, Escápulas, recto abdominal",,Sagital,TcNM0 mantén los brazos largos a los lados. Da la espalda al punto donde están ancladas las bandas,https://www.youtube.com/watch?v=tMeut
Da uno o dos pasos hacia adelante para comenzar con un poco de resis,hecho,Jalar,Carga externa,Anillas,"Dorsal Tríceps, ancho, bíceps pectorales, Serrato,",recto abdominal,Sagital,"Seguido del otro pie, de modo que ambos pies estén apoyados por la banda. Para iniciar el Ejercicio Estado Patrón Tipo Implementación principal Músculos principales trabajados Músculos secundarios trabajados Plano Explicación del ejercicio URL de YouTube",https://www.youtube.com/watch?v=fkg1LuEW2-Y
Peso muerto sumo con banda,hecho,Doblar,Carga externa,Barra,"Erector de la columna, glúteos, Isquiotibiales, Cuádriceps Flexores de la cadera, recto abdominal",", Romboides",Sagital,"Los puntos de anclaje superiores de la banda. Luego, para ponerte en posición inicial, agarra la ha",https://www.youtube.com/watch?v=q8VW2o2FU4Q
Baja a una posición sentada y dobla Jalón de lat supinado con banda,hecho,,Carga externa,Banda,"Latissimus Deltoides Dorsi, Bíceps, Posterior Romboides,",Braquial,Sagital,"Traza las escápulas hacia atrás un poco para comenzar. Para iniciar el movimiento, b",https://www.youtube.com/watch?v=FzUJPHBHFAA
Banded Tall Kneeling Pallof Press,hecho,Empuje,Carga externa,Banda,"Pectoral, Abdominis, Deltoides, Tríceps Transverso Recto abdominal",Rectus Abdominis,Sagital,Extiende los brazos delante del pecho. Da un paso hacia afuera lateralmente para alejarse fro,https://www.youtube.com/watch?v=Kinco0AEX6k
Da un paso hacia afuera lateralmente para alejarse fro,hecho,,Carga externa,Banda,"Trapecio, Romboides, Deltoides Escápula",Scapula,Sagital,"Banda en cualquiera de las manos. Colócate de modo que la parte delantera del cuerpo descanse en el banco inclinado, con los dedos de los pies en el suelo, para estar en una posición inclinada- soportado,",https://www.youtube.com/watch?v=GM2X6KfXxTc
Colócate de modo que la parte delantera del cuerpo descanse en,hecho,Flexión,Explosividad,Barra,"trampa Glúteos, isquiotibiales, erectores de la columna","trapecio, romboides",Sagital,"Inclina el torso hacia adelante hasta quedar paralelo al suelo, mientras las caderas se echan hacia atrás, manteniendo una ligera flexión en las rodillas. Agarra con las manos",https://www.youtube.com/watch?v=pPtxZ0Jgs3c
Banded Tricep Pushdown,hecho,Empuje,Carga externa,Banda,Tríceps Extensores,Extensors,Sagital,Hacia el suelo.,https://www.youtube.com/watch?v=z6Rw0As2sms
Banded Upright Row,hecho,Jalón,Carga externa,Banda,"Dorsal Deltoides ancho, trapecio, Bíceps",Biceps,Sagital,Los codos hacia el techo y aprietas los omóplatos juntos.,https://www.youtube.com/watch?v=E68AHjg1vqY
Pasa el extremo libre de la banda Extensión de muñeca con banda,hecho,Empuje,Carga externa,Banda,"Extensores Deltoides anteriores, tríceps",,Sagital,SuQwFyk la,https://www.youtube.com/watch?v=q
Burpee frente a la barra,hecho,Empuje,Peso corporal,Barra,"Cuádriceps, glúteos, tríceps, Recto abdominal, pantorrillas, Pectorales, deltoide",s Isquiotibiales,Transversal,"Hacia arriba y salta los pies hacia las manos y ponte de pie, y per",https://www.youtube.com/watch?v=AphhjyjiVeg
Bar Muscle-Up,re-film,Tirar,Peso corporal,-Barra,"de dominadas- Dorsal Deltoides, ancho, Trapecio, Anterior Tríceps Núcleos,",Bíceps,Sagital,"Núcleo y continúa tirando hasta que lleves el pecho sobre la barra, aterrizaje",https://www.youtube.com/watch?v=ubFc5i5oS70
Press de banca con barra,re-film,Core,,,"Pec Major, Anterior Deltoids","Triceps, Core",Sagital,"Hacia la parte inferior del pecho, permitiendo que los codos se abran a aproximadamente 45",https://www.youtube.com/watch?v=iBdF89xBAxA
Barbell Drag Curl,hecho,Tirar,Carga externa,Barra,"Bíceps Trapecio, Extensores de muñeca",", Supraespinoso",Frontal,"Barra pegada al cuerpo mientras se flexionan y se llevan los codos hacia atrás. Luego,",https://www.youtube.com/watch?v=hT-ajSSNNHM
Barbell Drop Lunge,hecho,Una pierna,Carga externa,Barra,"Cuádriceps, glúteos, isquiotibialesRecto Abdominis",Rectus Abdominis,Sagital,"Permitiendo que ambas rodillas se doblen manteniendo la columna vertical. Luego,",https://www.youtube.com/watch?v=kgFVdnCNaqk
Zancada Frontal con Barra,hecho,Una pierna,Carga externa,Barra,"Cuádriceps, Glúteos, Isquiotibiales Recto Abdominal",Rectus Abdominis,Sagital,"Posición. Luego, empuja hacia abajo desde el talón delantero para dar un paso atrás con tu pie delantero de vuelta al inicio Ejercicio Estado Patrón Tipo Implementación principal Músculos principales trabajados Músculos secundarios trabajados Plano Explicación del ejercicio URL de YouTube",https://www.youtube.com/watch?v=k-E4onRcLkY
Coloque una barra sobre Empuje de cadera con barra en el suelo,hecho,Doblar,Carga externa,Barra,"Glúteos, isquiotibiales Cuádriceps, Recto Abdominal Sagital la parte",,Frontal,"IVLya0 Para iniciar el movimiento, empuje hacia abajo con los talones y apriete",https://www.youtube.com/watch?v=soGI
Barbell Good Morning,re-film,Doblar,Carga externa,Barra,"Isquiotibiales, Erector de la columna, Glúteos, Cuádriceps, Latísimo del dorso",,Sagital,"TebU rodillas, y empuje las caderas hacia atrás mientras lleva la parte superior del cuerpo hacia adelante y hacia el suelo, manteniendo la columna neutral. Luego, con control, impulse t",https://www.youtube.com/watch?v=6
Hack Squat con barra,hecho,Sentadilla,Carga externa,Barra,"Cuádriceps, Isquiotibiales, Glúteos Deltoides, Recto Abdominal",,Sagital,Cabeza arriba y la columna vertebral vertical durante el movimiento. Para iniciar el movem,https://www.youtube.com/watch?v=BfAK1Rs
Barbell Hip Thrust on Bench,hecho,Doblar,Carga externa,Barra,"Glúteos, isquiotibiales Cuádriceps, Rect",o Abdominal Sagital flexion y talones hacia abajo y una barra acostada sobre la cadera,Frontal,"Manos sujetando la barra en pronación. Para iniciar el movimiento, impulse",https://www.youtube.com/watch?v=OgDxMvKDiZY
Barbell On Knee Dorsiflexion,hecho,Sentadilla,Carga externa,Barra,"Anterior Tibial, pantorrillas Cuádriceps,",glúteos,Sagital,Balancear el cuerpo ligeramente hacia adelante y hacia atrás para trabajar en la movilidad de t,https://www.youtube.com/watch?v=EYaI8PT81QU
Sentadilla con barra por encima de la cabeza,re-film,Sentadilla,Carga externa,Barra,"Cuádriceps, Deltoides anteriores, Glúteos, isquiotibiales Trapecio, Pantorrillas, Abdome","n Transverso Eritor Espinae, Core,",Sagital,"Parte inferior de una posición de sentadilla. Luego, impulsa hacia abajo por los talones para pararte",https://www.youtube.com/watch?v=GsMNm9GGlE8
Step Down Patrick con Barra,hecho,Una pierna,Carga externa,Barra,"Cuádriceps, Tibial Anterior, Glúteos, Isquiotibiales Pantorrillas, Erector de l",a Espina,Sagital,Comienza a llevar la rodilla hacia adelante sin levantar el talón para golpear tu,https://www.youtube.com/watch?v=NSVSiIll2R4
Curl inverso con barra,hecho,Jalar,Carga externa,Barra,"Bíceps, Tríceps Extensores,",Braquial,Sagital,"Los nudillos hacia arriba y hacia atrás hacia la parte frontal de los hombros, cadera desde los codos y manteniendo",https://www.youtube.com/watch?v=eGMP9i0tnL8
Curl inverso con barra para presionar,hecho,Empujar,Carga externa,Barra,"Deltoides, Abdomen Tríceps, Bíceps, Recto Latísimo Dorsi,",Romboides,Sagital,"Doblen de forma natural. Luego, empuja los codos hacia adelante para rodar el peso hacia arriba en",https://www.youtube.com/watch?v=jhcjONTAyIo
Zancada inversa con barra,re-film,Una pierna,Carga externa,Barra,"Cuádriceps, Glúteos, Isquiotibiales Gemelos,",Psoas,Sagital,Rodilla trasera hacia el suelo para que las piernas queden en una posición 90-90.,https://www.youtube.com/watch?v=8tNuP-1aQgg
Rodadura de barra,hecho,Núcleo,Peso corporal,Barra,Recto abdominal Intercostales,Intercostals,Sagital,Activarlos correctamente encontrando una inclinación posterior de la pelvis y manteniendo la s,https://www.youtube.com/watch?v=X3l-H3Ufstc
Barbell Rotational Gait Cycle,hecho,Una pierna,Carga externa,Barra,"Transverso del abdomen, flexores de la cadera","erector de la columna, recto abdominal transverso la barra. Para iniciar el movimiento, comienza dando un paso adelante",,"Que parecerá un mini desplante hacia adelante, manteniéndote mayormente erguido y",https://www.youtube.com/watch?v=4tCNTE6b6q0
Encogimiento de hombros con barra,hecho,Jalar,Carga externa,Barra,"Trapecio, Romboides Latísimo dorsal,",Deltoides,Sagital,"Mientras mantiene los brazos rectos, y luego desciende a la posición inicial posición.",https://www.youtube.com/watch?v=vVfClNqwHNA
Subida a la barra,hecho,Una pierna,Carga externa,Barra,"Cuádriceps, Gemelos Glúteos, Isquiotibiales, Recto abdominal",Rectus Abdominis,Sagital,"Pie sobre la caja. Manteniendo la columna vertical, inclínate hacia adelante hacia el pie en la caja un",https://www.youtube.com/watch?v=6gbWIjOa98Y
Thruster con barra,re-film,Empujar,Carga externa,Barbilla?,"No, Barbell Cuádriceps, Glúteos, Isquiotibiales, Tríceps, Trapecio, Recto posición de rack. Para iniciar el movimiento, comienza a doblar las rodillas y is , , Deltoides anteriores Abdominales, Deltoides traseros",,Sagital,TUPpU-UA a través de los talones para volver a ponerse de pie y usar el impulso fro Ejercicio Estado Patrón Tipo Implemento principal Músculos principales trabajados Músculos secundarios trabajados Plano Explicación del ejercicio URL de YouTube,https://www.youtube.com/watch?v=Pb
Barbell Walk Out,,Sentadilla,Carga externa,Barra,"Core, cuádriceps, glúteos Dorsal Deltoides ancho,","anteriores erectores de la columna,",Sagital,"Movimiento, empuja con los talones para sacar la barra y comienza a",https://www.youtube.com/watch?v=2SKhzVLT2Ws
Barbell Walking Lunge,hecho,Una pierna,Carga externa,Barra,"Cuádriceps, glúteos, isquiotibiales Recto abdominal,",dorsales,Sagital,"Queden en posición de 90-90 grados, y permite que la rodilla trasera toque suavemente el",https://www.youtube.com/watch?v=UDgk7EQhTUg
Barbell Windshield Wiper,hecho,Core,Carga externa,Barra,"Transverso Abdominales abdominal, recto Deltoides anteriores",Anterior Deltoids,Transversal,"Movimiento, comienza a bajar ambas piernas lateralmente hacia un lado, tanto como puedas, con",https://www.youtube.com/watch?v=RrTSC419boM
Wiper,hecho,Core,Carga externa,Barra,"Transverso Abdominales abdominal, recto Deltoides anteriores Transversal agarre en pronación. Desde esta posición, eleva los talones hacia techo con las piernas rectas formando una L. Para iniciar el el https://www.youtube.com/watch?v=RrTSC419boM movimiento, comienza a bajar ambas piernas lateralmente hacia un lado, tanto como puedas, con El Barbell Upright Row comienza en posición erguida, con una barra colgando frente a los muslos, manos en pronación y Barbell Upright Row regrabar Jalar Carga externa Barra Trapecio, bíceps, deltoides medial, escápulas, deltoides anterior",,Sagital,"Suban hacia el techo. Luego, con control, baja el peso de nuevo hacia",https://www.youtube.com/watch?v=Dux7qHaa
Barbell Upright Row regrabar,,Jalar,Carga externa,Barra,"Trapecio, bíceps","deltoides medial, escápulas, deltoides anterior Sagital separadas la barra por al ancho el frente de los hombros. del cuerpo Para iniciar y permite el movimiento, que los comienza codos se a tirar doblen y arrastrar y https://www.youtube.com/watch?v=Dux7qHaa\_6w suban hacia el techo. Luego, con control, baja el peso de nuevo hacia El Batwing Hold comienza acostado en posición supina sobre un banco plano con las piernas elevadas del banco y una mancuerna en cada mano, comenzando con los brazos Batwing Hold regrabar Jalar Carga externa Mancuerna Dorsal ancho, Bíceps Trapecio, Romboides",Sagital,"Caja torácica (como en un remo), manteniendo un agarre neutro y los codos cerca del cuerpo y mantén.",https://www.youtube.com/watch?v=DesGrIU1y4k
Batwing Hold regrabar,,Jalar,Carga externa,Mancuerna,"Dorsal ancho, Bíceps Trapecio","Romboides Sagital colgado. Para iniciar el movimiento, tira de las mancuernas haciahttps://www.youtube.com/watch?v=DesGrIU1y4k la caja torácica (como en un remo), manteniendo un agarre neutro y los codos cerca del cuerpo y mantén. Bear Crawl comienza en una posición de perro boca abajo, como una plancha pero Bear Crawl volver a grabar Locomoción Peso corporal Ninguno Cuádriceps, Deltoides anteriores Gemelos, Pectoral mayor, Glúteos",Sagital,Alternando manos y pies juntos para estabilidad y ritmo.,https://www.youtube.com/watch?v=63IBkFSR6PY
Bear Crawl volver a grabar,,Locomoción,Peso corporal,Ninguno,"Cuádriceps, Deltoides anteriores Gemelos","Pectoral mayor, Glúteos Sagital con las caderas elevadas y las rodillas ligeramente dobladas. Para iniciar el movimiento, comienza caminando con las manos y los pies hacia adelante, https://www.youtube.com/watch?v=63IBkFSR6PY alternando manos y pies juntos para estabilidad y ritmo. Beat Swings en barra comienza colgando de una barra de dominadas, con las manos en pronación y sujetando un poco más ancho que el ancho de los hombros. Para Beat Swings en barra volver a grabar Jalar Peso corporal Barra de dominadas Dorsal ancho, Escápulas Core, Trapecio",Sagital,"Cuerpo , y tirando el cuerpo hacia atrás. Luego, abre el frente del cuerpo, arqueando la espalda, mientras te balanceas hacia adelante a través de la barra.",https://www.youtube.com/watch?v=F6v3dYvYOoU
Para Beat Swings en barra volver a grabar,,Jalar,Peso corporal,Barra de dominadas,"Dorsal ancho, Escápulas Core","Trapecio Sagital iniciar el movimiento, comienza hundiendo el frente del https://www.youtube.com/watch?v=F6v3dYvYOoU cuerpo, y tirando el cuerpo hacia atrás. Luego, abre el frente del cuerpo, arqueando la espalda, mientras te balanceas hacia adelante a través de la barra. Beat Swings en anillas comienza colgando de un par de anillas de gimnasia anillas. Para iniciar el movimiento, hunde el frente del Beat Swings en anillas volver a grabar Jalar Peso corporal Anillas Dorsal ancho, Escápulas Core, Trapecio",Sagital,Cuerpo arqueando la espalda y balanceándote hacia adelante de las anillas.,https://www.youtube.com/watch?v=OEbTnKKff6Q
Jalón tras nuca,hecho,Jalar,Carga externa,Polea,"Dorsal Bíceps ancho, Romboides, Escalenos",Scalenes,Sagital,Suelo. Sujeta la barra recta con las manos un poco más anchas que el ancho de los hombros- de ancho,https://www.youtube.com/watch?v=RGVH3umZ77Y
Jalón tras nuca,hecho,Jalar,Carga externa,Polea,"Dorsal Bíceps ancho, Romboides, Escalenos Sagital y colocando una caja o banco debajo de la barra. Siéntate erguido en la caja o banco","con la columna vertical y los talones apoyados en el https://www.youtube.com/watch?v=RGVH3umZ77Y suelo. Sujeta la barra recta con las manos un poco más anchas que el ancho de los hombros- de ancho La isometría de dominada tras nuca comienza colgando de una barra de dominadas. Para Isometría de dominada tras nuca volver a grabar Jalar Peso corporal Barra de dominadas Dorsal ancho, Bíceps, Deltoides, Escápulas, Trapecio",Sagital,"Barra, permitiendo que los codos se abran y se mantengan así.",https://www.youtube.com/watch?v=0iGUGhIYUk0
Behind the Neck Push Jerk,re-film,Empujar,Explosividad,Barbell,"Deltoides Cuádriceps, anteriores, Transverso Tríceps, del abdomen glúteos,",dorsal ancho,Sagital,"Través de los talones para ponerse de pie y empujar el peso por encima de la cabeza, y doblarse en th",https://www.youtube.com/watch?v=UbgE9coVAf8
Behind the Neck Push Press,re-film,Empujar,Explosividad,Barbell,"Deltoides Cuádriceps, anteriores, Transverso Tríceps, del abdomen glúteos,",dorsal ancho,Sagital,Rodillas dobladas a una posición de media sentadilla y luego impulsa a través de los talones para ponerse de pie y presionar el peso por encima de la cabeza con los brazos extendidos. TEl push jerk con agarre de arranque por detrás del cuello es un ejercicio de levantamiento de pesas Behind the Neck Snatch Grip Push Jerk,https://www.youtube.com/watch?v=IilHaDtaZQM
Behind the Neck Snatch Grip Push Jerk,re-film,Empujar,Explosividad,Barbell,"Deltoides Cuádriceps, anteriores, Transverso Tríceps, del abdomen glúteos,",dorsal ancho,Sagital,Jerk. Behind the Neck Snatch Grip Push Jerk comienza en una posición de pie alta con una barra colocada en la espalda alta con las manos casi tan Behind the Neck Snatch Grip Push Press,https://www.youtube.com/watch?v=NIjvNTzfVNM
Neck Snatch Grip Push Jerk,re-film,Empujar,Explosividad,Barbell,"Deltoides Cuádriceps, anteriores, Transverso Tríceps, del abdomen glúteos,",dorsal ancho,Sagital,"Impulsarse a través de los talones para ponerse de pie y presionar el peso por encima de la cabeza, y doblar",https://www.youtube.com/watch?v=QxSxsGnw3Zc
Behind the Neck Split Jerk,re-film,Empujar,Explosividad,Barbell,"Deltoides Cuádriceps, anteriores, transverso Tríceps, del abdomen glúteos, dorsal ancho",,Sagital,Impulsa a través de los talones para presionar el peso hacia arriba por encima de la cabeza mientras saltas,https://www.youtube.com/watch?v=phB1Qk
Pul a Bocab Cho Behind the Neck Split Press,re-film,Empujar,Carga externa,Barra,"Deltoides anteriores, Tríceps Cuádriceps,",Trapecio,Sagital,"Peso hacia arriba por encima de la cabeza de modo que los brazos estén extendidos y luego, con control, bajar la barra de nuevo a la parte superior de la espalda. Ejercicio Estado Patrón Tipo Implemento principal Músculos principales trabajados Músculos secundarios trabajados Plano Explicación del ejercicio URL de YouTube",https://www.youtube.com/watch?v=4F7OGlWy4lc
Step Up detrás del cuello,re-film,Pierna única,Carga externa,Barra,"Cuádriceps, glúteos, isquiotibialesPantorrillas,",erectores de la columna,Sagital,Rodilla y apoya el talón del pie en la caja y luego sube tu,https://www.youtube.com/watch?v=qbn0cFgtJZY
Behind the Neck Strict Press,re-film,Empuje,Carga externa,Barra,"Deltoides anteriores, tríceps Trapecio",Trapezius,Frontal,"Firme mientras empujas el peso por encima de la cabeza, extendiendo los brazos. Luego, con control, baja el peso de nuevo a la parte superior",https://www.youtube.com/watch?v=i67t0ooRYxw
Dominada estricta detrás del cuello,re-film,Jalar,Peso corporal,Barra de dominadas,Dorsal ancho,"bíceps Escápulas, trapecio",Sagital,"Parte inferior de la barra, permitiendo que los codos se abran naturalmente. Luego, con control, baja de nuevo",https://www.youtube.com/watch?v=kkSjGKv4WUs
Thruster detrás del cuello,re-film,Empuje,Carga externa,Barra,"Quadriceps, Glutes, Anterior Deltoids, Hamstrings","Triceps, Trapezius, Rectus Abdominis",Sagital,"Deltoides, isquiotibiales Abdominales flexiona las rodillas y baja las caderas hacia atrás y hacia abajo hasta el fondo de una posición de sentadilla. Luego, impulsa a través de los talones para volver a ponerte de pie y empujar",https://www.youtube.com/watch?v=TJBPypP1rW0
Belt Squat,re-film,Sentadilla,Carga externa,"Cuádriceps,","Glúteos, Isquiotibiales Gemelos, Recto Abdominal","Calves, Rectus Abdominis",Sagital,"Movimiento, flexiona las rodillas y hunde las caderas hasta la parte inferior de una posición de sentadilla. Luego, impulsa a través de los talones para volver a ponerte de pie t",https://www.youtube.com/watch?v=ZEm3PbtuC5Q
Posterior Bench Deadbug,hecho,Núcleo,Peso corporal,Banco,"Recto Abdominal, Flexores de la cadera","Ankle Extensors, Posterior Deltoids",Sagital,"Deltoides brazo y pierna de vuelta juntos, llevando el brazo hacia la oreja y permitiendo que el talón del pie toque Bench Dip comienza con las palmas colocadas en un banco plano en una pronación posición, brazos extendidos, caderas flotando frente al banco, y piernas Bench Dip",https://www.youtube.com/watch?v=rGNZKSu0UbY
Bench Dip,re-film,Empujar,Peso corporal,Banco,"Pectoral mayor, Tríceps Deltoides anteriores",Anterior Deltoids,Sagital,"Los codos se doblen mientras hundes las caderas hacia el suelo. Luego, presiona las palmas contra el banco para e",https://www.youtube.com/watch?v=W0QANwRvgFA
Bench Pike Squat,hecho,Sentadilla,Peso corporal,Banco,"Isquiotibiales, glúteos, cuádriceps Trapecios",Traps,Sagital,"Movimiento, comienza a hundir las caderas mientras flexionas las rodillas, y",https://www.youtube.com/watch?v=ICHO3dd2b2A
Bench Plank,hecho,Núcleo,Peso corporal,Banco,"Recto Abdominal Cuádriceps,",Deltoides anteriores,Sagital,Core llevando el ombligo hacia la columna y encontrar una ligera comprime los glúteos y los muslos internos.,https://www.youtube.com/watch?v=U3i6jhSLwhw
Bench Plank Dumbbell Row,hecho,Jalar,Carga externa,Mancuerna,Deltoides anteriores,Anterior Deltoids,Sagital,"Abdominales hombros y pies separados al ancho de las caderas. Activa el core y procura mantener las caderas alineadas durante todo el movimiento. Para iniciar el movimiento,",https://www.youtube.com/watch?v=MoUBn1NOMdo
Bench Plank Kettlebell Row,hecho,Jalar,Carga externa,Kettlebell,Deltoides anteriores,Anterior Deltoids,Sagital,"Abdominales hombros y pies separados al ancho de las caderas. Activa el core y procura mantener las caderas alineadas durante todo el movimiento. Para iniciar el movimiento,",https://www.youtube.com/watch?v=y-Z6pkKoygU
Bench Press with Chains,hecho,Empujar,Carga externa,Barra,Bíceps,Biceps,Sagital,"Tríceps y manos en pronación. Para iniciar el movimiento, saca el peso del soporte y comienza con la barra sobre el pecho.",https://www.youtube.com/watch?v=Q55TR95BWos
Flexión Escapular sobre Banco,hecho,Empujar,Peso corporal,Banco,Tríceps,Triceps,Sagital,"Abdominales caderas, piernas rectas y columna neutral. Activa el core llevando",https://www.youtube.com/watch?v=vIw9cBMkQ5g
Flexión Escapular sobre Banco,hecho,Empujar,Peso corporal,Banco,Tríceps Sagital brazos rectos girando los tríceps hacia atrás. Mantén los pies al ancho de las https://www.youtube.com/watch?v=vIw9cBMkQ5g Abdominales caderas,"piernas rectas y columna neutral. Activa el core llevando el ombligo hacia la columna y apretando los glúteos y El Hollow Hold con piernas flexionadas comienza acostado boca arriba en posición supina con rodillas flexionadas y talones en el suelo. Para iniciar el movimiento, lleva los Hollow Hold con piernas flexionadas regrabar Core Peso corporal Ninguno Recto del abdomen Flexores de la cadera",Sagital,Codos de hombro fuera del piso y rodillas hacia el pecho y extender los,https://www.youtube.com/watch?v=uKGd8kv7Qzo
Plancha de copenhague con rodilla flexionada,hecho,Núcleo,Peso corporal,Banco,Intercostales,Intercoastals,Frontal,"Abdomen movimiento, jale la parte interior inferior del muslo hasta la parte inferior del banco",https://www.youtube.com/watch?v=obtdLUWZi-Y
Pull Apart con banda inclinada,hecho,Tirar,Carga externa,Banda,Trapecio,Trapezius,Sagital,Romboides amplíe hasta alinearse con los hombros y luego vuelva a bajar por debajo de,https://www.youtube.com/watch?v=RzfT0OEUmD8
Remo con barra inclinado,re-film,Tirar,Carga externa,Barra,"Latísimo dorsal, bíceps Isquiotibiales,",escapular,Sagital,"Comience a jalar la barra hacia la parte inferior del pecho. Luego, con",https://www.youtube.com/watch?v=B4Zydi-lMnA
Remo doble con kettlebell,re-film,Tirar,Carga externa,Kettlebell,"Latísimo dorsal, bíceps Isquiotibiales, trapecios, escápulas",,Sagital,Las asas de la kettlebell hacia la parte superior de la caja torácica y apriete.,https://www.youtube.com/watch?v=5j
Para adoptar la posición inicial Reverse Fly inclinado con mancuernas,hecho,Jalar,Carga externa,Mancuerna,"Escápulas, Trapecio Deltoides posteriores,",Redondo menor,Sagital,"Directamente debajo de tus hombros. Manteniendo los brazos rectos, eleva los",https://www.youtube.com/watch?v=KpY5R2wb12U
Remo inclinado con mancuernas,hecho,Jalar,Carga externa,Mancuerna,"Dorsal ancho, Romboides Bíceps",Biceps,Sagital,"Codos hacia atrás y mancuernas hacia la parte superior de la caja torácica y aprieta. Luego, con control, baja las mancuernas de nuevo a",https://www.youtube.com/watch?v=Hh8Y5HT56P0
Elevación lateral inclinado,hecho,Jalar,Carga externa,Mancuerna,"Posterior Deltoids, Latissimus Dorsi, Trapezius","Rectus Abdominis, Glutes, Hamstrings",Sagital,"Dorsal ancho, Trapecio Isquiotibiales llevando la parte superior del cuerpo hacia adelante y hacia abajo, manteniendo la columna",https://www.youtube.com/watch?v=wTwRHd52Yrk
Bent Over Plate Row,hecho,Jalar,Carga externa,Disco,Bíceps,Biceps,Sagital,Abdominales lleva la parte superior del cuerpo hacia adelante y hacia abajo con el disco en las,https://www.youtube.com/watch?v=6xBh-hw-5Hk
Transverso Crunch de bicicleta,hecho,Núcleo,Peso corporal,Ninguno,"Flexores de la cadera Transverso levantado del suelo. Para iniciar el movimiento, jala el opuesto",Hip Flexors,,"Abdóminis rodilla y codo juntos cruzando el cuerpo mientras extiendes la otra pierna hacia adelante. Luego, volver a iniciar Bike Erg comienza sentado en una bicicleta estática, con las manos sujetando Monoestructura Cuádriceps, glúteos, isquiotibiales, Bike Erg",https://www.youtube.com/watch?v=udtuZlqsrGU
Bike Erg,hecho,,Peso corporal,Bike,"Erg Erector de la espina, Recto abdominal","Erector Spinae, Rectus Abdominis",Sagital,"Flexores de la cadera ciclar los pies hacia adelante y hacia atrás de forma continua. Bird-Dog comienza en la posición cuadrúpeda, empezando con un brazo extendido hacia delante con el bíceps junto a la oreja y la pierna opuesta Bird-Dog",https://www.youtube.com/watch?v=Iz7uYgdLUPQ
Bird-Dog,re-film,Núcleo,Estabilidad,Ninguno,"Erector de la columna, glúteos, isquiotibiales","Deltoides anteriores, escápulas",Sagital,Brazo y la rodilla opuestos juntos debajo del torso y luego vuelve a extender de vuelta a la posición inicial.,https://www.youtube.com/watch?v=c0D51CL69-g
Bird-Dog fuera de banco,re-film,Núcleo,Peso corporal,Banco,"Erector de la espina, glúteos, isquiotibiales","Deltoides anteriores, escápulas",Sagital,"Oreja y la pierna opuesta atrás, con la pierna alineada con las caderas. Luego,",https://www.youtube.com/watch?v=jGx1ZsN4eu0
Block Clean,hecho,Doblar,Explosividad,Barbilla,"Latissimus dorsi,Trapecio","Latissimus Dorsi, Trapezius",Sagital,"Máximos a la anchura de los hombros y manos en pronación, con la parte superior de los pies",https://www.youtube.com/watch?v=MpOvT1pf85E
Clean de potencia de bloque,hecho,Doblar,Explosividad,Barra,"Dorsal ancho, trapecio","Latissimus Dorsi, Trapezius",Sagital,"Máximus barra, comenzando en una postura de bisagra, con una ligera flexión de las rodillas. Para",https://www.youtube.com/watch?v=4HBhwhOfm-8
Power Snatch de Bloque,hecho,Doblar,Explosividad,Barra,"Dorsal ancho, trapecio",,Sagital,"Máximus la barra descansa en el pliegue de la cadera en posición de pie) y pronada. Gira las caderas hacia abajo, dobla la rod Ejercicio Estado Patrón Tipo Implementación Principal Músculos Primarios Trabajados Músculos Secundarios Trabajados Plano Explicación del ejercicio URL de YouTube",https://www.youtube.com/watch?v=Y5B6a480w
"Plano Explicación del ejercicio URL de YouTube

El Snatch de Bloque",hecho,Doblar,Explosividad,Barra,"Latísimo Dorsi, Trapecio","Latissimus Dorsi, Trapezius",Sagital,"Máximo la articulación de la cadera en posición de pie) y pronado. Flexiona las caderas hacia abajo, flexiona las rodillas y",https://www.youtube.com/watch?v=ghkQ4aaFKqU
Body Lever,hecho,Núcleo,Peso corporal,Barra,Anclada Recto Abdominal,"Rhomboids, Latissimus Dorsi, Biceps",Sagital,"Bíceps piernas hacia el techo para que las caderas estén apiladas sobre los hombros. Con control, manteniendo el cuerpo en una Empieza la Tabla Corporal en una posición de plancha de antebrazos, con los codos debajo de los hombros, las piernas juntas y el core tensado. Para iniciar el Tabla Corporal",https://www.youtube.com/watch?v=asbL-H-gV1o
Para iniciar el Tabla Corporal,hecho,Núcleo,Peso corporal,Anillos,"Recto Abdominal Deltoides, Glúteos",,Sagital,"Movimiento, empezar a inclinarse hacia delante, permitiendo que los hombros se desplacen más allá de los codos y luego volver a la posición inicial.",https://www.youtube.com/watch?v=bfRjYZz
Sentadilla con Cajón de Peso Corporal,hecho,Sentadilla,Peso corporal,Caja Pliométrica,"Cuádriceps, Glúteos, Isquiotibiales Pantorrillas",,Sagital,Ancho mientras empujas las caderas hacia atrás y hacia abajo y extiendes los brazos,https://www.youtube.com/watch?v=jfKujG7rD
Impulso de Cadera con Déficit de Peso Corporal,hecho,Doblar,Peso corporal,Banco,"Glúteos, Isquiotibiales, Erector de la Espina Dorsal",Deltoides Posteriores,Sagital,"Movimiento, impulsa desde los talones y extiende las caderas hacia arriba hacia el techo, apretando los glúteos (con la",https://www.youtube.com/watch?v=mlAaOIP9BwI
Impulso de Cadera con Déficit de Peso Corporal,hecho,Doblar,Peso corporal,Banco,"Glúteos, Isquiotibiales, Erector de la Espina Dorsal, Deltoides Posteriores Sagital placa de peso y rodillas flexionadas, con las caderas apoyadas. Para iniciar el https://www.youtube.com/watch?v=mlAaOIP9BwI movimiento, impulsa desde los talones y extiende las caderas hacia arriba hacia el techo, apretando los glúteos (con la Sentadilla de ciclista con peso corporal comienza en una posición de pie, con una postura estrecha con los pies y los talones apoyados sobre una placa de peso Recto abdominal, Deltoides, Sentadilla de ciclista con peso corporal hecha Sentadilla Peso corporal Placa Cuádriceps, Glúteos, Isquiotibiales",,Sagital,"Erectores espinales movimiento, flexiona las rodillas y retrocede las caderas hacia atrás y hacia abajo hasta",https://www.youtube.com/watch?v=sZaJyFotm
Bodyweight Overhead Drop Lunge,,Sentadilla,Peso corporal,Placa,"Cuádriceps, Glúteos, Isquiotibiales Sagital o tabla inclinada y brazos extendidos por encima de la cabeza. Para iniciar el https://www.youtube.com/watch?v=sZaJyFotm\_s Erectores espinales movimiento","flexiona las rodillas y retrocede las caderas hacia atrás y hacia abajo hasta la parte inferior de una posición de sentadilla estrecha, k La zancada descendente con peso corporal comienza en una posición de pie alta, con los brazos extendidos por encima de la cabeza y los pies sobre una placa de peso o Fléxores de cadera, Deltoides, Recto Zancada descendente con peso corporal hecha Una pierna Peso corporal Placa Cuádriceps, Glúteos, Isquiotibiales",Sagital,"ABdominis y dobla las rodillas traseras para que ambas piernas estén en una posición 90-90,",https://www.youtube.com/watch?v=5VJpR9CYb1Y
Giro ruso con peso corporal,hecho,Núcleo,Peso corporal,Ninguno,Transverso del abdomen Recto abdominal Transverso en frente del abdomen. Para iniciar el movimiento,comienza a girar,,"Través del core y toca los nudillos hacia el suelo con la fuerza de tu costado. Luego, regresa a través de",https://www.youtube.com/watch?v=Fzsy5lIghOs
Giro ruso con peso corporal,hecho,Núcleo,Peso corporal,Ninguno,Transverso del abdomen Recto abdominal Transverso en frente del abdomen. Para iniciar el movimiento,"comienza a girar https://www.youtube.com/watch?v=Fzsy5lIghOs a través del core y toca los nudillos hacia el suelo con la fuerza de tu costado. Luego, regresa a través de La flexión lateral con peso corporal comienza en una posición neutral alta de pie, con brazos caídos a los lados. Para iniciar el movimiento, empieza a bajar uno Flexión lateral con peso corporal hecha Núcleo Peso corporal Ninguno Oblicuos Recto abdominal",Frontal,"Las costillas hacia la cadera lateral, y luego volver a la posición de inicio posición.",https://www.youtube.com/watch?v=u2mabKGrrMI
", con brazos caídos a los lados. Para iniciar el movimiento, empieza a bajar uno",,Flexión,Peso corporal,hecha,Núcleo Peso corporal Ninguno Oblicuos Recto abdominal Frontal hombro hacia abajo y extiende el brazo hacia el suelo,"apretandohttps://www.youtube.com/watch?v=u2mabKGrrMI las costillas hacia la cadera lateral, y luego volver a la posición de inicio posición. La extensión de tríceps con peso corporal comienza en una posición de plancha inclinada, con manos sujetando una barra en rack, manos pronadas y a la anchura de los hombros Extensión de tríceps con peso corporal hecha Empuje Peso corporal Barra Tríceps Recto abdominal, Pectorales",Sagital,"Codos y acercar la frente hacia la barra. Luego, empuja la barra alejarla de ti para re-extenderla",https://www.youtube.com/watch?v=2dBaF1Gzrbg
Parte inferior de la retención de dip,hecho,Empujar,Peso corporal,Barra,"de inmersión Pectorales, Deltoides anteriores Recto abdominal,",Trapecio,Sagital,Cuerpo hacia abajo hasta que los codos estén aproximadamente alineados con los hombros (dependiendo del rango de movilidad),https://www.youtube.com/watch?v=d8hSypNS92Y
Parte inferior de la pausa de sentadilla frontal,hecho,Sentadilla,Carga externa,Barra,"Cuádriceps, Glúteos, Erector de la espina lumbar","Isquiotibiales, Gemelos",Sagital,"Con la anchura adecuada, dedos de los pies hacia afuera y talones enraizados al suelo, manteniendo la columna vertical y erguida.",https://www.youtube.com/watch?v=OiIEs9VV9yI
Sujeción de flexión,hecho,Empujar,Peso corporal,Ninguno,"Pectorales, Deltoides anteriores, Tríceps","Rectus Abdominis, Glutes, Hamstrings",Sagital,"Isquiotibiales del cuerpo, y baja el frente del cuerpo para que flote justo por encima",https://www.youtube.com/watch?v=GFRexD-7q80
Parte inferior de la pausa de sentadilla,hecho,Sentadilla,Peso corporal,Barra,anclada Flexores de la cadera,Hip Flexors,Sagital,"Isquiotibiales columna vertical y erguida. Para ayudar a la estabilidad del agarre, toma",https://www.youtube.com/watch?v=xIQ0bz94vFM
Bottoms Up Overhead Dual Kettlebell Carry,re-film,Empujar,Carga externa,Kettlebell,"Cuádriceps, Latísimo Dorsi","Quadriceps, Latissimus Dorsi",Sagital,Abdominales núcleo.,https://www.youtube.com/watch?v=xFJao6Eksps
Bottoms Up Press,re-film,Empujar,Carga externa,Kettlebell,"Deltoides anteriores, Tríceps Trapecio,",Deltoides posteriores,Sagital,"Los nudillos apuntando hacia el techo para extender los brazos por completo por encima de la cabeza como puedas. Luego, con control, baja las kettlebells de regreso a la posición inicial Ejercicio Estado Patrón Tipo Implemento principal Músculos principales trabajados Músculos secundarios trabajados Plano Explicación del ejercicio URL de YouTube",https://www.youtube.com/watch?v=PylGJW76yfo
Plancha lateral Bottoms Up,hecho,Núcleo,Carga externa,Kettlebell,"Oblicuos, deltoides, tríceps Recto abdominal,",glúteos,Frontal,Bola arriba). Activa apretando la cadera inferior y,https://www.youtube.com/watch?v=zJeHjAbq6YM
Bounding,hecho,Locomoción,Peso corporal,Ninguno,"Cuádriceps, Glúteos pantorrillas, isquiotibiales, Flexores de cadera,",bíceps,Sagital,"Bow and Bend comienza en una postura erguida con los pies al ancho de las caderas o un poco más separados. Para iniciar el movimiento, manteniendo los brazos Bow and Bend",https://www.youtube.com/watch?v=nZLdyOIZ1-w
Bow and Bend,re-film,Flexión,Estabilidad,Ninguno,"Isquiotibiales, deltoides anteriores Erectores espinales",Erector Spinae,Sagital,"Extensión de espalda, apretando los glúteos juntos y metiendo el coxis (para proteger la zona lumbar), luego inclínate",https://www.youtube.com/watch?v=E5qy0rzBqqY
El Box Handstand Hold,hecho,Empuje,Peso corporal,Caja pliométrica,"Tríceps, trapecio, deltoides Recto abdominal,",erectores espinales,Sagital,Presionando continuamente el suelo hacia abajo.,https://www.youtube.com/watch?v=Y74MP0IpKOE
Box Jump Over,re-film,Sentadilla,Peso corporal,Plyo,"Box Cuádriceps, Glúteos Isquiotibiales,",Gemelos,Sagital,"Lado, dobla las rodillas al aterrizar para amortiguar el aterrizaje, luego gira",https://www.youtube.com/watch?v=XmAVVkA0X58
Box Jump Step Down,re-film,Una pierna,Peso corporal,Plyo,"Box Cuádriceps, Glúteos Isquiotibiales,",Gemelos,Múltiple,"Control, extiende un pie hacia atrás y hacia abajo, seguido por el otro pie para ste",https://www.youtube.com/watch?v=-MJyEtCaUCI
Box Shoulder Stretch,re-film,Jalar,Peso corporal,Plyo,"Box Deltoides Anteriores, Latíssimo Dorsi","Deltoides Posteriores, Trapecio",Sagital,Hacia el suelo.,https://www.youtube.com/watch?v=iuvOSKxm50Y
Box Shoulder Stretch Against Wall,re-film,Doblar,Estabilidad,Plyo,"Box Deltoides Anteriores, Latísimo Dorsi","Deltoides Posteriores, Trapecio",Sagital,"Brazos extendidos por encima de la cabeza, con bíceps cerca de la oreja, manos colocadas en una pared frente a ti a la altura de la cadera. Permite que el pecho se hunda hacia el el piso a Box Squat comienza en una postura de pie alta, los pies un poco más anchos que la cadera- ancho con los dedos ligeramente hacia afuera, con una barra colocada en el Box Squat",https://www.youtube.com/watch?v=0peYbCDrP7E
Permite que el pecho se hunda hacia el el piso a,re-film,Sentadilla,Carga externa,Barra,"Cuádriceps, glúteos, isquiotibialesGemelos,",erectores de la columna,Sagital,"Manteniendo la espalda plana, y lleva las caderas hacia atrás y hacia abajo sobre la caja. Luego, bri",https://www.youtube.com/watch?v=xubJ5Jo-v6E
Box Step Over,hecho,Pierna única,Peso corporal,Caja pliométrica,"Cuádriceps, glúteos, isquiotibialesGemelos",,Múltiple,"Primero un pie y luego el otro, para volver al suelo. Gira alrededor, 180 grados y repite",https://www.youtube.com/watch?v=OMQ81Ac3
Paso de caja hacia arriba,re-film,Pierna única,Peso corporal,Caja pliométrica,"Cuádriceps, glúteos, isquiotibialesGemelos",Calves,Sagital,"Pie, para volver al suelo. Alterna el pie de inicio y el siguiente piernas",https://www.youtube.com/watch?v=gMQ2id4MYjE
Box Walk Over,hecho,Pierna única,Peso corporal,Caja pliométrica,"Cuádriceps, glúteos Isquiotibiales,",gemelos,Sagital,"Otro, gira en la parte superior y baja con una pierna. Bridge comienza tendido supino en el suelo, con las rodillas flexionadas y los talones abajo. Para preparar, lleva las manos atrás de las orejas, palmas hacia abajo y",https://www.youtube.com/watch?v=H1NNppo5E4w
Puente,re-film,Doblar,Peso corporal,Ninguno,"Glúteos, isquiotibiales, erectores de la columna Flexores Latísimo de cadera, dorsal deltoides anteriores,",,Sagital,KBVjTDA glúteos para activar.,https://www.youtube.com/watch?v=DSs
Bridge Walkout,hecho,Núcleo,Peso corporal,Ninguno,"Glúteos, isquiotibiales Recto Abdominal, Cuádriceps",,Sagital,WnN3M juntar las manos en oración sobre los hombros con los brazos,https://www.youtube.com/watch?v=c4w
Desde el puente de glúteos,re-film,Doblar,Peso corporal,Ninguno,"Deltoides, Dorsal ancho Tríceps","Cuádriceps erectores espinales, pared, a aproximadamente la distancia de un brazo de la pared. Para iniciar",Sagital,"Palmas tocándose, doblando las rodillas y apretando los glúteos para proteger la baja b Ejercicio Estado Patrón Tipo Implementación principal Músculos principales trabajados Músculos secundarios trabajados Plano Explicación del ejercicio URL de YouTube",https://www.youtube.com/watch?v=ODewmYIy5Ks
Broad Jump,re-film,Locomoción,Peso corporal,Ninguno,"Cuádriceps, Oblicuo Gemelos, Lateral Isquiotibiales","Glúteos movimiento, coloca resistencia haciendo un giro en las caderas y doblando las",Sagital,"Brazos hacia arriba y adelante mientras se extienden las caderas de manera que los pies se despeguen del suelo y salten el f Burpee comienza en una posición alta de pie. Para iniciar el movimiento, doblar las caderas y doblar las rodillas y llevar las palmas hacia abajo",https://www.youtube.com/watch?v=7GjhAmmbImA
Burpee,re-film,Complejo,Peso corporal,Ninguno,"Pectoral mayor, Deltoides anteriores Cuádriceps","Tríceps Sagital al de suelo. un push-up, Salta hacia dejando atrás que a una la parte posición",Frontal,"Para volver a subir y avanzar los pies y realizar un salto vertical salto, un",https://www.youtube.com/watch?v=NRMhb6imSoA
Burpee Bar Muscle-Up,hecho,Complejo,Peso corporal,Barra de dominadas,"Latissimus Recto abdominal Dorsi, Bíceps, Tríceps, Glúteos","Romboides barra de dominadas. Para iniciar el movimiento, realiza un burpee doblando las caderas",Sagital,"Bajando completamente hasta el suelo. Luego, empújate",https://www.youtube.com/watch?v=bZx0ERSQHTU
Burpee Box Jump,re-film,Complejo,Peso corporal,Plyo,"Box Glúteos, , Tríceps Isquiotibiales, Pectoral mayor","Flexores de la cadera, Deltoides anteriores, Latissimus Dorsi",Sagital,"Superficie. Luego, vuelve a subir y sube los pies a las manos y vuelve a subir",https://www.youtube.com/watch?v=X8u9MgLMhTA
Burpee Box Jump Over,re-film,Complejo,Peso corporal,Caja pliométrica,"Glúteos, Tríceps Isquiotibiales, Cuádriceps, Pectorales, Dorsale","s Deltoides Anteriores, Latíssimo",Múltiple,"Suelo. Luego, eleva de nuevo y salta los pies hacia las manos y vuelve a El Burpee Jump Largo comienza en una postura erguida neutral. Para iniciar el movimiento, realiza un burpee doblando las caderas, flexionando Burpee Jump Largo",https://www.youtube.com/watch?v=ayYlao8C5bQ
Burpee Jump Largo,re-film,Complejo,Peso corporal,Ninguno,"Glúteos, Flexores de cadera, Tríceps, Deltoides Cuádriceps, Rect",o Abdominal,Sagital,Nuevo para levantar el cuerpo y subir los pies a las manos y volver a aEl,https://www.youtube.com/watch?v=kkOSqoYOePg
Burpee High Jump,hecho,Complejo,Peso corporal,Ninguno,"Glúteos, Flexores de cadera, Tríceps, Deltoides Cuádriceps, Rect",o Abdominal,Sagital,"Separados. Luego, vuelve a colocar los pies en una posición de plancha y baja completamente",https://www.youtube.com/watch?v=jxwYSmqTByY
Burpee Over Bar,hecho,Complejo,Peso corporal,Barra,"Cuádriceps, Deltoides Glúteos, Tríceps, Recto Isquiotibiales abdominal,","Gemelos,",Múltiple,Salta de nuevo a una plancha y baja completamente al suelo. Activa,https://www.youtube.com/watch?v=g2DiuvyZaDY
Burpee Over Dumbbell,,Complejo,Peso corporal,Barra,"Cuádriceps, Deltoides Glúteos, Tríceps, Recto Isquiotibiales abdominal","Gemelos, Múltiple del piso. Para iniciar el movimiento, realiza un burpee doblando las caderas caderas, doblando las rodillas, y colocando las palmas en el suelo. Luego, https://www.youtube.com/watch?v=g2DiuvyZaDY salta de nuevo a una plancha y baja completamente al suelo. Activa el core y empújate hacia atrás Burpee sobre mancuerna comienza de pie perpendicular a una mancuerna Burpee Sobre Mancuerna completo Complejo Peso corporal Mancuerna Cuádriceps, Deltoides Glúteos, Tríceps, Recto Isquiotibiales Abdominal, Gemelos,",Múltiple,Vuélvete a la plancha y bájate hasta el piso por completo. Activa,https://www.youtube.com/watch?v=VX6RwYI35dI
Activa,hecho,Complejo,Peso corporal,Remo,"Cuádriceps, Deltoides Glúteos, Tríceps, Recto Isquiotibiales Abdominal,","Gemelos,",Múltiple,Regresa a la plancha y bájate hasta el piso por completo. Activa,https://www.youtube.com/watch?v=Ym9VfAnyRq8
Activa,re-film,Complejo,Peso corporal,Barra de dominadas,"Pecho Dorsal Mayor, ancho, Deltoides Bíceps Anteriores, Cuádriceps, Tríceps",", Escápulas",Sagital,"Suelo. Luego, vuelve a la posición de plancha y bájate por completo",https://www.youtube.com/watch?v=Y-P4DhRqTP4
Activa el core Burpee Ring Muscle-Up,hecho,Complejo,Peso corporal,Anillos,"Dorsal Deltoides ancho, Bíceps, Tríceps,Cuádriceps, Recto Abdominal Isquiotibiales, Glúteos,",,Sagital,"Colocando las palmas en el suelo. Luego, regresa a la posición de plancha y",https://www.youtube.com/watch?v=7gyet9
Burpee Ring Pull-Up,hecho,Complejo,Peso corporal,Anillos,"Dorsal Deltoides ancho, Bíceps, Tríceps,Cuádriceps, Recto Abdominal Isquiotibiales, Glúteos,",,Sagital,"Aik colocando las palmas en el piso. Luego, regresa a la posición de plancha y",https://www.youtube.com/watch?v=HSRJe9b
Burpee to Plate,re-film,Complejo,Peso corporal,Placa,"Cuádriceps, Deltoides Glúteos, Tríceps, Cuádriceps, Glúteos",", Pectorales",Sagital,"Piso. Luego, empuja hacia arriba y salta los pies hacia las manos y ven b",https://www.youtube.com/watch?v=74X0zlxFY0Q
Burpee al objetivo,re-film,Complejo,Peso corporal,Barra,"anclada Cuádriceps, Deltoides Glúteos, Tríceps, Pectorales,","pantorrillas, recto abdominal",Sagital,Piso. Activa el core y empújate hacia arriba y salta los pies Patadas de trasero,https://www.youtube.com/watch?v=FToMxgFU3v8
Butt Kickers,re-film,,Peso corporal,Ninguno,"Cuádriceps, pantorrillas Glúteos,",isquiotibiales,Sagital,Ejercicio Estado Patrón Tipo Implementación principal Músculos principales trabajados Músculos secundarios trabajados Plano Explicación del ejercicio URL de YouTube,https://www.youtube.com/watch?v=TMqkEDlSfzk
Para Pull-Up Mariposa de Pecho a Barra,hecho,Jalar,Peso corporal,Barra de dominadas,"Latissimus Abdominis, erectores Dorsi, Recto espinales Bíceps, Cuádriceps iniciar el movimiento, balancea el cuerpo hacia adelante y arquea a través de",,Sagital,OZgruHE a través de la columna mientras acercas el pecho hacia la barra y haces hollow,https://www.youtube.com/watch?v=MJv
Pull-Up Mariposa,re-film,Jalar,Peso corporal,Barra de dominadas,"Latissimus Abdominis, erectores Dorsi, Recto espinales Bíceps,",Cuádriceps,Sagital,"Hace hollow a través del core mientras regresas, creando un ciclo continuo de arqueos",https://www.youtube.com/watch?v=l8AFbHsA2xQ
Press de banca con cable,hecho,Empujar,Carga externa,Cable,"Deltoides, Tríceps anteriores, Pectoral mayor","Latissimus Dorsi, Deltoides posteriores",Sagital,"Ángulo. Para iniciar el movimiento, empuja las manijas del cable hacia arriba sobre el",https://www.youtube.com/watch?v=VUHDRPvSm1I
Chop de alto a bajo con cable,hecho,Núcleo,Carga externa,Cable,"Transverso del abdomen, Deltoides Bíceps","Tríceps Transverso entrelazado sobre una manija de cable, comenzando en una posición alta cerca de",,"Hombro interior. Para iniciar el movimiento, acerca las manos desde los hombros hacia abajo contra la opuesto",https://www.youtube.com/watch?v=blXR9rgp0SU
Rotación Interna con cable,hecho,Jalar,Carga externa,Cable,"Cuff Deltoides de rotador, medios Deltoides anteriores, Bíceps","braquial maquina, con una manija de cable en una mano, con el codo flexionado a 90- Transverso ángulo de grado para que el antebrazo esté alineado con el codo y los nudillos sean",,"Apuntando hacia adelante. Para iniciar el movimiento, lleva la mano del cable hacia dentro",https://www.youtube.com/watch?v=HqqrwQq7Tfw
Zancada con cable y mangos,hecho,Una pierna,Carga externa,Cable,"Cuádriceps, isquiotibiales, glúteosGemelos, deltoides anteriore",s Sagital empezando en la posición de rack,Frontal,"Pie adelantado y doble articulación de ambas rodillas, creando una posición 90-90 en",https://www.youtube.com/watch?v=FMyfCa3WKxI
Extensión de tríceps acostado,hecho,Empujar,Carga externa,Cable,"Tríceps Deltoides anteriores, Rect",o Abdominales,Sagital,"Agarre pronado, y empezar con los brazos extendidos por encima del pecho. Para",https://www.youtube.com/watch?v=OBMMBlnt1Sc
Levantamiento Powell con cable,hecho,Jalar,Carga externa,Cable,"Deltoides posteriores, romboides Dorsal ancho","escapulas Transverso comienza en la cadera interior. Para iniciar el movimiento, manteniendo el brazo",,"Recto, lleva la mano del cable desde la cadera interior hacia arriba y hacia afuera sobre el hombro exterior. Luego, con",https://www.youtube.com/watch?v=NGvGAUIHVZk
Peso muerto rumano con cable,hecho,Doblar,Carga externa,Cable,"Isquiotibiales, Erector de la columna, Glúteos","Romboides, Dorsal ancho",Sagital,Abajo frente a las caderas con los brazos extendidos.,https://www.youtube.com/watch?v=P02Hz-SfL8I
Rope Face Curl,hecho,Jalar,Carga externa,Cable,"Bíceps, Braquial Tríceps,",Romboides,Sagital,"Movimiento, comienza a doblar los codos y flexionar los mangos de cuerda fuera de la cabeza. Luego, con c",https://www.youtube.com/watch?v=OX4fcc4OtZA
Cabio Squat con Mangos,hecho,Sentadilla,Carga externa,Cable,"Cuádriceps, Glúteos, Isquiotibiales Recto Abdominal","Flexores de cadera Sagital ligeramente apuntando hacia afuera, con mangos de cable posicionados en la rack",Frontal,Posición por encima de los hombros y codos flexionados. Para iniciar el,https://www.youtube.com/watch?v=j9S2hpNM2u0
Cable Standing Hip Adduction,hecho,,Carga externa,Cable,"Aductores, Flexores de cadera, Glúteos Cuádriceps, Isquiotibiales",", Oblicuos",Frontal,Del piso y pie flexionado. Sujete la máquina de cables para estabilidad. Para iniciar el moveme,https://www.youtube.com/watch?v=9uG7liHYDR8
Pushdown de tríceps con barra recta,hecho,Empuje,Carga externa,Polea,"Tríceps, extensores Erectores espinales,",deltoides posteriores,Sagital,"Los brazos para empujar las manos hacia abajo en dirección al suelo. Luego, con control, lleva la barra recta",https://www.youtube.com/watch?v=68kjoCtOBbA
Elevación Frontal con Polea y agarre supino,realizado,Empuje,Carga externa,Polea,"Deltoides anteriores, deltoides medios","recto abdominal, tríceps",Sagital,"Movimiento, manteniendo los brazos rectos y el core firme, comienza a elevar la barra recta hacia arriba solo h Ejercicio Estado Patrón Tipo Implementación principal Músculos principales trabajados Músculos secundarios trabajados Plano Explicación del ejercicio URL de YouTube",https://www.youtube.com/watch?v=inG9jmtiD3Q
Cable Wrist Extension,hecho,Jalar,Carga externa,Cable,"Extensores Braquial,",Braquiradial,Sagital,"Iniciar el movimiento, desde la muñeca, tirar de los nudillos hacia atrás hacia tú y luego, con control",https://www.youtube.com/watch?v=dud5h3ev0DM
Levantamiento de pantorrilla en prensa de piernas,hecho,Empuje,Carga externa,Prensa,"de piernas Pantorrillas Isquiotibiales, Cuádriceps",,Sagital,Desbloquear la máquina para que la prensa de piernas pueda deslizarse. Una vez que la prensa de piernas está,https://www.youtube.com/watch?v=c3S0UQdb
Gato Vaca,hecho,Núcleo,Peso corporal,Ninguno,"Recto abdominal, erectores espinales",tríceps,Sagital,"Completamente extendido. Luego, pase a una posición de gato llevando la barbilla hacia la pecho, protiriendo o redondeándose a través de la parte superior de la espalda, y encontrar una posterior",https://www.youtube.com/watch?v=jztNVejxnIw
Remo con cable soportado por el pecho,hecho,Jalar,Carga externa,Cable,"Dorsal ancho, Bíceps, Romboides Deltoides posteriores con el pecho mirando la parte inclinada del banco","talones en el suelo,",Sagital,Empezando con los brazos extendidos hacia adelante frente a los hombros. Para,https://www.youtube.com/watch?v=tKSZWiP9xnE
Fly reverso con mancuernas soportado por el pecho,hecho,Jalar,Carga externa,Mancuerna,"Deltoides Dorsal, romboides posteriores, Dorsal ancho Trapecio,",deltoides mediales,Sagital,"Movimiento, mantén una ligera flexión en los codos, llevando los brazos hacia afuera",https://www.youtube.com/watch?v=ygcA182PkMY
PkMY el movimiento,,Flexión,Carga externa,Mancuerna,"Dorsal ancho, bíceps Escápulas,",romboides,Sagital,"Las mancuernas toquen el suelo y las mancuernas se sujeten con un agarre neutro. Para iniciar el movimiento, lleva los codos hacia arriba en dirección al techo y aprieta",https://www.youtube.com/watch?v=nRWvZxbMUgE
Remo inclinado con kettlebell apoyado en pecho,hecho,Jalar,Carga externa,Kettlebell,"Dorsal ancho, bíceps Escápulas,",trapecio,Sagital,"Agarre neutro. Para iniciar el movimiento, lleva los codos hacia atrás y hacia el cuerpo y aprieta",https://www.youtube.com/watch?v=ajvUK42u6fs
Elevación posterior de deltoides inclinado apoyado en pecho,hecho,Jalar,Carga externa,Mancuerna,"Deltoides posteriores, deltoides mediales","romboides, escápulas",Sagital,"Para iniciar el movimiento, mantén los brazos rectos en todo momento, lleva los brazos hacia afuera y en l",https://www.youtube.com/watch?v=XqJx0EaM5ak
Elevación posterior de deltoides inclinado apoyado en pecho,hecho,Jalar,Carga externa,Mancuerna,"Deltoides posteriores, deltoides mediales","romboides, escápulas Sagital mano, comenzando con los brazos en posición colgante debajo de los hombros.https://www.youtube.com/watch?v=XqJx0EaM5ak Para iniciar el movimiento, mantén los brazos rectos en todo momento, lleva los brazos hacia afuera y en l Dominada al pecho comienza colgado de una barra de dominadas. Para iniciar el movimiento, entra en un balanceo, moviendo el cuerpo hacia adelante y Dominada al pecho regrabar Jalar Peso corporal Barra de dominadas Dorsal ancho, bíceps Glúteos",Sagital,"Core hasta que consigas suficiente impulso para llevar el pecho para tocar la barra de dominadas tras un backswing. El , agarre desde el pecho a la sujeción en anillo se mantiene sujetando cada mano en un anillo gimnástico,",https://www.youtube.com/watch?v=ptmw9iSoGYA
Agarre de pecho a anillo,re-film,Jalar,Peso corporal,Anillos,"Dorsal ancho, Bíceps Glúteos",Glutes,Sagital,Aprieten hacia los lados para mayor estabilidad.,https://www.youtube.com/watch?v=Me1RRNtBmGU
Dominada de pecho a anillo,re-film,Jalar,Peso corporal,Anillos,"Dorsal ancho, Bíceps Escápulas",Scapulars,Sagital,Apretón para la estabilidad y consolidar la fuerza.,https://www.youtube.com/watch?v=NlwOQ5gql5k
Concha,re-film,Una pierna,Carga externa,Ninguna,"Glúteos, Isquiotibiales Oblicuo abdominal externo Transverso caderas medias. Para iniciar el movimiento",comienza a abducir a través de la parte superior,,"Pierna, encuentra un movimiento de rotación hacia afuera y aprieta en la parte superior. Luego, con control, baja la pierna superior de nuevo a la posición inicial.",https://www.youtube.com/watch?v=ShOPQe5FDXo
Push-Up de aplausos,re-film,Empujar,Peso corporal,Ninguna,"Pecho mayor, Deltoides anterior Tríceps, Abdomini","s Supraespinoso, Recto",Sagital,"Cuerpo. Luego, empuja poderosamente hacia el suelo para volver a subir hacia la plancha alta y en la v El clean comienza con una barra cargada en el suelo, con la barra alineada por encima de las puntas de los pies, y los pies separados a la anchura de la cadera. Agarra la Clean",https://www.youtube.com/watch?v=0Pn8sWCVVxU
Agarra la Clean,re-film,Doblar,Explosividad,Barra,"Cuádriceps, Erector de la columna, Glúteos, Recto Abdominis, Dorsal ancho, Isquiotibiales Trapecio",,Sagital,Con rodillas flexionadas y columna recta.,https://www.youtube.com/watch?v=s0-Q9CDTS
Clean and Jerk,re-film,Empujar,Explosividad,Barra,"Cuádriceps, Erector de la Espina, dGsl,u Hteasm, Rstericntguss Latissimus Dorsi, Deltoides AnterioresAbdominales, Trapecio",,Sagital,"JGEr60 de anchura de hombro, con la parte superior del cuerpo paralela al suelo en una bisagra posición con las rodillas flexionadas y la columna recta. Para iniciar el movimiento, comienza a impulsar Ejercicio Estado Patrón Tipo Implementación Principal Músculos Principales Trabajados Músculos Secundarios Trabajados Plano Explicación del Ejercicio URL de YouTube",https://www.youtube.com/watch?v=G
Clean desde la Posición de Potencia,hecho,DOBLARSE,Explosividad,Barra,"Cuádriceps, Erector de la Espina, (Erector Spinae) Latísimo Dorsi, Isquiotibiales Glúteos, Trapeci","o Recto Abdominis,",Sagital,"Movimiento, dobla las rodillas y hunde las caderas en una sentadilla de un cuarto.",https://www.youtube.com/watch?v=x-Owblt5fyk
Levantamiento de Peso Muerto con Agarre Limpio,hecho,,Carga externa,Barra,"Glúteos, Latísimo Dorsi Recto Abdominis, Trapecio","Rectus Abdominis, Trapezius",Sagital,"Eleva el pecho para estar en una posición de sentadilla parcial, parte bisagra, y tirar",https://www.youtube.com/watch?v=qA64bY50Fz0
Clean Pull,hecho,,Carga externa,Barra,"Isquiotibiales, Espinae, Trapecio Glúteos, Erector Cuádriceps, Rect",o Abdominis,Sagital,"Caderas hacia abajo, dobla las rodillas y eleva el pecho para estar en una sentadilla parcial,",https://www.youtube.com/watch?v=JLuBhNV4Se4
Levantamiento de Peso Muerto Segmentado Limpio,hecho,,Carga externa,Barra,"Erector Spinae, Isquiotibiales, Glúteos, Latísimo Dorsi Glúteos, Trapeci","o Recto Abdominis,",Sagital,"Caderas hacia abajo, dobla las rodillas y eleva el pecho para estar en una sentadilla parcial,",https://www.youtube.com/watch?v=akxX8p9baqU
Press de Banca de Agarre Cerrado,re-film,Empujar,Carga externa,Cinta,"de pesas Pec Deltoides Major, Tríceps, Anterior Deltoides Mediales, Pectora",l Menor,Sagital,"Hacia la parte inferior del pecho, manteniendo los codos cerca de el cuerpo. Luego, pun",https://www.youtube.com/watch?v=3LZDS0vOzdk
Press de Mancuernas con agarre cerrado,hecho,Empujar,Carga externa,Mancuerna,"Pec Deltoides Major, Tríceps, Anterior Deltoides Mediales, Pectora",l Menor,Sagital,"Pecho. Para iniciar el movimiento, empieza a bajar las mancuernas hacia la parte superior de la caja torácica Press de piso con agarre cerrado comienza tendido de espaldas en el suelo, con las rodillas dobladas Press de Piso con Agarre Cerrado",https://www.youtube.com/watch?v=jsHE2plMPxY
Press de Piso con Agarre Cerrado,hecho,Empujar,Carga externa,Barra,"Pec Deltoides Major, Tríceps, Anterior Deltoides Mediales, Pectoral Menor",,Sagital,"EScy0 iniciar , el movimiento, llevar los codos hacia el suelo, manteniendo los codos cerca de la bo",https://www.youtube.com/watch?v=fyRkS
Dominada con agarre cerrado,hecho,Jalar,Carga externa,Cabo,"Latísimo Dorsal, Bíceps Escápulas, Deltoide",s Posteriores,Sagital,"Hacia arriba. Para iniciar el movimiento, retrae a través del hombro",https://www.youtube.com/watch?v=4QBLl7QW45o
Sentadilla Hombro Alto con Agarre Cerrado,re-film,Sentadilla,Carga externa,Barra,"Cuádriceps, Glúteos, Trapecio, Deltoides Anteriores, Isquiotibiales Pantorrillas, Abdominale","s Erector de la Columna, Transverso",Sagital,"Movimiento, manteniendo los brazos bloqueados, flexiona las rodillas y siéntate las caderas b",https://www.youtube.com/watch?v=viHbTSmzxa8
Close Grip Parallette Tricep Push-Up,hecho,Empuje,Peso corporal,Paralelas,"Tríceps, deltoides anteriores, pectorales Recto abdominal",Rectus Abdominis,Sagital,Comienza a llevar la parte inferior del pecho hacia la paralela mientras llevas los codos hacia atrás y mantienes,https://www.youtube.com/watch?v=hDH5pliNKoM
Jalón de rodillas con agarre cerrado,hecho,Jalar,Carga externa,Polea,"Dorsal ancho, bíceps Erectores espinales,",deltoides posteriores,Sagital,"Las escápulas, lleva los codos hacia atrás y aprieta hacia el cuerpo mientras llevas la barra hacia",https://www.youtube.com/watch?v=IHZdv6aq0zc
Jalón de rodillas con agarre cerrado,hecho,Jalar,Carga externa,Polea,"Dorsal ancho, bíceps Erectores espinales","deltoides posteriores Sagital agarre, con los brazos extendidos hacia arriba. Para iniciar el movimiento, retrae https://www.youtube.com/watch?v=IHZdv6aq0zc las escápulas, lleva los codos hacia atrás y aprieta hacia el cuerpo mientras llevas la barra hacia El estiramiento cobra comienza tumbado boca abajo en el suelo, con el cuerpo en una línea y las palmas en el suelo junto a la caja torácica. Para entrar en Estiramiento cobra regrabar Flexión Estabilidad Ninguno Erectores espinales, oblicuos Deltoides anteriores, glúteos",Sagital,"Hacia el techo, manteniendo los brazos extendidos, escápulas hacia atrás y aprieta los glúteos para activar.",https://www.youtube.com/watch?v=MzqRbCCbWl4
Cocky Walk,hecho,Locomoción,Peso corporal,Ninguno,"Gemelos, glúteos Isquiotibiales,",cuádriceps,Sagital,"Adelante con el otro pie y vuelve a elevar el talón, manteniendo",https://www.youtube.com/watch?v=RS7ojFIHulg
Cocky Walk,hecho,Locomoción,Peso corporal,Ninguno,"Gemelos, glúteos Isquiotibiales, cuádriceps Sagital subir sobre la punta del pie","luego da un pequeño paso https://www.youtube.com/watch?v=RS7ojFIHulg adelante con el otro pie y vuelve a elevar el talón, manteniendo las piernas rectas durante todo el movimiento El Contralateral Carry comienza de pie, con una kettlebell Contralateral Carry regrabar Locomoción Carga externa Kettlebell Deltoides anteriores, tríceps, glúteos Dorsal Isquiotibiales ancho, cuádriceps,",Sagital,"Posición, comienza a caminar hacia adelante de manera constante.",https://www.youtube.com/watch?v=so3M4VIYILE
Contralateral Dumbbell Single Leg Romanian Deadlift,hecho,Una pierna,Carga externa,Mancuerna,"Isquiotibiales, Glúteos, Erector de la columna","Cuádriceps, Escápulas",Sagital,"Espalda mientras la parte superior del cuerpo se inclina hacia adelante, manteniendo la espalda recta, y",https://www.youtube.com/watch?v=QEhDXVJRmCM
De rodillas altas contralateral a de pie re-grabar,,Una pierna,Carga externa,Mancuerna,"Deltoides Cuádriceps anteriores, tríceps, Dorsal Abdominales ancho,","glúteos, recto",Sagital,"Movimiento, da un paso hacia adelante con un pie a posición de medio arrodillado, luego",https://www.youtube.com/watch?v=5E3ylmfTWjo
Para entrar en Plancha de Copenhague,hecho,Núcleo,Peso corporal,Banco,"Oblicuos, aductores, glúteos Deltoides anteriores",Anterior Deltoids,Frontal,"Pierna inferior del suelo para alinearla con las caderas, apretando los glúteos y el costado para activar y mantener la posición.",https://www.youtube.com/watch?v=Uni6W3RUeUw
"RUeUw

pierna inferior del suelo para alinearla con las caderas",,Sentadilla,Peso corporal,Ninguno,"Cuádriceps, aductores, abductores","glúteos, isquiotibiales",Frontal,"Glúteos hacia el suelo manteniendo la columna recta. Luego, impulsa a través del talón",https://www.youtube.com/watch?v=sFnwqhbOMu0
Sentadilla Cossack con press,hecho,Complejo,Carga externa,Pesa rusa,"Cuádriceps, Deltoides anteriores aductores, abductores, Glúteos","Deltoides recto abdominal, medial Múltiple pies separados y los dedos apuntando hacia afuera, y con dos pesas rusas sostenidas en la posición de rack",Frontal,"Hacia un lado, flexionando la rodilla mientras mantienes el talón en el suelo y",https://www.youtube.com/watch?v=wJ0ViEJ-52Q
Estiramiento Couch re-grabar,,Una pierna,Estabilidad,Pared,"Flexor de cadera, Psoas Cuádriceps,",Erector de la columna,Sagital,"Suelo al principio, trabajando para traer la parte superior de la espalda a inclinarse contra la pared detrás de usted, llevando la columna a una posición vertical. Crab Walk comienza en una posición sentada con la columna recta, las rodillas flexionadas y los talones sobre Crab Walk",https://www.youtube.com/watch?v=aMrjDm2Kh9w
Crab Walk,hecho,Locomoción,Peso corporal,Ninguno,"Deltoides Glúteos anteriores, Cuádriceps, Tríceps","Isquiotibiales el suelo, con las manos bajo los hombros, los brazos extendidos y los dedos",Sagital,"Espalda y camine las manos y los talones hacia atrás, moviéndose en dirección opuesta",https://www.youtube.com/watch?v=ve4Q60-iw5s
Snatch muscular con mancuerna cruzada,hecho,Flexionar,Explosividad,Mancuerna,"Glúteos, Erector de la columna, Isquiotibiales, Deltoides bíceps","trapecio con una mancuerna en una mano. Para iniciar el movimiento, comience a inclinarse Transverso desde las caderas y bajar la mancuerna hacia la parte opuesta",,"Pie. Luego, comience a erguirse de nuevo, llevando la mancuerna de vuelta a",https://www.youtube.com/watch?v=qVDLyu3ccNw
Peso Muerto Romana con Mancuerna Cruzada,hecho,Flexionar,Carga externa,Mancuerna,"Glúteos, Erector de la columna, Isquiotibiales","Transverso del Abdomen Transverso colgando delante del muslo del mismo lado. Para iniciar el movimiento,",,"Doblar desde las caderas, tirar de las caderas hacia atrás y girar la parte superior del cuerpo",https://www.youtube.com/watch?v=o1LpJ2BUa7g
Cross Body Kettlebell Romanian Deadlift,hecho,Flexionar,Carga externa,Kettlebell,"Glúteos, Erector de la columna, Isquiotibiales","Transverso del abdomen Transverso movimiento, doblarse desde las caderas, llevar las caderas hacia atrás y girar la parte superior del cuerpo",,"Parte superior del cuerpo hacia adelante, manteniendo la espalda recta y dibujar la kettlebell hacia el pie opuesto",https://www.youtube.com/watch?v=P793RrT5VhM
Snatch con una sola mano y mancuerna cruzada hacia la zancada hacia atrás,hecho,Complejo,Carga externa,Mancuerna,"Glúteos, Erector de la columna, Isquiotibiales, deltoides, cuádriceps eRpesctus Abdominales Abdominis,",Transverso,Múltiple,"Mancuerna, luego flexiona ligeramente las rodillas y en un solo movimiento fluido",https://www.youtube.com/watch?v=KsJc0gVPwL8
Cross Body V-Up,hecho,Núcleo,Peso corporal,Ninguno,"Recto abdominal, transverso Abdominales Flexores de cadera, deltoides anteriores con las piernas extendidas flotando sobre el suelo y los brazos extendidos Transverso por encima de la cabeza con la parte posterior de los hombros flotando sobre el suelo y la zona lumbar apoyada en el suelo. Para iniciar el movimiento, comienza a alcanzar",,,"Mano opuesta hacia el lado contrario El crunch comienza en posición supina, con las manos entrelazadas detrás de la cabeza, rodillas dobladas y talones en el suelo. Para iniciar el movimiento, Crunch",https://www.youtube.com/watch?v=-BQBDbc
Crunch,hecho,Núcleo,Peso corporal,Ninguno,Recto abdominal Erectores espinales,Erector Spinae,Sagital,"Hacia el techo, manteniendo el cuello neutral, y luego con control, baja de nuevo al suelo.",https://www.youtube.com/watch?v=MuBXHVOAXNo
Crush Grip Tall Kneeling Pallof Press,hecho,Empuje,Carga externa,Kettlebell,"Pectoral Deltoides mayor, anteriores pectoral menor, tríceps, Recto abdominal con una kettlebell agarrada al pecho","en posición invertida, con",Sagital,"Movimiento, extiende los brazos rectos frente a ti, manteniendo",https://www.youtube.com/watch?v=ip64ETSSFw8
Cuban Press,hecho,Empuje,Carga externa,Barra,"Manguito Romboides rotador, deltoides, trapecio, Recto abdominal","pronador redondo,",Sagital,Los codos y antebrazos estén en línea vertical). Para iniciar el,https://www.youtube.com/watch?v=VDz8M9iZarY
Cuff Isolation,re-film,Jalar,Estabilidad,Disco,"Infraespinoso, redondo menor Dorsal ancho Transverso otro pequeño implemento en la mano superior",empezando con el peso delante de,,"Abdomen. Para iniciar el movimiento, gira a través del codo para mover el peso desde el interior hacia el exterior, moviéndose con control. Curl-Up comienza tumbado boca arriba en el suelo, con los talones hacia abajo y las rodillas flexionadas, y los brazos hacia abajo a los lados con las palmas hacia abajo. Para iniciar Curl-Up",https://www.youtube.com/watch?v=h4nCPeU6r5Q
Curl-Up,hecho,Núcleo,Peso corporal,Ninguno,Recto abdominal Flexores de cadera,Hip Flexors,Sagital,"Columna, levantando las escápulas del suelo y deslizándose las manos",https://www.youtube.com/watch?v=Tig1N-wZzTE
Curtsy Box Step Down,hecho,Una pierna,Peso corporal,Plyo,"Box Glúteos, Cuádriceps, Isquiotibiales Aductores","Abductores, Gemelos Transverso pie, interior fuera de la caja y bájalo y detrás de la pierna estable,",,"Permitiendo que la rodilla superior se doble. Luego, con control, impulsa a través de la el talón superior para traer los pies ba Ejercicio Estado Patrón Tipo Implemento Principal Músculos Principales Trabajados Músculos Secundarios Trabajados Plano Explicación del Ejercicio URL de YouTube La . zancada de reverencia comienza en una postura alta de pie con los pies juntos.",https://www.youtube.com/watch?v=HHb6ypPt09o
Zancada de reverencia,hecho,Una pierna,Peso corporal,Ninguno,"Glúteos, Cuádriceps, Isquiotibiales Aductores","Abductores, Gemelos Transverso detrás de la pierna estable, doblando las dos rodillas. Luego, con",,"Control, impulsa a través del talón delantero para volver a quedar de pie en una postura alta posición. Repite en el segundo La . sentadilla de reverencia comienza en una postura alta de pie con los pies juntos.",https://www.youtube.com/watch?v=c2KYHiSxaxw
Sentadilla de reverencia,re-film,Una pierna,Peso corporal,Ninguno,"Cuádriceps, Glúteos, Isquiotibiales Gemelos","Aductores, Abductores Transverso detrás de la pierna estable, doblando las dos rodillas. Luego, con",,"Control, impulsa a través del talón delantero para volver a quedar de pie en una postura alta posición. Repite en el segundo lado.",https://www.youtube.com/watch?v=DYcpHhwQrhg
Step Down de reverencia,hecho,Una pierna,Peso corporal,Caja pliométrica,"Cuádriceps, Glúteos, Isquiotibiales Abductores","Aductores, Gemelos Transverso con, el pie interior fuera de la caja y bájalo y detrás de la pierna estable,",,"Permitiendo que la rodilla superior se doble. Luego, con control, impulsa a través del",https://www.youtube.com/watch?v=owKya53kNR4
Sentadilla aerodinámica,hecho,Sentadilla,Peso corporal,Placa,"Cuádriceps, Glúteos, Isquiotibiales Gemelos,",Erector de la columna,Sagital,Dobla las rodillas hacia adelante y ligeramente hacia afuera mientras hundes las caderas hacia atrás y bajas hasta el fondo,https://www.youtube.com/watch?v=O9eBSqWDeh8
Sentadilla Frontal de Ciclista,hecho,Sentadilla,Carga externa,Barbilla?,"Cuádriceps, Glúteos, Isquiotibiales Gemelos, Erector de la column",a Sagital y una barra en la posición de rack,Frontal,Dobla las rodillas hacia adelante y ligeramente hacia afuera mientras llevas las caderas hacia atrás y bajas hasta el fondo,https://www.youtube.com/watch?v=8owCPkF0IQk
D-Ball Sobre el Hombro,re-film,Flexión,Carga externa,D-Ball,"Erectores espinales, isquiotibiales, glúteos","deltoides anteriores, trapecio",Sagital,"Lanza la bola por encima de un hombro. Luego, da la vuelta y repite el movimiento, lanzando la Deadbug comienza acostado en posición supina en el suelo con las rodillas dobladas y sobre las caderas para crear una posición de 90-90 y los brazos extendidos hacia el Deadbug",https://www.youtube.com/watch?v=VBAUXbXnl3k
Deadbug,hecho,Core,Estabilidad,Ninguno,"Core, flexores de cadera Dorsal ancho",,Sagital,"NIsM mientras extiendes simultáneamente la pierna opuesta hacia adelante, todo mientras mantienes la zona lumbar apoyada en el suelo. Luego, vuelve a la posición inicial",https://www.youtube.com/watch?v=0fhaRa
Press de banca con mancuernas Deadbug,hecho,Empuje,Carga externa,Mancuerna,"Pectoral mayor, deltoides anteriores, Tríceps, recto abdominal Flexores de cadera","pectoral menor con una mancuerna en cada mano con agarre prono, con los codos doblados",Sagital,"Creando una posición de 90-90 con las piernas. Para iniciar el movimiento, comienza a presionar las mancuernas hacia arriba",https://www.youtube.com/watch?v=RcLdhhNeAdI
Press de suelo con mancuernas Deadbug,hecho,Empuje,Carga externa,Mancuerna,"Pectoral mayor, deltoides anteriores, Tríceps, recto abdominal Flexores de cadera, pectoral menor mancuerna en cada mano con los brazos extendidos hacia el techo",,Sagital,"Iniciar el movimiento, baja las mancuernas y permite que",https://www.youtube.com/watch?v=OND08jjay
Press de Banca con Agarre Cercano en Declinado,hecho,Empujar,Carga externa,Barra,"Pectorales, Tríceps, Deltoides Anteriores Latísimo dorsal",Latissimus Dorsi,Sagital,"Movimiento, permitir que los codos se doblen y mantener apretados cerca de el cuerpo mientras bajas",https://www.youtube.com/watch?v=UWD-mpupcBw
Press de Banca con Mancuernas en Declinado,hecho,Empujar,Carga externa,Mancuerna,"Pectorales, Tríceps, Deltoides Anteriores Extensores del tobillo, Rect",o Abdominis,Sagital,"Justo fuera del pecho. Para iniciar el movimiento, golpea las nueces en dirección al techo a",https://www.youtube.com/watch?v=hNhR5O754ow
Press de Banca con Agarre Cercano en Mancuernas en Declinado,hecho,Empujar,Carga externa,Barra,"Pectorales, Tríceps, Deltoides Anteriores Extensores del tobillo, Rect",o Abdominis,Sagital,"Apretadas cerca del cuerpo y las mancuernas ubicadas justo fuera de el pecho. Para iniciar el movimiento, p",https://www.youtube.com/watch?v=KvYJq7YfvgY
Vuelo de Mancuernas en Declinado,hecho,Empujar,Carga externa,Mancuerna,"Pectorales, Deltoides Anteriores Deltoides Traseros Transverso con un agarre neutro con los brazos extendidos sobre el pecho",manteniendo un ligero,,Doblándose hacia los codos.,https://www.youtube.com/watch?v=NyRPXwFkXNE
Tirón limpio con déficit,hecho,Doblar,Explosividad,Barra,"Glúteos, Erector de la Espina eLzaituisssimus Isquiotibiales, Cuádriceps, Trapecio Abdomen Dorsi, Rectus","eLzaituisssimus Dorsi, Rectus Abdominis",Sagital,Separados. Las manos son más anchas que el ancho de los hombros y pronadas. Flexiona la,https://www.youtube.com/watch?v=VChlBS6nwFc
Deficit Deadlift,re-film,Doblar,Carga externa,Barra,"Erector Spinae, Isquiotibiales, Latísimo Dorsi, Recto Glúteos, Cuádricep",s Abdominis,Sagital,"Separado. Las manos están más abiertas que la anchura de los hombros y pronadas. Flexiona las caderas caderas hacia abajo, dobla las rodillas y eleva el pecho para quedar en una especie de sentadilla, parte de bisagra p Ejercicio Estado Patrón Tipo Implementación principal Músculos principales trabajados Músculos secundarios trabajados Plano Explicación del ejercicio URL de YouTube",https://www.youtube.com/watch?v=8JrOCpcMDvo
Deficit Handstand Push-Up,re-film,,Peso corporal,Disco,"Recto abdominal, Glúteos","Rectus Abdominis, Glutes",Sagital,"Trapecio codos permitiéndolos externalizar a un ángulo de 45 grados y bajar el la coronilla de la cabeza hasta el suelo, entre los discos de pesas. Luego, empuja",https://www.youtube.com/watch?v=EwIMg1s4PDI
Levantamiento de peso rumano con déficit,hecho,Doblar,Carga externa,Barra,"Cuádriceps, Recto abdominal","Quadriceps, Rectus Abdominis",Sagital,"Glúteos, Latíssimo dorsal movimiento, pivote desde las caderas, empuja las caderas hacia atrás, manteniéndo ligeramente",https://www.youtube.com/watch?v=KDrdOQ2ZyMM
Salto de profundidad,re-film,Sentadilla,Explosividad,Caja pliométrica,"Cuádriceps, isquiotibiales, glúteosPantorrillas,",Deltoides anteriores,Sagital,"Otro, y una vez que ambos pies toquen el suelo salta verticalmente y",https://www.youtube.com/watch?v=yZkHaVYmWy8
Dumbbell Devil Press,hecho,Complejo,Carga externa,Mancuerna,"Recto Abdominal, Gemelos","Rectus Abdominis, Calves",Sagital,Deltoides Anteriores mangos con un agarre neutro y salta de vuelta a una plancha alta y baja todo,https://www.youtube.com/watch?v=Lg5kpoILfMU
Dip Negative,re-film,Empujar,Peso corporal,Barra,"de Inmersión Pectorales, Deltoides Anteriores, Tríceps Trapecio, Rect",o Abdominal,Sagital,"Movimiento, comienza a flexionar los codos y tirarlos hacia atrás mientras inclina el pecho hacia adelante y activa el núcleo, creando un cuerpo hueco forma y l Dip Shrug comienza en la parte superior de una posición de inmersión, con manos en un agarre en barras de inmersión, o barras paralelas, con los brazos extendidos y pies Trapecio, Deltoides Anteriores, Encogimientos de Dip",https://www.youtube.com/watch?v=a0jgUkBQyK4
Encogimientos de Dip,hecho,Empujar,Peso corporal,Barra,"de Inmersión Tríceps, Serrato",,Sagital,"WVc Escápulas movimiento, manteniendo los brazos rectos en todo momento, eleva a través de las hombros, permitiendo que el cuerpo DNS Star comienza en una posición de decúbito lateral, con el antebrazo inferior apoyado en el suelo, codo debajo del hombro, rodillas flexionadas con Flexores de cadera, Glúteos, Transverso DNS Star",https://www.youtube.com/watch?v=Y
Transverso DNS Star,hecho,Núcleo,Estabilidad,Ninguno,"Deltoides Transverso piernas en una posición 90-90, con las piernas apiladas una sobre la otra y la superior",Deltoids,,"Abdominals, Abductores pie flotando, con el brazo superior extendido hacia adelante. Para iniciar el movimiento, empieza a dibujar el t Los Saltos Dobles comienzan con pie a pie juntos, saltar la cuerda mangos en cada mano, con la cuerda que comienza detrás de ti. Para iniciar el Monoestructura Recto Abdominal, Anterior Saltos dobles",https://www.youtube.com/watch?v=jM6Wl8vR-34
Double Unders,re-film,,Peso corporal,Cuerda,"para saltar Cuádriceps, Gemelos, Glúteos","Rectus Abdominis, Anterior Deltoids",Sagital,"Deltoides la primera vez, luego a medida que continúas, haz girar la cuerda rápido para que la cuerda",https://www.youtube.com/watch?v=21wLeswUKWw
Zancada hacia abajo,hecho,Una pierna,Peso corporal,Plato,"Gemelos, aductores Sagital doblándose hacia la rodilla","Calves, Adductors",Frontal,Flexores de cadera a través del talón delantero para reunir los pies en la posición elevada,https://www.youtube.com/watch?v=iL2CNyZy5vI
Repite en t,hecho,Una pierna,Peso corporal,Plato,"Gemelos, aductores Sagital espalda, doblándose hacia la rodilla trasera al aterrizar, así como hacia la rodilla",,Frontal,"OzoQ Flexores de cadera rodilla. Luego, impulsa a través del talón delantero para levantar la pierna trasera y tirar",https://www.youtube.com/watch?v=DrfJ3-
"Hr aDmeslttroinidgss, Erector Sentadilla ciclista con rack frontal de mancuernas",hecho,Sentadilla,Carga externa,Mancuerna,"Sagital pies a la anchura de cadera, y mancuernas sostenidas en cada mano en el rack","oHr aDmeslttroinidgss, Erector Spinae",Frontal,"Abdominis, Gemelos, Anteri Espina posición, por encima de los hombros con codos flexionados. Para iniciar el",https://www.youtube.com/watch?v=OwQ6qKEBisI
Dual Dumbbell Hang Power Snatch,hecho,Doblar,Explosividad,Mancuerna,"Erector Spinae, Latissimus Dorsi, Hamstrings, Glutes,","QAunatedrriicoerp Ds,e Rlteocitduss Abdominis",Sagital,"Isquiotibiales, glúteos, Recto abdominal la parte superior del cuerpo hacia adelante y mover las mancuernas hacia atrás entre las",https://www.youtube.com/watch?v=M9bmDNQ-PEw
Sentadilla con Press Arnés con Mancuerdas,hecho,Doblar,Explosividad,Mancuerna,"Erector Spinae, Latissimus Dorsi, Hamstrings, Glutes,","QAunatedrriicoerp Ds,e Rlteocitduss Abdominis",Sagital,"Isquiotibiales, Glúteos, Recto abdominal el cuerpo hacia adelante y balancear las mancuernas hacia atrás entre los muslos internos.",https://www.youtube.com/watch?v=G95Vjjk9cuM
Jalón Alto de Sentadilla con Mancuerdas,hecho,Doblar,Explosividad,Mancuerna,"Erector Spinae, Latissimus Dorsi, Hamstrings, Glutes,","QAunatedrriicoerp Ds,e Rlteocitduss, ATbrdaopmeizniiuss",Sagital,"Isquiotibiales, Glúteos, Recto abdominal, oblicuos desde las caderas, presionando las caderas hacia atrás mientras la parte superior del cuerpo se mueve hacia adelante, con la columna recta, deslizando Ejercicio Estado Patrón Tipo Implementación Principal Músculos Primarios Trabajados Músculos Secundarios Trabajados Plano Explicación del Ejercicio URL de YouTube",https://www.youtube.com/watch?v=puLilBOOiW4
Dual Dumbbell Hollow Flutter Kicks,hecho,Núcleo,Carga externa,Mancuerna,"Cuádriceps, Deltoides anteriores","Quadriceps, Anterior Deltoids",Sagital,Glúteos con la espalda baja apoyada en el suelo.,https://www.youtube.com/watch?v=Zk7fQGPo55Y
Dual Dumbbell Neutral Grip Bench Press,re-film,Empuje,Carga externa,Mancuerna,"Pectorales, Deltoides anteriores, Tríceps Serrato",Serratus,Sagital,"Doblado. Para iniciar el movimiento, empieza a golpear con los nudillos rectos hacia el techo y extiende los brazos. Luego, con control, baja laDual Dumbbell Power Clean comienza en una posición de pie alta, con una mancuerna en cada mano, agarre neutro, con las mancuernas colgando de Erector Spinae, Glúteos, QAunatedrriicoerp Ds,e Dual Dumbbell Power Clean",https://www.youtube.com/watch?v=5uTZdruNHjs
Dual Dumbbell Power Clean,hecho,Doblar,Explosividad,Mancuerna,"Erector Spinae, Glutes, Hamstrings, Latissimus Dorsi,","QAunatedrriicoerp Ds,e Cltaolvidess, Rectus Abdominis",Sagital,"Isquiotibiales, Latissimus Dorsi, Cltaolvidess, Rectus Abdominis en las rodillas y toca las mancuernas en el piso. Luego, impulsa",https://www.youtube.com/watch?v=pQKzXVtIybY
Dual Dumbbell Prone Row,re-film,Jalar,Carga externa,Mancuerna,"Latissimus Dorsi, Bíceps Escápula",Scapula,Sagital,"Debajo de los hombros, con un agarre neutro. Para iniciar el movimiento, comienza a subir las mancuernas hacia el pecho, dejando que los codos se doblen",https://www.youtube.com/watch?v=1Ao4iwzigjo
Dual Dumbbell Push Jerk,hecho,Empujar,Explosividad,Mancuerna,"Erectores espinales, Isquiotibiales","Erector Spinae, Hamstrings",Sagital,"Tríceps, Glúteos hacia las rodillas para obtener resorte, luego impulsa a través de los talones y",https://www.youtube.com/watch?v=aNnFo33YxbI
Porte de Doble Mancuerna,hecho,Locomoción,Carga externa,Mancuerna,"C Qaluvaedsr,i cBeicpesps",",C Qaluvaedsr,i cBeicpesps",Sagital,"Dorsal, Deltoides anteriores neutral.",https://www.youtube.com/watch?v=ksIdhmISQWo
Prensa Sentada con Doble Mancuerna,re-film,Empujar,Carga externa,Mancuerna,"Trapecio, Recto Abdominis","Trapezius, Rectus Abdominis",Sagital,"Tríceps golpeá los nudillos hacia el techo y extiende las mancuernas por encima de la cabeza. Luego, con control, baja las mancuernas de vuelta hacia abajo hasta que",https://www.youtube.com/watch?v=C6NaHhnQavs
Anteriores Sentadilla con Mancuerna Doble,re-film,Sentadilla,Carga externa,Mancuerna,"Sagital mano, sostenida en la posición de rack","Calves, Erector Spinae, Anterior Deltoids",Frontal,"Recto Abdominis Deltoides movimiento, comienza a flexionar las rodillas y a hundir las caderas hacia atrás y hacia abajo, manteniendo el peso en los talones y la columna lo más vertical posible El Peso Muerto Sumo con Mancuerna doble empieza en una posición de pie alta, con los pies mucho más abiertos que la anchura de cadera y los dedos apuntando hacia afuera, con un Glúteos, Erector Spinae, Peso Muerto Sumo con Mancuerna Doble",https://www.youtube.com/watch?v=wh5l3pRDMYI
Peso Muerto Sumo con Mancuerna Doble,hecho,Flexión,Carga externa,Mancuerna,sRimecutuss DAobrdsoiminis,sRimecutuss DAobrdsoiminis,Sagital,"Isquiotibiales, Cuádriceps, Dorsales agarre prono. Para iniciar el movimiento, flexiona las caderas y dobla",https://www.youtube.com/watch?v=OcwZMgtQJW8
Remo Vertical con Mancuernas,hecho,Jalar,Carga externa,Mancuerna,Recto Abdominal,Rectus Abdominis,Frontal,"Romboides, Bíceps por delante del cuerpo tirando de los codos hacia el techo, y",https://www.youtube.com/watch?v=FCBSBNIXo0U
"Transverso Abdominal, Recto Limpiaparabrisas con Mancuernas",hecho,Núcleo,Carga externa,Mancuerna,Deltoides Anteriores,Anterior Deltoids,Transversal,"Abdominales, Oblicuos los hombros en un agarre neutro. Para iniciar el movimiento, manteniendo la",https://www.youtube.com/watch?v=x0su3Qpee9Q
Push Jerk con Kettlebell Doble,hecho,Empuje,Explosividad,Kettlebell,EHraemctsotrr iSnpgisnae Sagital posición de rack,EHraemctsotrr iSnpgisnae,Frontal,"Recto Abdominal, a una sentadilla parcial para cargar el resorte, luego impulsa a través de los talones",https://www.youtube.com/watch?v=uyDp-b4txE8
Sentadilla Bottoms Up con Kettlebell Doble,hecho,Sentadilla,Carga externa,Kettlebell,eApnsterior Deltoides,eApnsterior Deltoids,Sagital,"Abdominales, Braquial, Bíceps y antebrazos apilados verticalmente sobre los codos, con las manos en neutro",https://www.youtube.com/watch?v=RFeBBucI1zQ
Clean con Kettlebell Doble,hecho,Doblar,Explosividad,Kettlebell,"Quadriceps, Hamstrings, Glutes, Erector Spinae","Trapezius, Rectus Abdominis, Anterior Deltoi",Sagital,"Erector Spinae Deltoides anterior iniciar el movimiento, impulsarse a través de los talones y jalar las kettlebells",https://www.youtube.com/watch?v=pYozWeU1g-0
Peso muerto con kettlebell dual,re-film,Doblar,Carga externa,Kettlebell,"Isquiotibiales, Erector spinae, Glúteos","Cuádriceps, Latissimus dorsi",Sagital,"Exterior de los pies, con un agarre neutro. Para iniciar el movimiento, impulse a través de los talones y Las lunges caminando con rack frontal de kettlebell dual comienzan en posición de pie alta con los pies juntos y una kettlebell en cada mano, sostenida Cuádriceps, Isquiotibiales, Glúteos, Recto abdominal, Erector Lunge caminando con rack frontal de kettlebell dual",https://www.youtube.com/watch?v=GMdsa4WoTNY
Dual Kettlebell Front Squat,re-film,Sentadilla,Carga externa,Kettlebell,"Pantorrillas, Erector de la columna","Calves, Erector Spinae",Sagital,"Recto abdominal movimiento, comience a flexionar las rodillas y a hundir las caderas hacia atrás y hacia abajo, manteniendo la columna tan vertical como sea posible, hasta alcanzar la parte inferior de usted",https://www.youtube.com/watch?v=MY8Q82YjgD8
Latissimus Portaobjetos con kettlebell sobre la cabeza dual,re-film,Locomoción,Carga externa,Kettlebell,"Transverse Abdominis, Anterior Deltoids, Triceps, Rectus Ab","dQomuaindisriceps, Latissimus Dorsi",Sagital,"Deltoides, Tríceps, Recto Abdominal Dorsi nudillos. Apretar el núcleo. Para iniciar el movimiento, camine de manera constante",https://www.youtube.com/watch?v=E7Q1Q7esSTA
Zancada caminando por encima de la cabeza con kettlebell dual,hecho,Una pierna,Carga externa,Kettlebell,"Cuádriceps, glúteos, isquiotibialesRecto abdominal,",tríceps,Sagital,"Detrás de los nudillos. Apretar el núcleo. Para iniciar el movimiento, tome",https://www.youtube.com/watch?v=npyYZD6f4Nk
Press de empuje dual con kettlebell,hecho,Empuje,Carga externa,Kettlebell,"Tríceps, deltoides anteriores","Rectus Abdominis, Glutes, Hamstrings",Sagital,"Isquiotibiales en una sentadilla parcial, luego impulsa simultáneamente a través de los talones para",https://www.youtube.com/watch?v=oKU-xNiKpqY
Press de empuje dual con kettlebell,hecho,Empuje,Carga externa,Kettlebell,"Tríceps, deltoides anteriores Sagital posición de rack. Para iniciar el movimiento, flexiona las rodillas para bajar https://www.youtube.com/watch?v=oKU-xNiKpqY Isquiotibiales en una sentadilla parcial, luego impulsa simultáneamente a través de los talones para ponerte de pie con fuerza y El transporte de kettlebell doble en rack comienza en una postura erguida","con un Recto abdominal, bíceps, Transporte de kettlebell doble en rack volver a grabar Locomoción Carga Externa Kettlebell Pantorrillas, isquiotibiales, glúteos Sagital kettlebell en cada mano, sostenida en la posición de rack",Frontal,"Dorsal ancho, cuádriceps movimiento, mantén el core firme y camina hacia adelante de manera constante.",https://www.youtube.com/watch?v=jkpWZwxSlUE
Zancada descendente con kettlebell doble en rack,hecho,Pierna única,Carga externa,Kettlebell,"Cuádriceps, glúteos, isquiotibialesRecto abdominal","bíceps Sagital con una kettlebell en cada mano, sostenida en la posición de rack",Frontal,"Iniciar el movimiento, da un paso hacia adelante con un pie sobre el suelo frente a ti y flexiona ambas r",https://www.youtube.com/watch?v=E18b12jwYNA
Swing a press con kettlebell doble,hecho,Empuje,Carga externa,Kettlebell,"Hamstrings, Erector Spinae, Glutes, Anterior Deltoids",",Q Turaicderpicseps, Rectus Abdominis",Sagital,"Glúteos, deltoides anteriores Abdominales las caderas para balancear las kettlebells hacia atrás entre los muslos, manteniendo",https://www.youtube.com/watch?v=lv97-CH4dTw
Swing a press con kettlebell doble,hecho,Empuje,Carga externa,Kettlebell,"Sagital de las caderas, con un agarre neutro. Para iniciar el movimiento, flexiona desdehttps://www.youtube.com/watch?v=lv97-CH4dTw Glúteos","deltoides anteriores Abdominales las caderas para balancear las kettlebells hacia atrás entre los muslos, manteniendo la espalda recta, luego extiende las c El swing ruso doble con kettlebell comienza en una postura erguida, con los pies más separados que el ancho de las caderas y una kettlebell en cada mano, Deltoides anteriores, tríceps, recto kettlebells colgando frente a las caderas con agarre prono. Para iniciar Swing ruso doble con kettlebell volver a grabar Flexión Explosividad Kettlebell Isquiotibiales, Glúteos, Erector de la columna",Sagital,"Abdomen el movimiento, bisagra en las caderas, empujando las caderas hacia atrás y la parte superior cuerpo hacia adelante, manteniendo la columna recta, y balancear las kettlebells espalda entre el",https://www.youtube.com/watch?v=r7MHn0qFCVU
Caminar agachado,re-film,Locomoción,Estabilidad,Ninguno,"Isquiotibiales, Erector de la columna","Hamstrings, Erector Spinae",Sagital,Pantorrillas nuevamente permitiendo que la rodilla pase por encima del dedo del pie a medida que te desplazas continuamente,https://www.youtube.com/watch?v=MftHDUQKWgw
"mancuerna Glúteos, Isquiotibiales, Erector Balanceo con mancuerna estadounidense",hecho,Doblar,Explosividad,Mancuerna,"Rectus Abdominis, Deltoides posteriores",,Sagital,"YMe3UBYLA Espina, Deltoides anteriores Para iniciar el movimiento, flexione desde las caderas, empujando las caderas hacia atrás",https://www.youtube.com/watch?v=4
Face Pull con banda para mancuerna,hecho,Jalar,Carga externa,Mancuerna,"Rhomboids, Trapezius, Posterior Deltoids, Latissimus","DRoercstui,s BAibcdeopmsinis, Glutes",Sagital,"Deltoides, Latísimos Glúteos cada mancuerna, conectada a un punto de anclaje a a pocos pies de distancia de tú. Para iniciar el movimiento, b",https://www.youtube.com/watch?v=bP9VoglchQ0
Complejo Bear con mancuerna,hecho,Empujar,Carga externa,Mancuerna,"Glutes, Hamstrings, Deltoids, Quadriceps","Biceps, Rectus Abdominis, Erector Spinae",Sagital,"Cuádriceps Espina los pies, luego volver a la posición de inicio. Luego, limpia con potencia las",https://www.youtube.com/watch?v=3E-nkGHd57s
"ibiales, Deltoides, Bíceps, Recto Abdominis, Erector Complejo Bear con mancuerna",hecho,Empujar,Carga externa,Mancuerna,"Sagital iniciar la bisagra desde las caderas y golpear las mancuernas hacia abajo fuera dehttps://www.youtube.com/watch?v=3E-nkGHd57s Cuádriceps Espina los pies, luego volver a la posición de inicio. Luego, limpia con potencia las mancuernas hacia la posición de rack frontal El press de banca con mancuerna comienza acostado boca arriba en un banco plano, con las rodillas flexionadas y los talones sobre el suelo, con una mancuerna en cada mano mano, sostenida cerca del exterior del pecho, con codos flexionados. Para iniciar Press de banca con mancuerna refilm Empujar Carga Externa Mancuerna Pectorales, deltoides anteriores, trícepsRecto abdominal",,Sagital,"XGv-4 el movimiento, comienza a empujar las pesas hacia arriba sobre el pecho y aprieta los pectorales. Luego, con control, baja las mancuernas",https://www.youtube.com/watch?v=7V
Press de banca con mancuernas y puente de cadera,hecho,Empuje,Carga externa,Mancuerna,"Pectorales, deltoides anteriores, trícepsGlúteos,",recto abdominal,Sagital,"Pecho, con los codos doblados.",https://www.youtube.com/watch?v=URqDUkIQsDg
Remo con mancuernas a agarre cerrado inclinado,hecho,,Carga externa,Mancuerna,"Glúteos, isquiotibiales","Glutes, Hamstrings",Sagital,"Espinales mano con un agarre neutro, colgando debajo de los hombros, y luego junta las mancuernas Ejercicio Estado Patrón Tipo Implementación Principal Músculos Principales Trabajados Músculos Secundarios Trabajados Plano Explicación del Ejercicio URL de YouTube",https://www.youtube.com/watch?v=lK0lmvxA8Bg
Dumbbell Bent Over Row to External Rotation,realizado,Jalar,Carga externa,Mancuerna,"Latissimus Dorsi, Bíceps, Erector Glúteos, Isquiotibiales flexionada posición,",con las caderas empujadas hacia atrás y ligera flexión de rodillas,Múltiple,"Espina dorsal, Manguito Rotador mancuerna . en una mano con agarre neutro, para colgar por debajo del hombro. Para iniciar el movimiento, jalar la d",https://www.youtube.com/watch?v=72hRPJBXdXc
Curl de Bíceps con Mancuerna,re-film,Jalar,Carga externa,Mancuerna,Bíceps Braquial,Brachialis,Sagital,"Las mancuernas hacia los hombros. Luego, con control, baja las pesas de vuelta a la posición inicial.",https://www.youtube.com/watch?v=SB41wiGbkaw
Burpee con mancuerna paso sobre caja,hecho,Complejo,Carga externa,Mancuerna,"Pectorales, Deltoides, Cuádriceps, Tríceps, Glúteos Anterior Recto Abdominis de cara perpendicular a unos inches de una caja",con mancuernas,Múltiple,"Movimiento, baja las mancuernas por fuera de los pies y da un salto",https://www.youtube.com/watch?v=kWFIZPSbDr4
Burpee con mancuerna paso sobre caja,hecho,Complejo,Carga externa,Mancuerna,"Pectorales, Deltoides, Cuádriceps, Tríceps, Glúteos Anterior Recto Abdominis",Rectus Abdominis,Sagital,"Posición y bajar hacia el suelo. Luego, empújate de vuelta",https://www.youtube.com/watch?v=EOyq6ApDbJk
Clean + Press con Mancuerna,hecho,Complejo,Carga externa,Mancuerna,"Glúteos, Deltoides Isquiotibiales, anterior Bíceps, Erector Cuádriceps Spinae, Rect","o Abdominis,",Sagital,"Desde las caderas, y toque ligeramente las mancuernas hacia abajo justo fuera de los pies.",https://www.youtube.com/watch?v=fkmVzphlElM
Para Prensa Cubana con Mancuerna,re-film,Complejo,Carga externa,Mancuerna,"Trapecio, Infraespinoso, Rotador Braquial",Brachialis,Múltiple,"Manguitera, Deltoides anteriores a lo largo del cuerpo hasta que los codos estén en una flexión de 90 grados. Luego, gire a través del hombro para colocar las mancuernas en pila vertical por encima de los codos. Luego, p",https://www.youtube.com/watch?v=26oaoUPHWlo
Dumbbell Death March,hecho,Doblar,Carga externa,Mancuerna,"Isquiotibiales, Erector de la columna, Glúteos Deltoides anteriores,",Trapecio,Sagital,"Flexión desde las caderas, llevando la parte superior del cuerpo hacia adelante, espalda plana, para estar paralela con el suelo. Luego, regrese a st",https://www.youtube.com/watch?v=bw-TeaxSDhA
Estocada inversa en déficit con mancuerna,hecho,Una pierna,Carga externa,Mancuerna,"Cuádriceps, Glúteos, Flexores de cadera Trapecio, Isquiotibiales",", Recto",Sagital,"Abdomen, abdominales movimiento, dé un paso hacia atrás, aterrizando sobre la punta del pie",https://www.youtube.com/watch?v=gKSfQqfEwt8
Estocada caída con mancuerna,hecho,Una pierna,Carga externa,Mancuerna,"Cuádriceps, glúteos, flexores de cadera Recto Trapecio abdominal,","Isquiotibiales,",Sagital,"Movimiento, dé un paso hacia adelante y doble las rodillas, creando",https://www.youtube.com/watch?v=YgU65VH1tjk
Remo con codo de mancuerna,re-film,Jalar,Carga externa,Mancuernas,"Latísimo dorsal, Bíceps Escápulas, Romboides",,Sagital,"Hacia abajo por debajo del hombro, espalda recta.",https://www.youtube.com/watch?v=efJIssqJ
Face Pull con mancuerna,hecho,Jalar,Carga externa,Mancuerna,"Latísimo dorsal, Bíceps, Romboides, Trapecio Deltoides posteriores tocando el suelo","una mancuerna en cada mano en un agarre pronado, brazos",Sagital,Para llevar los codos hacia atrás y hacia arriba para subir las mancuernas hacia la,https://www.youtube.com/watch?v=MhflmshwSSk
Press de banca con mancuerna,hecho,Empujar,Carga externa,Mancuerna,"Pectorales, Tríceps, Deltoides anteriores Recto abdominal",Rectus Abdominis,Sagital,"Cuerpo. Para iniciar el movimiento, empuje las mancuernas rectas hacia arriba hacia el techo y arriba",https://www.youtube.com/watch?v=oS4vrnMk6NY
Apertura con mancuerna,hecho,Empujar,Carga externa,Mancuerna,"Pectorales, Deltoides anteriores Bíceps Transverso brazos extendidos por encima del pecho. Para iniciar el movimiento",manteniendo,,"Los brazos casi rectos, abre lateralmente los brazos hacia afuera y hacia abajo, bajando hacia el hombro",https://www.youtube.com/watch?v=dfmq1UOuUXo
Lunge hacia adelante con mancuerna,hecho,Una pierna,Carga externa,Mancuerna,"Cuádriceps, Glúteos, Flexores de cadera Recto Trapecio abdominal, Isquiotibiales,",,Sagital,"WIpE en ambas rodillas, creando una forma 90-90 en las piernas, luego impulsa a través de",https://www.youtube.com/watch?v=XNiKpU
Frog Pump con mancuerna,hecho,Doblar,Carga externa,Mancuerna,"Glúteos, Isquiotibiales, Flexores Abductores, Erector S de cadera, pHinamaestrings",pHinamaestrings,Sagital,"Mancuerna con las manos. Para iniciar el movimiento, aprieta",https://www.youtube.com/watch?v=PZYKc80w9SQ
Desplante con Barra Frontal de Mancuerna,hecho,Una pierna,Carga externa,Mancuerna,"Cuádriceps, Abdominals Glúteos, Recto Isquiotibiales, Trapecio Deltoides Anteriores, Sagital con los pies elevados sobre una placa de peso, o superficie elevada similar, con mancuernas sostenidas sobre los hombros en una posición de rack",,Frontal,"Iniciar el movimiento, avanza un pie y flexiona ambas rodillas, creando una forma 90-90 en th Ejercicio Estado Patrón Tipo Implementación principal Músculos primarios trabajados Músculos secundarios trabajados Plano Explicación del ejercicio URL de YouTube",https://www.youtube.com/watch?v=fak3dWS-n
as encima de los hombros y palmas colocadas encima de Porta de mancuerna frontal,hecho,Una pierna,Carga externa,Mancuerna,"Deltoides anteriores, Isquiotibiales",,Sagital,"Abdominis, Trapecio las asas de la mancuerna para la estabilidad. Para iniciar el movimiento, manteniendo",https://www.youtube.com/watch?v=XCcUmDCr
Anterior Sentadilla dividida con rack frontal de mancuerna,hecho,Una pierna,Carga externa,Mancuerna,,,Sagital,"Recto Abdominis, A Deltoides rodilla trasera hacia el suelo, permitiendo que la rodilla delantera se doble, luego,",https://www.youtube.com/watch?v=7FGy
Subida con rack frontal de mancuerna,hecho,Una pierna,Carga externa,Mancuerna,Sagital mano en la posición de rack,"Trapezius, Anterior Deltoids, Rectus Abdominis",Frontal,"Flexores de cadera Recto Abdominal colocar un pie sobre la superficie elevada frente a ti, seguido por",https://www.youtube.com/watch?v=5dGP1lAqGF8
Zancada caminando con rack frontal de mancuerna,hecho,Una pierna,Carga externa,Mancuerna,"Quadriceps, Glutes, Hamstrings, Hip Flexors","Trapezius, Anterior Deltoids, Rectus Abdominis",Sagital,"Flexores de cadera Recto Abdominal pie hacia adelante y dobla las rodillas, luego da el paso con el pie trasero para",https://www.youtube.com/watch?v=BWJ2wY9WfZU
Levantamiento frontal con mancuerna,re-film,Jalar,Carga externa,Mancuerna,"Deltoides anterior, Deltoides medial","Trapecio, Braquial",Sagital,"Los brazos mayormente rectos, comienza a llevar las mancuernas hacia adelante y hacia arriba alineadas con los hombros. El",https://www.youtube.com/watch?v=7rBxeUNd5tA
Press de Puente de Glúteos con mancuerna,hecho,Empujar,Carga externa,Mancuerna,"Pectorales, Tríceps, Deltoides anteriores Glúteos, Rect",o Abdominal,Sagital,"Agarre neutro con codos flexionados, y codos en el suelo, 45 grados alejado del cuerpo, dumb",https://www.youtube.com/watch?v=dxxx-kB6tYM
"Latísimos, Bíceps, Erector Remo Gorilla con mancuerna",hecho,Jalar,Carga externa,Mancuerna,"Isquiotibiales, Glúteos","Hamstrings, Glutes",Sagital,"Espina dorsal, Cuádriceps agarre neutro. Para iniciar el movimiento, jala los codos hacia arriba contra el las costillas y aprieta a través de Comienza en una posición erguida alta con la mancuerna cerca de la cabeza, con mancuernas colgando a los costados en un agarre neutro. Para iniciar el Isquiotibiales, Glúteos, Erector ,Q Turaicderpicseps, Recto Mancuerna de Tierra a Encima de la Cabeza",https://www.youtube.com/watch?v=RKeoxMMRlt4
"Q Turaicderpicseps, Recto Mancuerna de Tierra a Encima de la Cabeza",hecho,Flexionar,Explosividad,Mancuerna,"Hamstrings, Glutes, Erector Spinae, Anterior Deltoids",",Q Turaicderpicseps, Rectus Abdominis",Sagital,"Espina dorsal, Deltoides anteriores Abdominales fuera del suelo de los pies. Luego, impulsa a través de los talones y",https://www.youtube.com/watch?v=YGvKXan0m0s
Hang Clean con mancuerna,re-film,Flexión,Explosividad,Mancuerna,"icReepcstus Abdominis, Trapecio","icReepcstus Abdominis, Trapezius",Sagital,"Espina dorsal, Deltoides anteriores, Cuádriceps con la espalda plana, mancuernas colgando debajo de los hombros, luego impulsa a través de los talones y extiende con poder las caderas hacia adelante para ponerse de pie as y",https://www.youtube.com/watch?v=WTc8U9ypcp0
Dumbbell Hang Clean Thruster,hecho,Complejo,Explosividad,Mancuerna,"Dmoirnsiis,, QTuriacderpicse,",",R Leacttiusssi mAbudso Dmoirnsiis,, QTuriacderpicse, pBsic, eApnsterior Delto",Sagital,"Espinales, deltoides anteriores pBsic, eApnsterior Delto cuerpo hacia adelante, con la espalda recta, mancuernas colgando debajo de los",https://www.youtube.com/watch?v=70KcUMIjSOo
Dumbbell Hang Power Clean,hecho,Flexión,Explosividad,Mancuerna,"Isquiotibiales, glúteos, erectores espinales","Quadriceps, Rectus Abdominis, Anterior Deltoids",Sagital,"Deltoides anteriores y cargar el resorte, luego impulsa a través de los talones y extiende las",https://www.youtube.com/watch?v=KLtDgLLlhCU
Push Press,hecho,Complejo,Explosividad,Mancuerna,"Hamstrings, Glutes, Erector Spinae, Anterior Deltoids","Triceps, Quadriceps, Rectus Abdominis",Sagital,"Espinales, deltoides anteriores Abdominales parte superior del cuerpo hacia adelante, con la espalda recta, mancuernas colgando debajo de los hombros, luego impulsa a través",https://www.youtube.com/watch?v=ZVywozD5Tac
Dumbbell Hip Thrust,hecho,Flexión,Carga externa,Mancuerna,"Glúteos, isquiotibiales, erectores espinales","flexores de cadera, cuádriceps",Sagital,"Banco, comenzando en una línea recta desde la coronilla hasta las rodillas, y con las manos sujetando los la",https://www.youtube.com/watch?v=Z4dYsS5RxME
Dumbbell Jefferson Curl,hecho,Flexión,Carga externa,Mancuerna,rRseictus Abdominis,rRseictus Abdominis,Sagital,"Trapecio, dorsal ancho flexionando la columna y doblándose hacia adelante primero llevando la barbilla al pecho,",https://www.youtube.com/watch?v=8XCYRfHAAWk
Dumbbell Jump Lunge,hecho,Una pierna,Explosividad,Mancuerna,"Aductores, Recto Abdominal","Adductors, Rectus Abdominis",Sagital,"Pantorrillas las piernas y saltar los pies del suelo, cambiando rápidamente en tijera",https://www.youtube.com/watch?v=5qxc3bAxCVk
Elevación lateral con mancuerna,re-film,Jalar,Carga externa,Mancuerna,"Deltoides Mediales, Deltoides Anteriores Trapezio,",Braquial,Frontal,"Manteniendo los brazos rectos en todo momento, dibujar los brazos lateralmente hacia afuera ancho para quedar alineados con el hombro",https://www.youtube.com/watch?v=vNQ7-WBDUKA
Dumbbell Overhead Carry,hecho,Locomoción,Carga externa,Mancuerna,"Anterior Deltoids, Trapezius, Rectus Abdominis, Quad","rEicreecptsor Spinae, Calves, Triceps",Sagital,"Recto Abdominal, Cuádriceps Tríceps núcleo estabilizado manteniendo las costillas abrazadas hacia abajo. Para iniciar el movimiento, camina hacia adelante de forma constante. Ejercicio Estado Patrón Tipo Implementación Principal Músculos Primarios Trabajados Músculos Secundarios Trabajados Plano Explicación del ejercicio URL de YouTube",https://www.youtube.com/watch?v=nmHo7wMDlQI
Sentadilla dividida con mancuernas por encima de la cabeza,hecho,Una pierna,Carga externa,Mancuerna,"Deltoides Recto Abdominal, Anteriores, Cuádriceps Trapecio, rGicleuptess","Hdadmucsttorrinsgs, Espinae, A Erector",Sagital,"Doblado a 90 grados. Luego, apretando los muslos internos hacia cada",https://www.youtube.com/watch?v=HTF5VPuOXpI
Levantamiento Powell con mancuerna,hecho,Jalar,Carga externa,Mancuerna,"Deltoides Trapecio Anteriores, Deltoides Mediales, Braquial","Tríceps banquoinclinada, con los pies desplazados, pie inferior hacia adelante y la pierna posterior Transverso espalda, y el brazo inferior extendiéndose hacia arriba, descansando bajo la banqueta inclinada",,"Del lado de la cabeza, con el brazo superior sujetando una mancuerna, brazo",https://www.youtube.com/watch?v=gEGeNSk8QtM
Power Clean con mancuerna,hecho,Doblar,Explosividad,Mancuerna,"Isquiotibiales, Erector de la Columna, Glúteos Recto Deltoides Abdominal, Anteriores","Bíceps,",Sagital,Flexione las rodillas mientras la parte superior del cuerpo se inclina hacia adelante y toque,https://www.youtube.com/watch?v=CpLkyMvb7tk
Power Clean + Push Jerk con mancuerna,hecho,Complejo,Explosividad,Mancuerna,"Isquiotibiales, Erector de la Espina Dorsal, , R Tercatpuse zAibudso","Glúteos, Deltoides Anteriores mTirnicise, pBsiceps",Sagital,Flexione ligeramente las rodillas mientras la parte superior del cuerpo se inclina hacia adelante y toque,https://www.youtube.com/watch?v=LzMURNqFrDM
Pullover con mancuerna,re-film,Jalar,Carga externa,Mancuerna,"Dorsal Tríceps ancho, Serratos, Pectorales, Erector Deltoides Spinae, Rect","o Abdominal,",Sagital,"Extendido por encima de la cabeza y la espalda baja arqueada. Para iniciar el movimiento,",https://www.youtube.com/watch?v=UZ5K1-iTawA
Para Push-Up con mancuerna,hecho,Empujar,Peso corporal,Mancuerna,"Pectorales, Tríceps, Deltoides Anteriores Recto Abdominal,",Glúteos,Sagital,Tirarlos de vuelta contra el cuerpo manteniendo el core braced y glúteos comprometidos. El,https://www.youtube.com/watch?v=Jm6qPioJhdA
Tirón Cuadrupedo con Mancuerna,hecho,Core,Carga externa,Mancuerna,"Transverso Deltoides, del Tríceps abdomen, anterior Recto Abdominal con las rodillas flotando a una o dos pulgadas del suelo","y un Transverso mancuerna colocada fuera de una mano. Para iniciar el movimiento, alcance",,Mano (lado sin mancuerna) por debajo del cuerpo para agarrar la,https://www.youtube.com/watch?v=1heoJQx1gGE
Rack de Mancuernas para subir,hecho,Una pierna,Carga externa,Mancuerna,"Cuádriceps, glúteos, isquiotibiales,Flexores de la cadera, ingle, anterio",r Aductores Deltoides,Sagital,"Flexiona ambas rodillas, formando un ángulo de 90-90, luego ponte de pie y",https://www.youtube.com/watch?v=sDq9cvprYns
Zancada inversa con mancuernas (sin caminar) regrabar,,Una pierna,Carga externa,Mancuerna,"Cuádriceps, glúteos, recto Abdominales Gemelos,","erectores espinales, psoas",Sagital,Lleva el pie trasero hacia adelante para juntarlo con el delantero y alterna el,https://www.youtube.com/watch?v=GtFOR8qPvyc
no colgando frente a los muslos en un Peso muerto rumano con mancuernas regrabar,,Flexión,Carga externa,Mancuerna,"Isquiotibiales, erectores espinales, glúteos, dorsal ancho",,Sagital,"QmBdmxc manteniendo la espalda recta, y permite que las mancuernas deslicen por los",https://www.youtube.com/watch?v=mpg
Swing ruso con mancuerna,hecho,Flexión,Explosividad,Mancuerna,"Glúteo Erectores mayor, espinales isquiotibiales, Recto Deltoides abdominal, anterior",,Sagital,"Colgando frente a las caderas. Para iniciar el movimiento, flexiona desde las",https://www.youtube.com/watch?v=loID-
Elevación de gemelos sentado con mancuernas,hecho,Empuje,Carga externa,Mancuerna,Gemelos Tibial,Tibialis,Sagital,"Sujetando para estabilidad. Para iniciar el movimiento, empuja hacia abajo con",https://www.youtube.com/watch?v=y1OkbrIvR9I
"Encogimiento de hombros con mancuerna ,",hecho,Jalar,Carga externa,Mancuerna,Trapecio Deltoides anterior,Anterior Deltoids,Frontal,"Hacia las orejas, luego suelta de regreso al inicio. Ejercicio Estado Patrón Tipo Implemento principal Músculos principales trabajados Músculos secundarios trabajados Plano Explicación del ejercicio URL de YouTube",https://www.youtube.com/watch?v=KAzSSURxdE8
Plancha lateral con mancuerna,hecho,Núcleo,Carga externa,Mancuerna,"Oblicuos, dorsal ancho, glúteos","recto abdominal, deltoides",Frontal,"Posición, apretando el glúteo inferior hacia el techo.",https://www.youtube.com/watch?v=0fZ-d5D2ZU8
Dumbbell Side Plank Rotation,hecho,Núcleo,Carga externa,Mancuerna,"Transverso Deltoides anteriores abdominal, oblicuos, Glúteos","recto abdominal el antebrazo inferior apoyado, el codo alineado debajo del hombro y el brazo superior",Transversal,"Movimiento, baja la mancuerna hacia el hombro superior,",https://www.youtube.com/watch?v=e7Y3u7iVYtA
Puente a una pierna con mancuerna,hecho,Una pierna,Carga externa,Mancuerna,"Glúteos, erectores espinales, isquiotibiales","gemelos, recto abdominal",Sagital,"Espalda del suelo, luego extiende una pierna hacia adelante para mantenerla elevada, y mantén la posición.",https://www.youtube.com/watch?v=Ee73JvfmJ94
Para Extensión de cadera a una pierna con mancuerna,hecho,Una pierna,Carga externa,Mancuerna,"Flexores de cadera, glúteos, isquiotibiales Recto abdominal,",gemelos,Sagital,"Pecho (sin arquear la zona lumbar), permitiendo que la mancuerna descanse sobre el muslo.",https://www.youtube.com/watch?v=tJ7GCgZefcE
Split Jerk con mancuernas,hecho,Empujar,Explosividad,Mancuerna,"Deltoides Cuádriceps, Glúteos anteriores, Tríceps, Recto Abdominal la posición de rack frontal. Para iniciar el movimiento",doble las rodillas y,Sagital,"Pesas sobre la cabeza mientras, al mismo tiempo, se mueven las piernas hacia una postura en split",https://www.youtube.com/watch?v=a4emjjWr-8I
Snatch dividido con mancuerna,hecho,Una pierna,Explosividad,Mancuerna,"Deltoides Trapecio, anteriores, Cuádrico Deltoides mediales, deltoides Recto Abdominal anteriores, transverso del abdomen,",,Sagital,"SOKBf5oQ desde las caderas, luego impulse con fuerza a través de los talones para jalar",https://www.youtube.com/watch?v=ax
Sentadilla dividida con mancuerna,re-film,Una pierna,Carga externa,Mancuerna,"Cuádriceps, Glúteos Gemelos, Erector de la columna",", Psoas",Sagital,"Ambas rodillas, bajando la rodilla trasera al suelo. Luego, extienda ambas piernas para volver a la posición inicial.",https://www.youtube.com/watch?v=lza02GzUC9g
Clean de sentadilla con mancuerna,re-film,Sentadilla,Explosividad,Mancuerna,"Cuádriceps, Erector de la columna, Latisimino Dorsi, Isquiotibiales Glúteos,Bíceps,",Recto Abdominal,Sagital,"Luego, impulse a través de los talones y extienda las caderas hacia adelante con fuerza, saltando th",https://www.youtube.com/watch?v=F15-8Q4BFYc
Clean de sentadilla con mancuerna + Push Jerk,hecho,Complejo,Explosividad,Mancuerna,"Cuádriceps, Erector de la columna, iRnegcst,u Asn Atebrdioorm Latissimus Dorsi, isquiotibiale","s Dineilst,o iBdisc,e pTsriceps",Sagital,Línea . recta a través de la espalda y las mancuernas bajas hacia el suelo.,https://www.youtube.com/watch?v=pNA7sf55o7g
Snatch con sentadilla con mancuerna,hecho,Complejo,Explosividad,Mancuerna,"Glúteos, Erector de Cuádriceps, la columna, Ante Isquiotibiales, rTioricr eDpes,",l tToriadpss,Múltiple,"Entre los pies, mano con agarre en posición neutral. Para iniciar el movimiento, impulsa a través del talón",https://www.youtube.com/watch?v=0ztUyuqXOIg
Paso sobre con mancuerna,hecho,Una pierna,Carga externa,Mancuerna,"Cuádriceps, Glúteos, Isquiotibiales Pantorrillas",Calves,Sagital,"Otro, luego desciende de la caja hacia el otro lado. Gira, y repite el movimiento",https://www.youtube.com/watch?v=VEs4oqQjxU8
Press estricto con mancuerna,re-film,Empujar,Carga externa,Mancuerna,"Deltoides anterior, Tríceps Trapecio",Trapezius,Sagital,"Cuerpo estable, golpea los nudillos hacia el techo para extender los pesos por encima de la cabeza. Luego, con control, baja los pesos de vuelta abajo",https://www.youtube.com/watch?v=jCvtW-aBuQk
Dumbbell Sumo Jump Squat,hecho,Sentadilla,Explosividad,Mancuerna,"Cuádriceps, Glúteos, Erector de la Espina Isquiotibiales, Recto Abdominis,",Gemelos,Sagital,"Movimiento, doble las rodillas y permita que la mancuerna haga contacto con el piso. Ejercicio Estado Patrón Tipo Implemento Principal Músculos Primarios Trabajados Músculos Secundarios Trabajados Plano Explicación del Ejercicio URL de YouTube",https://www.youtube.com/watch?v=z2an21YDG98
Press Tate con mancuernas regrabar,,Empuje,Carga externa,Mancuerna,"Tríceps, Pectorales Deltoides Posteriores",Posterior Deltoids,Transversal,Baja las mancuernas hacia el pecho y permite que los codos se abran,https://www.youtube.com/watch?v=Dy1LCsOlUlA
Thruster con mancuernas regrabar,,Complejo,Carga externa,Mancuerna,"Cuádriceps, Erectores de la columna, Glúteos, Deltoides, Bíceps","Dorsal ancho, Isquiotibiales, A Tríceps, Abdominales",Sagital,"Posición. Luego, impulsa a través de los talones para volver a ponerte de pie y después extiende las mancuernas por encima de la cabeza. Con control, baja las mancuernas de nuevo",https://www.youtube.com/watch?v=OXn2s-6vCz0
Turkish Get-Up con mancuerna,hecho,Complejo,Carga externa,Mancuerna,"Cuádriceps, Deltoides, Glúteos, Tríceps, Deltoides Recto anteriores Abdominales","Abdominal Isquiotibiales, Transversal",Múltiple,"Otro brazo extendido hacia el costado, con la palma hacia abajo. Mantén la mirada",https://www.youtube.com/watch?v=-NTwcpD3ZBI
Turkish Sit-Up con mancuerna,hecho,Núcleo,Carga externa,Mancuerna,"Recto abdominal, flexores de cadera, Deltoides anteriores Tríceps, Erectores de la columna extendidas y los brazos extendidos hacia el techo, con mancuernas en",,Sagital,"VZeRJqs parte superior de la espalda fuera del suelo para terminar en una posición en forma de L, mancuernas siguiendo extendidas hacia arriba",https://www.youtube.com/watch?v=L7E
Caminar con mancuerna a la altura del brazo,hecho,Locomoción,Carga externa,Mancuerna,"Cuádriceps, Tríceps Deltoides anteriores, Recto abdominal,",Glúteos,Sagital,Caminar hacia adelante de forma constante.,https://www.youtube.com/watch?v=0Zvepzyjd38
Zancada caminando con mancuerna,re-film,Una pierna,Carga externa,Mancuerna,"Cuádriceps, Glúteos, Aductores Gastronemios, Erector de la columna",", Psoas",Sagital,"Manténte erguido. A continuación, alterna el segundo pie que da un paso hacia adelante esta vez y de nuevo, flexiona ambas rodillas, luego da el paso del pie trasero para subir de vuelta a La sentadilla de pared con mancuerna se mantiene colocando la espalda contra una pared y deslizándose",https://www.youtube.com/watch?v=JRbBMTBDV3g
Sentadilla de pared con mancuerna,hecho,Sentadilla,Carga externa,Mancuerna,"Cuádriceps, isquiotibiales, glúteosGastronemios",Calves,Sagital,"Directamente por encima de los tobillos, con las mancuernas sostenidas en cada mano, colgando a los lados. Mantén el tiempo prescrito.",https://www.youtube.com/watch?v=F0--ixFZkAQ
Sentadilla en copa con mancuerna salto,hecho,Sentadilla,Explosividad,Mancuerna,"Cuádriceps, Glúteos, Gemelos Isquiotibiales, Abdomn","i Erector de la columna, Recto",Sagital,Rodillas hacia delante y hacia afuera y sienta las caderas hacia atrás y abajo para bajar a la,https://www.youtube.com/watch?v=7ZGuhHFAy3o
Puente de codo,re-film,Doblar,Estabilidad,Ninguno,"Erector de la columna, Recto abdominal Gastronemios, Isquiotibiale","s Cuádriceps, Glúteos,",Sagital,Cima de la cabeza.,https://www.youtube.com/watch?v=7EmlxIuz2MY
Pigeon elevado,re-film,Una pierna,Estabilidad,Banco,"Glúteos, erectores espinales, abductores",aductores,Transversal,Posición durante el tiempo prescrito.,https://www.youtube.com/watch?v=Ah1NGD5meGQ
EZ Bar Reverse Bicep Curl,hecho,Jalar,Carga externa,Barra EZ,"Bíceps, braquial, braquiorradial Recto Deltoides abdominal,","anteriores tríceps,",Sagital,"Nudillos hacia los hombros, luego baja la barra de nuevo a la",https://www.youtube.com/watch?v=0l1Siao5E2M
Farmers Press,hecho,Empujar,Carga externa,Mancuerna,"Deltoides anterior, deltoides medial, Trapecio","bíceps, recto Tríceps Abdominales Sagital sujeta en cada mano, una mancuerna en la posición de rack",Frontal,"Movimiento, presiona la mancuerna en la posición de rack frontal por encima de la cabeza.",https://www.youtube.com/watch?v=rm0sKmUSjQA
Farmers Walk,,Empujar,Carga externa,Mancuerna,"Deltoides anterior, deltoides medial, Trapecio, bíceps, recto Tríceps Abdominales Sagital sujeta en cada mano","una mancuerna en la posición de rack frontal, y la otra mancuerna colgando a tu lado. Para iniciar el https://www.youtube.com/watch?v=rm0sKmUSjQA movimiento, presiona la mancuerna en la posición de rack frontal por encima de la cabeza. Luego, con control, baja la mancuerna El Farmers Walk comienza en posición de pie, con las manos sujetando un Farmers Walk regrabar Locomoción Carga externa Barra curvada Erectores espinales, dorsal ancho, Glúteos, isquiotibiales, Cuádriceps, trapecio, re Tríceps, antebrazos",Sagital,Core activado y camina hacia adelante de manera constante.,https://www.youtube.com/watch?v=3R3yu-LhQr4
Elevación de gemelos con barra y pies elevados,hecho,Empujar,Carga externa,Barra,"Gastrocnemio, sóleo Glúteos,","Trapecio isquiotibiales, cuádriceps,",Sagital,"Iniciar el movimiento, presiona las puntas de los pies y eleva",https://www.youtube.com/watch?v=NpQu0sdVIC0
Descanso frontal elevado en anillos,re-film,Empujar,Peso corporal,Anillos,"Recto abdominal, anterior SQcaupaudlraicseps, glúteos","SQcaupaudlraicseps, Glutes",Sagital,"Hombros ligeramente hacia adelante, protrae la parte superior de la espalda (redondee) a través de",https://www.youtube.com/watch?v=XYRFp6NKiEo
Peso muerto con mancuerna elevado en los pies,hecho,Doblar,Carga externa,Mancuerna,"rusa Erector de la columna, glúteos, RTeractpuesz Aiubsdominis, Isquiotibiales","dorsal ancho, Cuádriceps",Sagital,"Pies. Para colocarse, doble las caderas presionando las caderas hacia atrás, permitiendo que las rodillas se flexionen",https://www.youtube.com/watch?v=9FThDKed-PE
Plancha con pies elevados,hecho,Empuje,Peso corporal,Banco,"Pectorales, Recto abdominal deltoides anteriores, tríceps,Glúteos,","Escápulas cuádriceps, serrato,",Sagital,"Tríceps hacia atrás, protrae (redondea) la parte superior de la espalda, mantén",https://www.youtube.com/watch?v=U6m4bKlLpVM
Plancha con anillas y pies elevados,hecho,Empuje,Peso corporal,Anillas,"Pectorales, Recto abdominal deltoides anteriores, tríceps,Glúteos,","Escápulas cuádriceps, serrato,",Sagital,"Será). Para mantener la activación, lleva los tríceps hacia atrás para mantener los brazos",https://www.youtube.com/watch?v=7VwRDkhZCf4
Flexión con anillas y pies elevados,hecho,Empuje,Peso corporal,Anillas,"Pectorales, Recto abdominal deltoides anteriores, tríceps,Glúteos,","Escápulas cuádriceps, serrato,",Sagital,"Será). Para mantener la activación, lleva los tríceps hacia atrás para mantener los brazos",https://www.youtube.com/watch?v=Niaiq8GUMqI
Remo con anillas y pies elevados,hecho,Jalar,Peso corporal,Anillas,"Dorsal ancho, bíceps, Romboides agarre neutro","con los pies elevados sobre una caja o banco, el cuerpo en una Recto abdominal, serrato",Sagital,"Rectos. Para iniciar el movimiento, lleva el pecho hacia las anillas,",https://www.youtube.com/watch?v=ish2c7zxxfI
Plancha lateral con los pies elevados,hecho,Núcleo,Peso corporal,Banco,"Oblicuos, Escápulas Glúteos, Trapecio",,Frontal,"NXveA presione hacia abajo en el antebrazo inferior y el borde del pie inferior, y apriete hacia arriba a través de",https://www.youtube.com/watch?v=LG8Yd
Filly Press,hecho,Empujar,Carga externa,Pesa rusa,"Deltoides Trapecio anteriores, Tríceps, Recto abdominal","Bíceps Sagital mano, sostenida en la posición de rack frontal, y una mancuerna en la otra mano, en una posición de rack",Frontal,"Hombro). Para iniciar el movimiento, manteniendo el core tensado y el cuerpo estable, comienza a girar como una espiral",https://www.youtube.com/watch?v=xJeA7iXKpwY
Parada de cabeza en antebrazo,re-film,Núcleo,Peso corporal,Ninguno,"Recto abdominal, Flexores de cadera Deltoides, Escalenos",", Trapecio",Sagital,"Control, levanta los pies del suelo y entra en una posición de flexión, con",https://www.youtube.com/watch?v=0hH4NyfZQEg
Plancha de antebrazo y arrastre de ejército,hecho,Núcleo,Peso corporal,Ninguno,"Recto Oblicuos Abdominal, Flexores de la cadera, Deltoides anteriores,","escapulas, glúteos",Sagital,"Movimiento, acerca una rodilla hacia el brazo del mismo lado, luego ven",https://www.youtube.com/watch?v=QAh12b6G0bc
Alterna b,hecho,Locomoción,Carga externa,Trineo,"Cuádriceps, isquiotibiales, glúteosRecto abdominal",Rectus Abdominis,Sagital,"Codos flexionados. Para iniciar el movimiento, incline el cuerpo hacia adelante mientras avanzas de forma estable,",https://www.youtube.com/watch?v=zcJrOB2DoFo
Pino de pie,re-film,Empujar,Peso corporal,Ninguno,"Deltoides Trapecio, Escápulas, anterior, Deltoides Tríceps medial, pRsectus Glúteos abdominal,","aductores,",Sagital,"Recto, muslos interiores apretándose y los dedos de los pies apuntando hacia arriba hacia el techo, con la mirada entre tus pulgares, o la cabeza toda la",https://www.youtube.com/watch?v=E2s-D009x6E
Bomba de rana,hecho,Doblar,Peso corporal,Ninguno,"Glúteos, abductores, erector de la columna Recto abdominal",Rectus Abdominis,Sagital,"Pies juntos y aprieta los glúteos para levantar el asiento del suelo del suelo, manteniendo las rodillas w",https://www.youtube.com/watch?v=OZi7EKSSKac
Peso muerto en postura de rana,hecho,Doblar,Carga externa,Barra,"Erector Spinae, Glúteos, Isquiotibiales, abductores Trapecio alineada sobre la parte superior de los pies, con los pies ligeramente más anchos que la cadera-",,Sagital,"Eis Gira las caderas hacia abajo, flexiona las rodillas y eleva el pecho para quedar en una",https://www.youtube.com/watch?v=xCNGqir
Estiramiento de rana,hecho,Sentadilla,Estabilidad,Ninguno,"Abductores, Ingle, Glúteos, Cadera Flexores Erector de la columna suelo",luego caminar con las rodillas hacia fuera lateralmente para ser más anchas que,Sagital,Tibias y talones en línea con las rodillas. Puedes hacer el estiramiento más,https://www.youtube.com/watch?v=KJJ0qmVGxEk
Sentadilla en media elevación de pie delantero y trasero,hecho,Una pierna,Carga externa,Mancuerna,"Cuádriceps, Aductores glúteos, flexores de cadera, Recto abdominal,",Erector de la columna,Sagital,"Pesas rusas. Para iniciar el movimiento, mantén la columna vertical mientras te doblas en ambas rodillas, d Ejercicio Estado Patrón Tipo Implemento principal Músculos principales trabajados Músculos secundarios trabajados Plano Explicación del ejercicio URL de YouTube",https://www.youtube.com/watch?v=eWlMJuSh9ZI
Zancada inversa con barra y pie delantero elevado,hecho,Pierna única,Carga externa,Barra,"Isquiotibiales, trapecio",,Sagital,"Flexores de la cadera en pronación. Para iniciar el movimiento, da un paso hacia atrás con un pie. y flexiona las dos rodillas",https://www.youtube.com/watch?v=QJbHbd9Y
Sentadilla dividida con barra y pie delantero elevado,hecho,Pierna única,Carga externa,Barra,"Isquiotibiales, Trapecio","Hamstrings, Trapezius",Sagital,"Flexores de la cadera pronación. Para iniciar el movimiento, dobla ambas rodillas y baja",https://www.youtube.com/watch?v=ezsa--3T4iI
Sentadilla dividida con barra y pie delantero elevado,hecho,Pierna única,Carga externa,Barra,"Isquiotibiales, Trapecio Sagital barra posicionada en la parte superior de la espalda, manos sujetando la barra en https://www.youtube.com/watch?v=ezsa--3T4iI Flexores de la cadera pronación. Para iniciar el movimiento, dobla ambas rodillas y baja la rodilla trasera hasta tocar La zancada inversa con mancuernas y pie delantero elevado comienza en una posición de pie alta posición, con los pies elevados sobre una placa de peso u otra superficie elevada similar Cuádriceps, Glúteos, Aductores, Zancada inversa con mancuernas y pie delantero elevado hecha Pierna única Carga externa Mancuerna Isquiotibiales, Trapecio",,Sagital,"AQNIeqUs Flexores de la cadera iniciar el movimiento, da un paso hacia atrás con un pie y flexiona",https://www.youtube.com/watch?v=XG
Front Foot Elevated Dumbbell Reverse Lunge with Knee Lift,re-film,Pierna única,Carga externa,Mancuerna,"Recto abdominal, Erector de la columna","Rectus Abdominis, Erector Spinae",Sagital,"Con elevación de la rodilla Flexores de la cadera, Isquiotibiales lados. Para iniciar el movimiento, da un paso hacia atrás con un pie y flexiona ambas rodillas, deja",https://www.youtube.com/watch?v=daXhAvePQpQ
Sentadilla dividida con mancuerna y pie delantero elevado,hecho,Pierna única,Carga externa,Mancuerna,"Trapecio, Recto Abdominal","gTsrapezius, Rectus Abdominis",Sagital,"Flexores de la cadera, Isquiotibiales movimiento, flexiona ambas rodillas y baja la rodilla trasera hasta tocar el suelo. Luego, activa el",https://www.youtube.com/watch?v=Td5J-9Sq4OY
Sentadilla Búlgara con Mancuernas en Rack Frontal y Pie Elevado,realizado,Una pierna,Carga externa,Mancuerna,"Deltoides Anteriores, Bíceps Sagital superficie elevada, con mancuernas en cada mano, colocadas en posición de rack","Anterior Deltoids, Biceps",Frontal,"Sentadilla Recto Abdominal posición. Para iniciar el movimiento, flexiona ambas rodillas y baja",https://www.youtube.com/watch?v=gkmUqzTM260
"Rack Frontal y Pie Elevado Cuádriceps, Glúteos, Aductores,",realizado,Una pierna,Carga externa,Mancuerna,"Deltoides Anteriores, Bíceps Sagital superficie elevada, con mancuernas en cada mano, colocadas en posición de rack frontalhttps://www.youtube.com/watch?v=gkmUqzTM260 Sentadilla Recto Abdominal posición. Para iniciar el movimiento","flexiona ambas rodillas y baja la rodilla trasera hasta tocar el La Zancada Inversa con Pie Elevado y Barra en Rack Frontal comienza en posición erguida con los pies elevados sobre un disco o superficie similar Cuádriceps, Glúteos, Aductores, Zancada Inversa con Pie Elevado y Barra en Rack Frontal realizada Una Pierna Carga Externa Barra Deltoides Anteriores, Escápulas Sagital superficie, con una barra sostenida en posición de rack",Frontal,"Recto Abdominal movimiento, da un paso hacia atrás y flexiona ambas rodillas. Luego, activa",https://www.youtube.com/watch?v=TblPkdbrES4
Zancada Inversa con Pie Elevado y Barra en Rack Frontal realizada,,Una pierna,Carga externa,Barra,"Deltoides Anteriores, Escápulas Sagital superficie, con una barra sostenida en posición de rack frontal. Para iniciar el https://www.youtube.com/watch?v=TblPkdbrES4 Recto Abdominal movimiento, da un paso hacia atrás y flexiona ambas rodillas. Luego","activa el core, aprieta el interior de los La Zancada Inversa Goblet con Pie Elevado comienza en posición erguida con los pies elevados sobre un disco o superficie similar Cuádriceps, Glúteos, Aductores, Zancada Inversa Goblet con Pie Elevado re-grabar Una Pierna Carga Externa Mancuerna Deltoides Anteriores, Bíceps",Sagital,"Recto Abdominal debajo de la mancuerna, y codos pegados hacia el cuerpo. Para iniciar el movimiento, pisa en",https://www.youtube.com/watch?v=4yFiKTCJk6s
Zancada Inversa Goblet con Pie Elevado re-grabar,,Una pierna,Carga externa,Mancuerna,"Deltoides Anteriores, Bíceps Sagital superficie con una mancuerna sostenida en el pecho, palmas sujetando desde https://www.youtube.com/watch?v=4yFiKTCJk6s Recto Abdominal debajo de la mancuerna, y codos pegados hacia el cuerpo. Para iniciar el movimiento","pisa en La Sentadilla Búlgara Goblet con Pie Elevado comienza en posición de zancada, con el pie delantero elevado sobre un disco o superficie similar con una Cuádriceps, Glúteos, Isquiotibiales, Sentadilla Búlgara Goblet con Pie Elevado re-grabar Una Pierna Carga Externa Mancuerna Deltoides Anteriores, Bíceps",Sagital,"Recto Abdominal mancuerna, y codos pegados hacia el cuerpo. Para iniciar el movimiento, flexiona ambas",https://www.youtube.com/watch?v=tszjHbnJnZw
"o superficie similar con una Cuádriceps, Glúteos, Isquiotibiales,",,Sentadilla,Carga externa,Mancuerna,"Deltoides Anteriores, Bíceps Sagital mancuerna sostenida en el pecho, palmas sujetando desde debajo de la https://www.youtube.com/watch?v=tszjHbnJnZw Recto Abdominal mancuerna, y codos pegados hacia el cuerpo. Para iniciar el movimiento, flexiona ambas La Zancada con Pie Elevado y Elevación de Rodilla comienza en posición erguida con los pies elevados sobre un disco o superficie similar Cuádriceps, Glúteos, Isquiotibiales, Zancada con Pie Elevado y Elevación de Rodilla re-grabar Una Pierna Peso corporal Plato Recto Abdominis, Erector de la columna",,Sagital,"Flexores de cadera, Aductores dobla las dos rodillas. Luego, impulsa a través del talón delantero y levanta el",https://www.youtube.com/watch?v=yB1zlnnQ
Lunge invertido con pie delantero elevado,hecho,Una pierna,Peso corporal,Plato,"Quadriceps, Glutes, Hamstrings, Adductors","Rectus Abdominis, Erector Spinae, Hip Flexors",Sagital,"Aductores Flexores de cadera ambas rodillas. Luego, impulsa a través del talón delantero y da un paso con el pie trasero",https://www.youtube.com/watch?v=y2oZOuwxS2U
Sentadilla dividida con pie delantero elevado,hecho,Una pierna,Peso corporal,Plato,"Quadriceps, Glutes, Adductors, Hamstrings","Hip Flexors, Rectus Abdominis, Erector Spinae",Sagital,"Isquiotibiales Erector de la columna suelo. Luego, contrae el core, aprieta los muslos internos juntos y",https://www.youtube.com/watch?v=68LrMLD6mus
PPT Reposo frontal,re-film,Empujar,Peso corporal,Ninguno,"Anterior Deltoids, Pecs, Triceps, Scapulas, Rectus Abdomini","sGlutes, Adductors, Wrist Extensors",Sagital,"Escápulas, Rectos abdominales Extensores (inclinación pélvica posterior). Para entrar más en posición, inclina los hombros un poco hacia adelante y protrae a través de la parte superior de la espalda y los hombros.",https://www.youtube.com/watch?v=KOERfj4QPtk
Reposo frontal en anillas,re-film,Empujar,Peso corporal,Anillas,"glúteos, aductores","sGlutes, Adductors",Sagital,"Escápulas, Rectos abdominales hombros ligeramente hacia adelante y protrae (redondea) a través de la parte superior espalda y mantén un PPT (inclinación pélvica posterior).",https://www.youtube.com/watch?v=PfM1MfBpJVM
Anterior Sentadilla ATG con rack frontal,hecho,Una pierna,Carga externa,Barra,"Quadriceps, Glutes, Hip Flexors, Rectus Abdominis","Hamstrings, Adductors, Anterior Detoids",Sagital,"Recto Abdominal Deltas tiendes el cuerpo hacia adelante, permitiendo que la rodilla delantera viaje sobre el dedos de los pies. Luego, comienza a tirar hacia arriba y",https://www.youtube.com/watch?v=x-C9fvgY2RA
Carry de Barra en Rack Frontal,re-film,Locomoción,Carga externa,Barra,"Trapezius, Anterior Deltoids, Biceps, Quadriceps, Glutes","Hamstrings, Rectus Abdominis, Erector Spinae",Sagital,"Bíceps, Cuádriceps, Glúteos Erector de la columna la barra, sobre los hombros, tronco fijado. Para iniciar el movimiento,",https://www.youtube.com/watch?v=2a49QTJUFkQ
Lunge inverso con barra en rack frontal,hecho,Una pierna,Carga externa,Barra,"Quadriceps, Glutes, Trapezius, Rectus Abdominis","Anterior Deltoids, Biceps, Hamstrings",Sagital,"Recto Abdominal Isquiotibiales movimiento, da un paso hacia atrás con un pie y dobla las dos rodillas. Luego, impulsa a través del talón delantero y da un paso t Ejercicio Estado Patrón Tipo Implemento principal Músculos primarios trabajados Músculos secundarios trabajados Plano Explicación del ejercicio URL de YouTube",https://www.youtube.com/watch?v=Ou-kq9ereuk
Front Rack Box Squat,hecho,Sentadilla,Carga externa,Barra,"Cuádriceps, Glúteos, Recto Deltoides anteriores, Bíceps","Abdominal, Trapecio Isquiotibiales Sagital colocada, en la posición de rack",Frontal,"Señalado, y una caja a solo unos centímetros detrás de ti. Para iniciar el",https://www.youtube.com/watch?v=PFir1dHy3ic
Lunge con rack frontal descendente,hecho,Una pierna,Carga externa,Barra,"Cuádriceps, Aductores Isquiotibiales, Glúteos, Recto Trapecio","Abdominis, Anterior Bíceps, Sagital elevados sobre una placa de peso o una superficie elevada similar, con una barra colocada, en la posición de rack",Frontal,"Por encima de los hombros, núcleo estabilizado. Para iniciar el movimiento, da un paso",https://www.youtube.com/watch?v=jQasI-i3BRE
Lunge inverso con mancuerna en Front Rack,hecho,Una pierna,Carga externa,Mancuerna,"Cuádriceps, Glúteos, Isquiotibiales, Gemelos","Flexores de cadera, Recto Aductores Abdóminal Sagital con una mancuerna en cada mano, sostenida en la posición de rack",Frontal,"Detrás de ti y dobla ambas rodillas, permitiendo que la rodilla trasera apenas",https://www.youtube.com/watch?v=DfW8ilS3OF0
Split squat elevado de antepie delantero en Front Rack,hecho,Una pierna,Carga externa,Barra,"Cuádriceps, Recto Abdominis Glúteos, Aductores, Isquiotibiales, Deltoides",", Bíceps Trapecio, Anterior",Sagital,"Posición de rack frontal, justo por encima de los hombros. Para iniciar el",https://www.youtube.com/watch?v=drGacl5jgaU
Front Rack in Place Lunge,hecho,Una pierna,Carga externa,Barra,"Cuádriceps, Glúteos, Flexores de cadera Isquiotibiales","Abdominals, Trapézio Pantorrillas, Recto Sagital a la altura de la cadera, con una barra en la posición de rack",Frontal,"Anchura de los hombros, palmas sujetando por debajo de la barra con las palmas",https://www.youtube.com/watch?v=VYD9uPukzcA
Sentadilla del Ciclista con Kettlebell en Rack Frontal,hecho,Sentadilla,Carga externa,Kettlebell,"Cuádriceps, Glúteos, Recto Abdominales, Erector de la columna Isquiotibiales","Deltoides, Bíceps, Pantorrillas, Trapecio Anterior Sagital talones elevados sobre una placa de peso o una tabla inclinada, y una kettlebell sujetada en cualquiera de las manos en la posición de rack",Frontal,"Movimiento, dobla las rodillas hacia adelante y hacia afuera mientras haces descender las caderas",https://www.youtube.com/watch?v=DkF6h1x1iIs
Para Zancada caminando con kettlebell en rack frontal,hecho,Una pierna,Carga externa,Kettlebell,"Cuádriceps, Recto Abdominis Glúteos, Aductores, Pantorrillas, Deltoides",", Erector Bíceps de la columna, Anterior",Sagital,"Rodillas. Luego, da un paso con el pie trasero para encontrar al pie delantero, quedando de regreso a la posición de inicio. Luego, da un paso con la segunda pierna hacia adelante, dobla ambas rodillas",https://www.youtube.com/watch?v=XobSHfsVdwY
Sentadilla dividida con pie trasero elevado en rack frontal,re-film,Una pierna,Carga externa,Barra,"Cuádriceps, Glúteos, Aductores, Recto Abdominis, Anterior D eClatolvidess, Erector de la columna, Psoas, Trapecio Sagital barra el movimiento, en posición dobla de rack ambas",,Frontal,"DGGHioq1U el suelo. Luego, impulsa a través del talón delantero para volver a extender hacia arriba posición inicial",https://www.youtube.com/watch?v=C
Zancada inversa con rack frontal,hecho,Una pierna,Carga externa,Barra,"Cuádriceps, Isquiotibiales, Glúteos, DBeiclteopidss, Aductores","Anteriores Abdóminis, T Rraepcetuzsiu Sagital barra en posición de rack",Frontal,"Para iniciar el movimiento, da un paso hacia atrás con un pie y flexiona ambas",https://www.youtube.com/watch?v=wQzUHucOdGU
Zancada con saco de arena en front rack,re-film,Una pierna,Carga externa,Saco,"de arena Cuádriceps, Aductores, Deltoides Glúteos, Isquiotibiales, anteriores Gemelos, Dorsal anch","o Psoas, Trapecio, Bíceps,",Sagital,"Ambas rodillas, permitiendo que la rodilla trasera toque el suelo.",https://www.youtube.com/watch?v=iqgZiRaVeZg
Sentadilla dividida en front rack,re-film,Una pierna,Carga externa,Barra,"Cuádriceps, Aductores, Deltoides Glúteos, Isquiotibiales, anteriores Gemelos, Erectores espinales",", Psoas",Sagital,"Suelo. Luego, activa el core, junta los muslos internos y empuja",https://www.youtube.com/watch?v=wsLvwBug9IM
Step-up en front rack,re-film,Una pierna,Carga externa,Barra,"Cuádriceps, Glúteos, Isquiotibiales, , Psoas","Flexor de cadera, Deltoides anteriores, Aductores Erectores espinales",Sagital,"Palmas hacia arriba y codos extendidos hacia adelante. Para iniciar el movimiento,",https://www.youtube.com/watch?v=g1g4EOWeLwU
Zancada caminando en front rack,re-film,Una pierna,Carga externa,Barra,"Cuádriceps, Aductores, Deltoides Glúteos, Isquiotibiales, anteriores","Bíceps, Psoas Erectores espinales,",Sagital,"Hacia adelante y flexiona ambas rodillas, permitiendo que la rodilla trasera toque el",https://www.youtube.com/watch?v=PXe6NnmiUQg
Sentadilla Frontal,re-film,Sentadilla,Carga externa,Pesas,"(barra) Cuádriceps, Glúteos, Isquiotibiales, Deltoides Anteriores, Bíceps, R Gemelos, Esplina Abdomen, Erectores",,Sagital,"BcLk hacia adelante, core fajar. Para iniciar el movimiento, flexiona las rodillas",https://www.youtube.com/watch?v=1ruk1-
"BcLk hacia adelante,",,Core,Peso corporal,GHD,"Erector Spinae, Glúteos, Isquiotibiales",Psoas Sagital punto de cadera,Frontal,Los puntos de las caderas frontales presionados hacia abajo en la almohadilla a lo largo de la movimiento completo y mantener una PPT (inclinación pélvica posterior). Para iniciar el,https://www.youtube.com/watch?v=n5mZkx0daJc
GHD Bent Knee Hip Extension,hecho,Doblar,Peso corporal,GHD,"Erector Spinae, Glúteos, Isquiotibiales",Flexores de cadera,Sagital,"Empujar las caderas hacia atrás en el espacio a medida que la parte superior del cuerpo se inclina hacia adelante, manteniendo la espalda recta y bajando d Ejercicio Estado Patrón Tipo Implemento principal Músculos principales trabajados Músculos secundarios trabajados Plano Explicación del ejercicio URL de YouTube",https://www.youtube.com/watch?v=Y7EUaiulLEw
Curl Predicador con Mancuernas en GHD,hecho,Jalar,Carga externa,Mancuerna,"Bíceps, Braquial Braquiorradial",Brachioradialis,Sagital,"Arriba y una mancuerna en cada mano. Para iniciar el movimiento, flexiona las palmas hacia los hombros y",https://www.youtube.com/watch?v=PhhllTEwjA4
Curl Predicador con Mancuernas en GHD,hecho,Jalar,Carga externa,Mancuerna,"Bíceps, Braquial Braquiorradial Sagital máquina desarrolladora","brazos apoyados sobre el acolchado con las palmas hacia https://www.youtube.com/watch?v=PhhllTEwjA4 arriba y una mancuerna en cada mano. Para iniciar el movimiento, flexiona las palmas hacia los hombros y La Extensión de Cadera en GHD comienza en posición prona sobre una GHD (desarrollador de glúteos- isquiotibiales), con los tobillos asegurados y el acolchado debajo de la Extensión de Cadera en GHD regrabar Flexión Peso corporal GHD Erectores espinales, glúteos Isquiotibiales Sagital cadera",Frontal,"Los puntos de la cadera frontal presionados hacia abajo en el acolchado durante todo el movimiento. Para iniciar el movimiento, permite que el pecho baje abajo",https://www.youtube.com/watch?v=dizQOJZwTDw
Hollow Hold en GHD,hecho,Núcleo,Peso corporal,GHD,"Recto abdominal, glúteos Flexores de cadera,",aductores,Sagital,Cruzados sobre el pecho. Mantén la posición manteniendo una PPT (inclinación pélvica posterior) y protrae (redondea),https://www.youtube.com/watch?v=U4X-oXyhl2M
Curl Predicador en GHD,hecho,Jalar,Carga externa,Barra EZ,"Bíceps, Braquial Braquiorradial",Brachioradialis,Sagital,"Barra sujetada en las manos, manos a la anchura de los hombros. Para iniciar el movimiento, flexiona",https://www.youtube.com/watch?v=MBXni1sgLA0
Curl Predicador en GHD,hecho,Jalar,Carga externa,Barra EZ,"Bíceps, Braquial Braquiorradial Sagital brazos apoyados sobre el acolchado con las palmas hacia arriba y una barra EZ o https://www.youtube.com/watch?v=MBXni1sgLA0 barra sujetada en las manos","manos a la anchura de los hombros. Para iniciar el movimiento, flexiona El Sit-Up en GHD comienza sentado en forma de L sobre una GHD (desarrollador de glúteos e isquiotibiales) máquina desarrolladora, con los tobillos asegurados y la parte posterior de las piernas Sit-Up en GHD regrabar Núcleo Peso corporal GHD Recto del abdomen, flexores de cadera Cuádriceps",Sagital,"Retrocede y extiende a través de la columna y extiende los brazos por encima de la cabeza mientras te acuestas. Luego, con algo de impulso, flexiona la columna de nuevo hacia arriba para sentado en",https://www.youtube.com/watch?v=A6LyWwuBHK4
Puente de glúteos,re-film,Doblar,Estabilidad,Ninguno,"Glúteos, isquiotibiales Erector de la columna,",pantorrillas,Sagital,"Impulsa a través de los talones para levantar las caderas alineadas con las rodillas y permite que las rodillas se desplacen hacia adelante. Luego, con control, baja la espalda a la g",https://www.youtube.com/watch?v=b6hV2AP6rkA
Press de banca con kettlebell de puente de glúteos,re-film,Empujar,Carga externa,Kettlebell,"Pectorales, Glúteos deltoides anteriores, tríceps,Erector Isquiotibiales de la columna,","pantorrillas, flexores de cadera,",Sagital,"Iniciar el movimiento, golpea las nudillas hacia el techo para extender",https://www.youtube.com/watch?v=AvrSSwSSPFI
Para iniciar Levantamiento de glúteos e isquiotibiales,re-film,Doblar,Peso corporal,GHD,"Isquiotibiales, glúteos, erector de la columna, recto abdominal, pantorrillas",,Sagital,"Pcv84k el movimiento, empieza a inclinar la parte superior del cuerpo hacia adelante mientras impulsas tus talones de regreso a la plataforma, tensando el core a lo largo de extendiéndo",https://www.youtube.com/watch?v=KeHz
Retención de Glute Ham Raise,re-film,Doblar,Peso corporal,GHD,"Isquiotibiales, glúteos, erector de la columna","recto abdominal, pantorrillas",Sagital,"Para colocarte en posición, empieza a inclinar la parte superior del cuerpo hacia adelante a medida que empujas tus talones hacia atrás dentro de la El Glute Ham Raise Negativo comienza en una posición de rodillas altas en una GHD (máquina desarrolladora glúteo- isqui) con las rodillas sobre acolchado y la parte frontal de Glute Ham Raise Negativo",https://www.youtube.com/watch?v=yPlWSg4NSLw
Glute Ham Raise Negativo,hecho,Doblar,Peso corporal,GHD,"Isquiotibiales, glúteos, erecto espinal","recto abdominal, pantorrillas",Sagital,"Para iniciar el movimiento, comienza a inclinar el torso hacia adelante mientras empujas los talones hacia atrás La activación del glúteo medio con escalera comienza en una posición erguida, con Activación del glúteo medio con escalera volver a grabar Pierna individual Carga externa Escalera Glúteo Latte medio, tensor de la fascia Pantorrillas una banda alrededor de los muslos, justo por encima de las rodillas, pies lo suficientemente separados para Múltiple sentir algo de tensión de la banda, y una escalera a tu lado. Para iniciar",https://www.youtube.com/watch?v=whr4Oic4Iz0
Raise Negativo,hecho,Doblar,Peso corporal,GHD,"Isquiotibiales, glúteos","erecto espinal, recto abdominal, pantorrillas Sagital los muslos presionando contra las almohadillas circulares, brazos cruzados sobre el pecho.https://www.youtube.com/watch?v=whr4Oic4Iz0 Para iniciar el movimiento, comienza a inclinar el torso hacia adelante mientras empujas los talones hacia atrás La activación del glúteo medio con escalera comienza en una posición erguida, con Activación del glúteo medio con escalera volver a grabar Pierna individual Carga externa Escalera Glúteo Latte medio, tensor de la fascia Pantorrillas una banda alrededor de los muslos, justo por encima de las rodillas, pies lo suficientemente separados para",Múltiple,"Movimiento, manteniendo el pie exterior en un lugar, y permaneciendo sobre",https://www.youtube.com/watch?v=bRMRcBgH1Kk
Goblet Carry,hecho,Locomoción,Carga externa,Mancuerna,"Recto Deltoides abdominal, anteriores, cuádriceps bíceps, Hpsa,m","Trapecio Gslturtinesgs, pantorrillas,",Sagital,"Debajo de las palmas, y apretado cerca del cuerpo. Para iniciar el",https://www.youtube.com/watch?v=epD5Xd5nN2M
Sentadilla Goblet Cossack,hecho,,Carga externa,Mancuerna,"Glúteos, isquiotibiales, cuádriceps Recto Deltoides abdominal","anteriores, bíceps,",Frontal,"Mancuerna. , Para iniciar el movimiento, flexiona la rodilla de una pierna, y baja lateralmente la cadera de esa pierna",https://www.youtube.com/watch?v=tNSzF4X-LDg
Sentadilla dividida Goblet Deficit,hecho,,Carga externa,Kettlebell,"Cuádriceps, glúteos, aductores Flexores de cadera,",isquiotibiales,Sagital,"Codos hacia adentro. Para iniciar el movimiento, flexiona ambas rodillas y permite",https://www.youtube.com/watch?v=1KEksmj-T3o
Zancada Goblet Drop,hecho,,Carga externa,Mancuerna,"Cuádriceps, isquiotibiales, glúteos, Recto abdominal","bíceps, Psoas Hip Flexors Deltoides anteriores,",Sagital,"Antebrazos verticales. Para iniciar el movimiento, da un paso adelante con un pie",https://www.youtube.com/watch?v=mfzLx8704u8
Goblet Duck Walk,hecho,Locomoción,Carga externa,Pesa rusa,"Cuádriceps, Glúteos, Gemelos Isquiotibiales, Erector de la columna",", Bíceps, Deltoides anteriores",Sagital,"Pasos cortos hacia adelante, permitiendo que las rodillas rueden por debajo de las líneas de las piernas. Ejercicio Estado Patrón Tipo Implemento principal Músculos principales trabajados Músculos secundarios trabajados Plano Explicación del ejercicio URL de YouTube",https://www.youtube.com/watch?v=stJKCex7SbA
Goblet Good Morning,re-film,Flexión,Carga externa,Pesa rusa,"Isquiotibiales, glúteos, erectores de la columna Dorsal Deltoides ancho,","bíceps, anterior",Sagital,Flexión en las rodillas y lleva las caderas hacia atrás mientras inclinas el torso hacia adelante,https://www.youtube.com/watch?v=smDMsePPxQU
Goblet Jump Squat,hecho,Sentadilla,Carga externa,Pesa rusa,"Glúteos, Recto abdominal cuádriceps, isquiotibiales, Deltoides anteriores,",bíceps,Sagital,Las rodillas y baja las caderas hacia atrás y hacia abajo para llegar a la,https://www.youtube.com/watch?v=gxzqTc62eHM
Goblet Lunge,re-film,Una pierna,Carga externa,Pesa rusa,"Cuádriceps, glúteos, isquiotibiales,Pantorrillas, deltoides anteriores",", Flexores de la cadera Dorsal ancho, bíceps",Sagital,"Que la rodilla trasera toque suavemente el suelo. Luego, impulsa a través del talón para regresar el pie delantero a la posición inicial.",https://www.youtube.com/watch?v=iOlQJldSUDQ
Goblet Rear Foot Elevated Split Squat,hecho,Una pierna,Carga externa,Pesa rusa,"Cuádriceps, Flexores de la cadera glúteos, isquiotibiales,Deltoides Abdominales anteriores,","bíceps, recto",Sagital,"Movimiento, flexiona ambas rodillas, permitiendo que la rodilla trasera toque el suelo.",https://www.youtube.com/watch?v=N3V1R6pGCsU
El Goblet Reverse Lunge,re-film,Una pierna,Carga externa,Mancuerna,"Cuádriceps, glúteos, isquiotibiales Deltoides Abdominales anteriores,","bíceps, recto",Sagital,"Permitiendo que la rodilla trasera toque el suelo. Luego, impulsa a través de",https://www.youtube.com/watch?v=9UL2dmLyrdI
Goblet Short Split Squat,,Sentadilla,Carga externa,Kettlebell,"Cuádriceps, Aductores Glúteos, Isquiotibiales, Recto Deltoides, Abdominal",", Bíceps Anterior",Sagital,"Movimiento, flexiona ambas rodillas, bajando hasta tu comodidad",https://www.youtube.com/watch?v=MjAJVRp1Dqg
Dqg movimiento,,Sentadilla,Carga externa,Kettlebell,"Cuádriceps, Glúteos, Isquiotibiales, Erector de la columna,","Deltoides anteriores,",Sagital,"Pecho, y una banda enredada alrededor de la barra vertical con cualquiera de sus extremos",https://www.youtube.com/watch?v=gzMJ6XOsXcU
XOsXcU el pecho,,Sentadilla,Carga externa,Mancuerna,"Cuádriceps, Recto Abdominal Glúteos, Isquiotibiales, Deltoides anteriores,",Bíceps,Sagital,"Rodillas y baja la rodilla trasera hasta tocar ligeramente el suelo. Luego,",https://www.youtube.com/watch?v=EUHaKY3aA1Q
Goblet Squat,,Core,Carga externa,Mancuerna,"Cuádriceps, Abdominales Glúteos, Recto Isquiotibiales, Bíceps",", Anterior Erector Espinero,",Sagital,"Rodillas hacia adelante y hacia afuera mientras hundes las caderas hacia atrás y hacia abajo, manteniendo",https://www.youtube.com/watch?v=CcpnZqMsu7o
Goblet Sumo Good Morning,hecho,Flexionar,Carga externa,Kettlebell,"Erectores Isquiotibiales, espinales, dorsal glúteos, ancho Bíceps,","Cuádriceps deltoides anteriores,",Sagital,"Movimiento, flexiona las caderas empujando las caderas hacia atrás, dando una ligera flexión a las rodillas, y apalanca el",https://www.youtube.com/watch?v=75IBIB8xSpI
Goblet Wall Sit,hecho,Sentadilla,Carga externa,Kettlebell,"Cuádriceps, Abdominales glúteos, recto Erectores Deltoides espinales,","bíceps, anterior",Sagital,Pecho. Mantén la posición donde los muslos estén paralelos al suelo.,https://www.youtube.com/watch?v=iJ7dveMTtm0
Groiner,hecho,Una pierna,Estabilidad,Ninguno,"Ingle, flexores de cadera, psoas Glúteos, cuádriceps, isquiotibiales",,Sagital,"Debajo de los hombros, y haz una pausa. Luego, mete los dedos del pie trasero y levanta la",https://www.youtube.com/watch?v=rkVadNuQ6
Groiner,hecho,Una pierna,Estabilidad,Ninguno,"Ingle, flexores de cadera, psoas Glúteos, cuádriceps","isquiotibialesSagital hacia adelante en la posición de medio arrodillado, luego baja las manos https://www.youtube.com/watch?v=rkVadNuQ6\_U debajo de los hombros, y haz una pausa. Luego, mete los dedos del pie trasero y levanta la rodilla trasera mientras mantienes el El Hack Squat comienza al colocarse en una máquina de hack squat, con Hack Squat regrabar Sentadilla Carga externa Máquina Cuádriceps, Recto abdominal glúteos, isquiotibiales, Pantorrillas, erectores espinales los hombros debajo de las almohadillas, manos sujetando las asas",Sagital,"Movimiento, dobla las rodillas hacia adelante y hacia afuera para bajar a la",https://www.youtube.com/watch?v=6teL-OyXuQs
Half Kneeling Arnold Press,hecho,Empuje,Carga externa,Mancuerna,"Deltoides Tríceps, recto anteriores, abdominal deltoides medios, Flexores de cadera,",aductores,Sagital,Estabiliza encontrando una retroversión pélvica y apretando la parte interna de los muslos juntos. Para iniciar el,https://www.youtube.com/watch?v=Ijp8kJ-yKjM
Half Kneeling Banded Behind the Neck Press,,Core,Carga externa,Banda,"Deltoides Romboides, anteriores, Trapecio Deltoides medios, iRuesc,",tuTsr iAcebpdosminis,Sagital,"Banda que viene desde detrás de la espalda. Para iniciar el movimiento,",https://www.youtube.com/watch?v=6jy0Eeoq-MU
Prensa Pallof con banda de rodilla semi adelantada,hecho,Empujar,Carga externa,Banda,"Deltoides Pectorales, Tríceps, anteriores, Recto Deltoides medios, uBsic Dorsales Aepbsd,o",Lmatiinssisimus,Sagital,"Movimiento, extiende los brazos hacia adelante desde el pecho, manteniendo el core",https://www.youtube.com/watch?v=OUXhgfkEkKM
Prensa con barra en rodilla semi adelantada,hecho,Empujar,Carga externa,Barra,"Deltoides anteriores, Deltoides medios, dEformaciones Espinae, Tríceps, Recto Abdominal Romboides Sagital barra extiende sostenida los brazos en la y posición la barra por de rack encima",,Frontal,BVPE la barra de nuevo a la posición inicial. Ejercicio Estado Patrón Tipo Implemento principal Músculos principales trabajados Músculos secundarios trabajados Plano Explicación del ejercicio URL de YouTube,https://www.youtube.com/watch?v=DVK-03
Half Kneeling Bodyweight Windmill,hecho,Flexión,Peso corporal,Ninguno,"Obliques, Quadratus Lumborum, Groin, Hip Flexors","Anterior Deltoids, Rectus Abdominis",Transversal,"Ingle, Flexores de cadera Abdominales bajando hasta que el codo quede alineado debajo del hombro y ambos",https://www.youtube.com/watch?v=oG7cp0cimV0
Anterior Levantamiento con Cable en Medio Arrodillado,hecho,Núcleo,Carga externa,Cable,"Tríceps, Recto abdominal","Triceps, Rectus Abdominis",Transversal,"Deltoides máquina, barra junto a la pierna delantera, manos en pronación y aproximadamente al ancho de los hombros. Para iniciar el mov",https://www.youtube.com/watch?v=5sfRj8EKLQ8
Half Kneeling Cable Pallof Press,hecho,Empuje,Carga externa,Cable,"Transverse Abdominis, Glutes, Scapulas, Triceps, Pec","sR, eAcntutse rAiobdr oDmeilntiosids",Sagital,"Escápulas, Tríceps, Pectoral oDmeilntiosids flexiona los codos para llevar las manos hacia el centro del pecho.",https://www.youtube.com/watch?v=yhzdiYkWWUA
"Transverso abdominal, Recto Rotación Táctil en Rack Frontal en Medio Arrodillado",hecho,Núcleo,Carga externa,Kettlebell,"Bíceps, Aductores Transverso la pierna que está adelante, con la mano libre colocada en el abdomen para","Bltiociedpss, Adductors",,"Abdominal, Anterior De retroalimentación táctil. Para iniciar el movimiento, manteniendo la columna vertical,",https://www.youtube.com/watch?v=1lPudgJUro0
Anterior Curl de Cuerno a Halo en Medio Arrodillado,hecho,Jalar,Carga externa,Kettlebell,"Bíceps, Abdominal, Braquial",,Múltiple,"Deltoides, Deltoides Medial Transverso Ab kettlebell hacia la parte superior del pecho. Luego, lleva la kettlebell hacia",https://www.youtube.com/watch?v=o-arTcHja
Lift con Kettlebell en Medio Arrodillado,hecho,Núcleo,Carga externa,Kettlebell,"Transverso los lados del asa de la kettlebell. Para iniciar el movimiento, manteniendo","ATdridcuecptosrs, Rectus Abdominis",,"Romboides, Deltoides Anteriores, Abdominal los brazos rectos, levanta la kettlebell en dirección diagonal, moviendo",https://www.youtube.com/watch?v=jKlK5nfLZkA
Windmill Press con Kettlebell en Medio Arrodillado,hecho,Complejo,Carga externa,Kettlebell,"Deltoides Anteriores, Trapecios, Oblicuos","Bíceps, Tríceps, Recto Abdominal,",Múltiple,"Movimiento, tira de la kettlebell verticalmente hacia arriba por el cuerpo y atrápala en la posición de rack frontal, con el",https://www.youtube.com/watch?v=ompijZm2sTc
Anterior Windmill con Kettlebell en Medio Arrodillado,hecho,Flexión,Carga externa,Kettlebell,"Transverso (mismo lado que la pierna que está adelante). Para iniciar el movimiento, comienza",,,"NnmbLs Cuadrado Lumbar Deltoides, Tríceps, Recto Abdominal bajar el antebrazo libre al suelo para que el codo quede alineado",https://www.youtube.com/watch?v=L
Remo Alto con Banda y un Brazo en Medio Arrodillado,hecho,Jalar,Carga externa,Bandas,"Latissimus Dorsi, Biceps, Rhomboids","Glutes, Adductors, Rectus Abdominis, Triceps",Sagital,"Romboides Abdominis, Tríceps un objeto similar que esté por encima. Para iniciar el movimiento, flexiona el",https://www.youtube.com/watch?v=M2wl4x2HbDk
Rotación torácica en media rodilla con Levantamiento,hecho,Jalar,Estabilidad,Pared,,,Múltiple,"Romboides, Anterior D Glúteos, Aductores pared, con el brazo interior comenzando justo por encima del brazo estable. Para iniciar el",https://www.youtube.com/watch?v=WHK-PX
Para Media sentadilla L en anillos,hecho,Núcleo,Peso corporal,Anillos,"Cuádriceps, Isquiotibiales, Tríceps","Quadriceps, Hamstrings, Triceps",Sagital,"Romboides colóquese, lleve una rodilla hacia el pecho y extienda",https://www.youtube.com/watch?v=JG9NI4jldBI
Para Media sentadilla L en anillos,hecho,Núcleo,Peso corporal,Anillos,"Cuádriceps, Isquiotibiales","TrícepsSagital https://www.youtube.com/watch?v=JG9NI4jldBI Romboides colóquese, lleve una rodilla hacia el pecho y extienda la otra pierna hacia delante y manténgala. Curl de martillo comienza en una posición de pie alta, con mancuernas sostenidas en cualquiera de las manos hacia abajo a los lados, con las manos asidas en posición neutra (palmas) Curl de martillo regrabar Jalar Carga externa Mancuerna Bíceps, Braquial Recto Abdominal",Sagital,"Hacia los lados, flexiona las mancuernas hacia los hombros y aprieta a través de los bíceps.",https://www.youtube.com/watch?v=UUyTeP1gft8
Medial Curl de martillo a press,hecho,Complejo,Carga externa,Mancuerna,aRcehciatuliss Abdominis,aRcehciatuliss Abdominis,Sagital,"Deltoides, Tríceps, Br mancuernas hasta la parte superior de los hombros. Luego, golpea los nudillos hacia arriba",https://www.youtube.com/watch?v=p-k89-kRTHg
Salida de isquiotibiales,hecho,Doblar,Estabilidad,Ninguno,"Romboides, Cuádriceps","Rhomboids, Quadriceps",Sagital,"Espinosos, Flexores de la cadera hacia una posición donde las piernas están casi totalmente extendidas. Luego, baja",https://www.youtube.com/watch?v=dSLBQ1JyHeA
Push-Up con liberación de manos,re-film,Empujar,Peso corporal,Ninguno,"Romboides, Glúteos, Erector de la columna","Rhomboids, Glutes, Erector Spinae",Sagital,"Recto Abdominis baja hasta el suelo. Luego, eleva las manos alejándolas de el suelo, apretando los omóplatos. A continuación, lleva las las palmas de vuelta d Ejercicio Estado Patrón Tipo Implementación principal Músculos principales trabajados Músculos secundarios trabajados Plano Explicación del ejercicio URL de YouTube",https://www.youtube.com/watch?v=ScplcTOzCNg
"Explicación del ejercicio URL de YouTube

Mantenerse de manos en la pared",re-film,Empujar,Peso corporal,Pared,,,Sagital,"Tríceps, Romboides, Trapecio Abdomen, Glúteos, Escápula la espalda está de cara a la pared y extienda desde los hombros empujando el",https://www.youtube.com/watch?v=j7QMn9O
Negativa de flexión de hombros en pino,re-film,Empujar,Peso corporal,Pared,"Anterior Deltoids, Medial Deltoids, Triceps, Rhomboids, Trap","eWziurisst Extensors, Rectus Abdominis, Glutes, Scapul",Sagital,"Tríceps, Romboides, Trapecio Abdóminal, Glúteos, Escápula las orejas, dedos de los pies apuntando hacia el techo. Para iniciar el movimiento, comienza a doblar lentamente los codos para bajar la corona de la cabeza d Toques de hombro en pino sobre caja comienzan en un pino elevado en forma de flecha posición, con los brazos rectos, manos apiladas debajo de los hombros, Deltoides anteriores, Deltoides medios, sW, Trisrat pEextzeinussors, Toques de hombro en pino sobre caja",https://www.youtube.com/watch?v=yVNHVnhyjF0
Handstand Shoulder Taps on Box,hecho,Empujar,Peso corporal,Caja pliométrica,"Anterior Deltoids, Medial Deltoids, Triceps, Rhomboid","sW, Trisrat pEextzeinussors, Rectus Abdominis, Glutes, Scapul",Frontal,"Tríceps, Romboide Recto abdominal, glúteos, escapular hombros y pies elevados en una caja. Para iniciar el movimiento, levanta",https://www.youtube.com/watch?v=U4sprYfI9Gg
Caminar en pino,re-film,Empujar,Peso corporal,Ninguno,"Anterior Deltoids, Medial Deltoids, Triceps, Rhomboids, Trap","eWziurisst Extensors, Rectus Abdominis, Glutes, Scapul",Sagital,"Tríceps, Romboides, Trapecio Abdominis, Glúteos, Escápula juntos, y dedos de los pies apuntando hacia el techo. Para iniciar el",https://www.youtube.com/watch?v=293wBbrMuKw
Caminar en pino,re-film,Empujar,Peso corporal,Ninguno,"Sagital https://www.youtube.com/watch?v=293wBbrMuKw Tríceps, Romboides, Trapecio Abdominis, Glúteos, Escápula juntos","y dedos de los pies apuntando hacia el techo. Para iniciar el movimiento, da un paso constante con una mano hacia adelante a la vez. Clean en suspensión comienza en una posición de bisagra alta, con los pies a la anchura de las caderas o un poco más ancho, una ligera flexión en las rodillas, caderas hacia atrás, parte superior Cuádriceps, Erectores de la columna, Bíceps, Recto abdominal, del cuerpo inclinado hacia adelante con la espalda recta, y una barra colgando justo encima Hang Clean re-grabar Flexión Explosividad Barra",Sagital,"Dorsal ancho, Isquiotibiales, G Trapecio de las rodillas, manos justo fuera del ancho de los hombros y en pronación. Para iniciar el movimiento, extiende las caderas hacia adelante con fuerza y deja la b",https://www.youtube.com/watch?v=yFwYmnsnzj4
Split Jerk,hecho,Complejo,Explosividad,Barra,"Trapecio, Anterior","FRleexcoturss ,A Tbrdaopmeizniisus, Anterior Deltoids, Medial D",Sagital,"Glúteos, Cuádriceps, Cadera Deltoides, Medial D justo encima de las rodillas, manos justo fuera del ancho de los hombros y en pronación. Para iniciar el",https://www.youtube.com/watch?v=O588VuzYN2g
Hang Clean Thruster,hecho,Complejo,Explosividad,Barra,"Quadriceps, Hamstrings, Glutes, Erector Spinae, Trap","eRzeiuctsu, sA Anbtedroiomr iDniesltoids, Medial Deltoids, Tric",Sagital,"Erectores de la columna, Trapecio Deltoides, Deltoides medial, Tríceps justo encima de las rodillas, manos justo fuera del ancho de los hombros y en pronación. Para iniciar el movimiento, extiende las caderas con fuerza hacia adelante y l",https://www.youtube.com/watch?v=ug99NXyF8KA
Hang Clean Thruster,hecho,Complejo,Explosividad,Barra,"Sagital https://www.youtube.com/watch?v=ug99NXyF8KA Erectores de la columna, Trapecio Deltoides, Deltoides medial, Tríceps justo encima de las rodillas","manos justo fuera del ancho de los hombros y en pronación. Para iniciar el movimiento, extiende las caderas con fuerza hacia adelante y l Hang Muscle Clean comienza en una posición de bisagra alta, con los pies aproximadamente al ancho de las caderas, una ligera flexión en las rodillas, caderas hacia atrás, parte superior Erectores de la columna, Dorsal ancho, Bíceps, Recto abdominal, del cuerpo inclinado hacia adelante, espalda recta, y una barra colgando justo encima de Hang Muscle Clean re-grabar Flexión Carga externa Barra",Sagital,"Isquiotibiales, Glúteos Trapecio rodillas con las manos justo fuera del ancho de los hombros y en pronación. Para iniciar el movimiento, extiende las caderas hacia adelante para tirar de la barra vertical",https://www.youtube.com/watch?v=KZ7DjW5wPR8
Hang Muscle Clean re-grabar,,Flexión,Carga externa,Barra,"Sagital https://www.youtube.com/watch?v=KZ7DjW5wPR8 Isquiotibiales, Glúteos Trapecio rodillas con las manos justo fuera del ancho de los hombros y en pronación. Para iniciar el movimiento, extiende las caderas hacia adelante para tirar de la barra vertical Hang Muscle Snatch comienza en una posición de bisagra alta, con los pies aproximadamente al ancho de las caderas, una ligera flexión en las rodillas","caderas hacia atrás, parte superior Erectores de la columna, Dorsal ancho, Glúteos, Deltoides, Bíceps, del cuerpo inclinado hacia adelante, espalda recta, y una barra colgando justo encima de Hang Muscle Snatch re-grabar Flexión Carga Externa Barra",Sagital,"Isquiotibiales, Tríceps, Trapecio Recto Abdominal rodillas con las manos mucho más separadas que el ancho de los hombros, y en pronación. Para iniciar el movimiento, extiende las caderas hacia adelante y tira de la barra ve",https://www.youtube.com/watch?v=hco5rsRVUVs
Hang Muscle Snatch re-grabar,,Flexión,Carga externa,Barra,"Sagital https://www.youtube.com/watch?v=hco5rsRVUVs Isquiotibiales, Tríceps, Trapecio Recto Abdominal rodillas con las manos mucho más separadas que el ancho de los hombros, y en pronación. Para iniciar el movimiento, extiende las caderas hacia adelante y tira de la barra ve El Hang Power Clean comienza en una posición de bisagra alta","con los pies aproximadamente al ancho de las caderas, una ligera flexión de las rodillas, caderas hacia atrás, parte superior Cuádriceps, Erector de la Espina, Bíceps, Recto Abdominal, cuerpo inclinado hacia adelante, espalda recta y una barra colgando justo encima de las Hang Power Clean volver a grabar Flexión Explosividad Barra",Sagital,"Dorsal Ancho, Isquiotibiales, G Trapecio rodillas con las manos justo fuera del ancho de los hombros, y en pronación. Para iniciar el movimiento, extiende las caderas hacia adelante para impulsar la barra verti",https://www.youtube.com/watch?v=HcUON4pNyxg
Push Press,hecho,Complejo,Explosividad,Barra,"Erector Spinae, Glutes, Hamstrings, Quadriceps, Delt","oRidesc,t uTsr Aapbdeozmiuisnis, Biceps",Sagital,"Isquiotibiales, Cuádriceps, Deltoides Bíceps por encima de las rodillas con las manos justo fuera del ancho de los hombros, y en pronación. Para iniciar el",https://www.youtube.com/watch?v=KB1TJtyA71E
Hang Power Clean + Strict Press,hecho,Complejo,Carga externa,Barra,"Erector Spinae, Glutes, Hamstrings, Quadriceps, Delt","oRidesc,t uTsr Aapbdeozmiuisnis, Biceps",Sagital,"Isquiotibiales, Cuádriceps, Deltoides Bíceps por encima de las rodillas con las manos justo fuera del ancho de los hombros, y en pronación. Para iniciar el",https://www.youtube.com/watch?v=wdlkGhhVHJk
Strict Press,hecho,Complejo,Carga externa,Barra,"Sagital espalda, parte superior del cuerpo inclinada hacia adelante, espalda recta y una barra colgando justo https://www.youtube.com/watch?v=wdlkGhhVHJk Isquiotibiales, Cuádriceps, Deltoides Bíceps por encima de las rodillas con las manos justo fuera del ancho de los hombros, y en pronación. Para iniciar el El Hang Power Snatch comienza en una posición de bisagra alta, con los pies aproximadamente al ancho de las caderas, una ligera flexión de las rodillas, caderas hacia atrás, parte superior Erector de la Espina, Dorsal Ancho,Bíceps, Deltoides, Recto, cuerpo inclinado hacia adelante, espalda recta y una barra colgando justo encima de las Hang Power Snatch volver a grabar Flexión Explosividad Barra",,Sagital,"JUEA Isquiotibiales, Tríceps, Cuádriceps Abdominales, Glúteos rodillas con las manos mucho más separadas que el ancho de los hombros, y en pronación. Para iniciar el movimiento, extiende las caderas hacia adelante para impulsar la barra v",https://www.youtube.com/watch?v=R432wA
Hang Snatch,re-film,Doblar,Explosividad,Barra,"Erector Spinae, Latissimus Dorsi, Hamstrings, Triceps, Quad","rBiciecpesp,s D, Reletocitduss, ATbradpoemziinuiss, Glutes",Sagital,"Isquiotibiales, Tríceps, Cuádriceps ATbradpoemziinuiss, Glúteos con las manos mucho más separadas que la anchura de los hombros, y pronadas. Para iniciar el movimiento, extiende las caderas hacia adelante para impulsar la barra verticalmente",https://www.youtube.com/watch?v=hFSSi-xG5tY
Hang Snatch High Pull,hecho,Doblar,Explosividad,Barra,,,Sagital,"XeI4A Trapecio, Romboides Gdolumtiensis rodillas con las manos mucho más separadas que la anchura de los hombros, y pronadas. Para iniciar el movimiento Ejercicio Estado Patrón Tipo Implementación principal Músculos principales trabajados Músculos secundarios trabajados Plano Explicación del ejercicio URL de YouTube",https://www.youtube.com/watch?v=Lush
Hang Snatch Pull,hecho,Doblar,Explosividad,Barra,"Erector Trapecio, Spinae, Romboides Latissimus Dorsi,dBsi,c","Gblduotemsinis eHpasm, Rstercintugss ,A",Sagital,"Con las manos mucho más separadas que la anchura de los hombros, y pronadas. Para",https://www.youtube.com/watch?v=Vt0o0z8QKKo
Elevación de rodilla colgando,re-film,Núcleo,Peso corporal,Barra de dominadas,"Flexores de cadera, Recto Abdominis Latísimo del dorso",Latissimus Dorsi,Sagital,"Pecho, luego baja las piernas de nuevo a la posición inicial.",https://www.youtube.com/watch?v=UiSwzt5qSbE
"Levantamiento de piernas colgando ,",hecho,Núcleo,Peso corporal,Barra de dominadas,"Recto Abdominis, Flexores de cadera Cuádriceps, Latísimo del dorso",,Sagital,"JGo apuntando a tocar los dedos de los pies con la barra de la que cuelgas, luego baja las",https://www.youtube.com/watch?v=zsEMqd
Levantamiento de piernas colgando,re-film,Núcleo,Peso corporal,Barra de dominadas,"Flexores de cadera, Recto Abdominis Latísimo del dorso",Latissimus Dorsi,Sagital,"Pies por encima de la unión de la cadera. Luego, baja de vuelta a la posición inicial posición.",https://www.youtube.com/watch?v=cqN6dmNSDcg
Crunch oblicuo colgante,hecho,Núcleo,Peso corporal,Barra de dominadas,"Flexores de cadera, Oblicuos, TransversoLatísimo del dorso","Recto Abdómenes Abdómenes bar. Para iniciar el movimiento, comienza a levantar las rodillas hacia y a una Transverso ángulo para acercar las rodillas hacia un codo. Luego, volver a la posición inicial.",,Levantamiento alterno de las rodillas hacia el otro codo y de regreso a la posición de inicio. El . levantamiento oblicuo colgante comienza colgándose pasivamente de una barra de dominadas. Levantamiento oblicuo colgante,https://www.youtube.com/watch?v=c1pZVXgWpLc
Levantamiento oblicuo colgante,hecho,Núcleo,Peso corporal,Barra de dominadas,"Flexores de la cadera, Oblicuos, TransversoDorsal ancho","Recto Abdómenes Abdómenes Para iniciar el movimiento, comienza a levantar las rodillas hacia arriba y en ángulo hacia Transverso llevar las rodillas hacia un codo. Luego, volver al inicio. Alternar",,Levantar las rodillas hacia el otro codo y volver al inicio,https://www.youtube.com/watch?v=weEOrfuGNeQ
Parada de cabeza,re-film,Núcleo,Estabilidad,Ninguno,"Recto abdominal, Flexores de la cadera Deltoides anteriores, Tríceps",", Oblicuos",Sagital,"Rodillas lejos del suelo, coloca una rodilla a la vez sobre el codo correspondiente, luego extiende las piernas hacia el techo.",https://www.youtube.com/watch?v=BBwBuz2mK3g
Balance de Snatch agitador,re-film,Empujar,Carga externa,Barra,"Cuádriceps, Deltoides anteriores Glúteos, Trapecio, Isquiotibiales, Espinares",", Oblicuos, Gemelos, Tríceps Erector",Sagital,"Cuarto sentadilla. Luego, extiende poderosamente las piernas para extender la barra",https://www.youtube.com/watch?v=OJwmQzbmkUA
Caminar de talón,hecho,Locomoción,Estabilidad,Ninguno,"Tibial anterior, Isquiotibiales Cuádriceps, Glúteos",", Gemelos",Sagital,"Los dedos de los pies flexionados hacia arriba, avanza con paso constante sobre los talones.",https://www.youtube.com/watch?v=a5t3tulSFgw
Rodillas altas,re-film,,Peso corporal,Ninguno,"Flexores de la cadera, Cuádriceps, Isquiotibiales Gemelos,",Recto abdominal,Sagital,Lleva las rodillas hacia las manos. Continúa a un ritmo rápido.,https://www.youtube.com/watch?v=gh4OeFlkJp8
Airplane de cadera,hecho,Una pierna,Estabilidad,Ninguno,"Abductores, aductores, glúteos Isquiotibiales,",cuádriceps,Transversal,Extendiendo una pierna hacia atrás de modo que el talón elevado y la coronilla,https://www.youtube.com/watch?v=gXdmb7yrvlU
Rotación interna de cadera en caja,hecho,Una pierna,Peso corporal,Caja pliométrica,"Aductores, flexores de cadera, psoas Glúteos, erectores espinales, Isquiotibiales, cuádriceps elevado sobre una caja o superficie elevada similar. Para entrar en",,Sagital,Lleva las caderas hacia adelante y flexiona la rodilla delantera para profundizar el,https://www.youtube.com/watch?v=hDtIRQ
Hollow Body Hold regrabar,,Núcleo,Peso corporal,Ninguno,"Flexores de cadera, recto abdominal, Dorsal ancho, trapecio, Glúteos, aductores Deltoides",,Sagital,Permanezca en el suelo. Mantén los muslos internos apretados suavemente entre sí y mantén durante el tiempo indicado.,https://www.youtube.com/watch?v=IEPL464V4
Hollow Body Pull-Up,hecho,Jalar,Peso corporal,Barra de dominadas,"Dorsal ancho, recto Abdominales Cuádriceps, Escápulas glúteos, bíceps,",,Sagital,"FgtvQVog los muslos internos y los glúteos juntos, y lleva los dedos de los pies hacia adelante. Luego, para",https://www.youtube.com/watch?v=Ua
Hollow Body Rock regrabar,,Núcleo,Peso corporal,Ninguno,"Flexores de cadera, recto abdominal Dorsal Deltoides ancho,","anteriores trapecio,",Sagital,"Movimiento, mantén la forma de cuerpo hueco y encuentra algo de momento moviéndote",https://www.youtube.com/watch?v=FnNO7zDalkA
Suspensión de Cuerpo Hueco en Barra,hecho,Núcleo,Peso corporal,Barra de dominadas,"Recto Dorsales, Abdominal, Escápulas Latísimo Glúteos, Aductores",", Bíceps",Sagital,"Barra, protraer (redondear) a través de la parte superior de la espalda y hombros, dibujar ombligo a la columna, encuentra un PPT (poster",https://www.youtube.com/watch?v=iAyk7UhJTO8
Sentadilla en posición de caballero con pesa kettlebell,hecho,Sentadilla,Carga externa,Kettlebell,"Cuádriceps, ingle Glúteos, Abductores, Isquiotibiales, Bíceps, Anterior Recto De Abdominal,",,Sagital,"Movimiento, flexiona las rodillas hacia adelante y hacia afuera mientras hundes las caderas",https://www.youtube.com/watch?v=ZZ1piVHgy
Sentadilla en posición de caballo,hecho,Sentadilla,Peso corporal,Ninguno,"Cuádriceps, Ingle Glúteos, Abductores, Isquiotibiales, Bíceps",", Anterior Recto De Abdominal,",Sagital,"Hacia abajo hasta la parte inferior de una sentadilla en posición de caballo, manteniendo el exterior glúteos comprometidos y manteniendo Ejercicio Estado Patrón Tipo Implemento principal Músculos principales trabajados Músculos secundarios trabajados Plano Explicación del ejercicio URL de YouTube",https://www.youtube.com/watch?v=chzrS75C8a4
Inchworm to Standing,hecho,Flexión,Peso corporal,Ninguno,"Hamstrings, Hip Flexors, Triceps, Anterior Deltoids, E","rRecetcoturs S Apbindoameinis, Pecs, Glutes",Sagital,"Deltoides anteriores, E Pectorales, glúteos las manos hacia adelante hasta que estén debajo de los hombros y estés",https://www.youtube.com/watch?v=skGvXkzlChM
Inchworm a de pie,hecho,Flexión,Peso corporal,Ninguno,"Sagital como sea necesario para llevar las manos al suelo. Luego, caminahttps://www.youtube.com/watch?v=skGvXkzlChM Deltoides anteriores, E Pectorales","glúteos las manos hacia adelante hasta que estén debajo de los hombros y estés en una posición de plancha alta. El Press de Banca Inclinado con Barra comienza sentado y recostado en un banco inclinado con las rodillas dobladas y los talones en el suelo, y una barra sostenida a la anchura de los hombros o un poco más, manos en pronación y brazos Press de banca inclinado con barra regrabar Empuje Carga externa Barra Pectorales, deltoides anteriores, trícepsRomboides, deltoides posteriores",Sagital,Extendidos con la barra sobre el pecho. Para iniciar el,https://www.youtube.com/watch?v=4tPP-4K5kMQ
Para iniciar el,hecho,Empuje,Carga externa,Barra,"Pectorales, tríceps, deltoides anterioresRecto abdominal",,Sagital,"QoIVAE2U8 o un poco más juntas, y manos en pronación. Para iniciar el movimiento, dobla los codos y mantenlos",https://www.youtube.com/watch?v=h
Press de banca inclinado con agarre cerrado,hecho,Empuje,Carga externa,Barra,"Pectorales, tríceps, deltoides anterioresRecto abdominal Sagital extendida sobre el pecho","brazos rectos, manos a la anchura de los hombroshttps://www.youtube.com/watch?v=h\_qoIVAE2U8 o un poco más juntas, y manos en pronación. Para iniciar el movimiento, dobla los codos y mantenlos El Press de Banca Inclinado con Mancuernas comienza sentado y recostado en un banco inclinado, con las rodillas dobladas y los talones en el suelo, y una mancuerna en cada mano, sostenida justo fuera del pecho, con los codos doblados, y Press de banca inclinado con mancuernas regrabar Empuje Carga externa Mancuerna Pectorales, deltoides anteriores, trícepsRecto abdominal",Transversal,"Manos en pronación. Para iniciar el movimiento, extiende las mancuernas hacia arriba y hacia adentro, terminando con las mancuernas juntas sobre el centro del pecho y",https://www.youtube.com/watch?v=nvqJUDs9EXQ
Press de banca inclinado con mancuernas en fitball,hecho,Empuje,Carga externa,Mancuerna,"Cuádriceps, Glúteos","Quadriceps, Glutes",Sagital,Recto Abdominal codos doblados y manos en pronación. Para iniciar el,https://www.youtube.com/watch?v=0ZfCLCqq8Po
Para Curl de Bíceps con Mancuernas en Banco Inclinado,realizado,,Carga externa,Mancuerna,"Bíceps, Braquial Braquiorradial",Brachioradialis,Sagital,"Iniciar el movimiento, doblar los codos y flexionar las mancuernas hacia",https://www.youtube.com/watch?v=UBJQssyL9Xs
Press de Banca con Mancuernas y Agarre Cerrado en Banco Inclinado,realizado,Empuje,Carga externa,Mancuerna,"Pectorales, Tríceps, Deltoides Anteriores Glúteos,",Cuádriceps,Sagital,"Codos doblados y cerca del cuerpo, y manos en agarre neutro. Para iniciar el movimiento, empuja los",https://www.youtube.com/watch?v=3DjDESzY-M4
Press de Banca con Kettlebell en Banco Inclinado,realizado,Empuje,Carga externa,Kettlebell,"Pectorales, Tríceps, Deltoides Anteriores","Posterior Deltoids, Latissimus Dorsi",Sagital,"Dorsal asa, codos doblados, y las kettlebells comenzando fuera de la parte superior del pecho. Para iniciar el movimiento, empuja",https://www.youtube.com/watch?v=7QOuv7bVAHU
Elevación Lateral Prona en Banco Inclinado,realizado,,Carga externa,Mancuerna,"Deltoides Posteriores, Romboides Tríceps, Trapecio",", Glúteos",Transversal,"Debajo de los hombros, manos en agarre neutro. Para iniciar el",https://www.youtube.com/watch?v=TA8cTNKRLEg
Isometric Split Squat,re-film,Una pierna,Peso corporal,Ninguno,"Cuádriceps, glúteos, aductores","Hip Flexors, Calves, Rectus Abdominis",Sagital,"Abdominales dos del suelo, y aprieta los muslos internos juntos para estabilidad. Mantén durante el tiempo prescrito.",https://www.youtube.com/watch?v=US-ziYRVKp4
Para colocarse en posición,re-film,Una pierna,Peso corporal,Ninguno,"Cuádriceps, glúteos","aductores Sagital ambas rodillas, formando un ángulo de 90-90, deja que la rodilla trasera flote a una pulgada ohttps://www.youtube.com/watch?v=US-ziYRVKp4 Abdominales dos del suelo, y aprieta los muslos internos juntos para estabilidad. Mantén durante el tiempo prescrito. Jane Fonda comienza acostada de lado en el suelo, con la mano inferior detrás de la cabeza, codo hacia abajo, y la mano superior en el suelo Jane Fonda regrabar Pierna única Estabilidad Ninguno Glúteos, abductores TFL",Frontal,"Movimiento, manteniéndose en el plano frontal, levanta la pierna superior hacia el techo, y baja de nuevo a la posición inicial.",https://www.youtube.com/watch?v=J32K2PjekrQ
Jane Fonda regrabar,,Pierna única,Estabilidad,Ninguno,"Glúteos, abductores TFL Frontal delante de ti para estabilidad, piernas apiladas y extendidas. Para iniciar elhttps://www.youtube.com/watch?v=J32K2PjekrQ movimiento, manteniéndose en el plano frontal","levanta la pierna superior hacia el techo, y baja de nuevo a la posición inicial. El Jefferson Curl comienza de pie sobre una caja o similar objeto elevado, con una barra sostenida en posición colgante frente a los Erectores espinales, isquiotibiales, Recto abdominal, trapecio, muslos, con las manos en pronación y separadas al ancho de los hombros. Para iniciar el Jefferson Curl regrabar Flexión Carga externa Barra",Sagital,"Dorsal ancho, escápulas Deltoides anteriores movimiento, en un ritmo rodante, primero lleva la barbilla al pecho, luego redondea la parte superior de la espalda y los hombros y comienza a flexionar la columna yEl",https://www.youtube.com/watch?v=kto7wVtmXac
Jefferson Deadlift,,Flexión,Carga externa,Barra,"Sagital https://www.youtube.com/watch?v=kto7wVtmXac Dorsal ancho, escápulas Deltoides anteriores movimiento, en un ritmo rodante","primero lleva la barbilla al pecho, luego redondea la parte superior de la espalda y los hombros y comienza a flexionar la columna yEl Jefferson Deadlift comienza en una posición dividida corta, con ambos talones abajo, y una barra cargada colocada entre los pies para que las piernas estén a horcajadas Cuádriceps, dorsal ancho, Jefferson Deadlift regrabar Flexión Carga externa Barra Isquiotibiales, erectores espinales, glúteos",Sagital,"Trapecio empujando las caderas hacia atrás e inclinando el torso hacia adelante, manteniendo la",https://www.youtube.com/watch?v=AB7rjJCDcc4
Jefferson Deadlift regrabar,,Flexión,Carga externa,Barra,"Isquiotibiales, erectores espinales, glúteos Sagital la barra. Para llegar a la posición inicial","flexiona las caderas https://www.youtube.com/watch?v=AB7rjJCDcc4 Trapecio empujando las caderas hacia atrás e inclinando el torso hacia adelante, manteniendo la espalda recta, y toma la El Jerk Balance comienza en una posición de zancada de pie, con una barra sostenida en la posición de rack frontal. Para iniciar el movimiento, busca una pequeña Cuádriceps, glúteos, anterior flexión en las rodillas para cargar el resorte. Luego, extiende poderosamente Jerk Balance regrabar Empuje Explosividad Barra Trapecio, tríceps",Sagital,"Deltoides a través de las piernas y da un paso hacia adelante con el pie delantero mientras simultáneamente extiendes la barra por encima de la cabeza. Luego, retrocede el pie delantero ligeramente y lo",https://www.youtube.com/watch?v=8ajbZnZ0gnU
Jerk Dip,re-film,Empuje,Carga externa,Barbilla,(barra),"Biceps, Rectus Abdominis, Erector Spinae",Sagital,"Deltoides anteriores Espina debajo de la barra, con las manos sujetando a una anchura fuera de los hombros,",https://www.youtube.com/watch?v=pHlZlBiFEeY
JM Press,re-film,Empuje,Carga externa,Barra,"Tríceps, Pectorales, Deltoides anteriores Recto abdominal",Rectus Abdominis,Sagital,"Codos y comenzar a bajar los antebrazos, bajando la barra hacia el cuello. Luego, con control, extiende los brazos a pu Ejercicio Estado Patrón Tipo Implementación principal Músculos principales trabajados Músculos secundarios trabajados Plano Explicación del ejercicio URL de YouTube",https://www.youtube.com/watch?v=a8A08H4j7vc
Para iniciar el Salto en zancada,re-film,Pliométrico,Explosividad,Ninguno,"Cuádriceps, Glúteos Pantorrillas, Flexores de la cadera, Isquiotibiales",,Sagital,"WhP4Rhc pies, luego doble inmediatamente ambas rodillas, repitiendo para la cantidad prescrita de tiempo o repeticiones.",https://www.youtube.com/watch?v=AWJ
Saltar la cuerda,hecho,,Peso corporal,Saltar,"la cuerda Deltoides, Pantorrillas","Deltoids, Calves",Sagital,Recto abdominal para enviar la cuerda por encima de la cabeza y saltar los pies del suelo a medida que,https://www.youtube.com/watch?v=Fyc5QqXEEQE
Sentadilla con salto,hecho,Pliométrico,Explosividad,Ninguno,"Cuádriceps, Glúteos, Isquiotibiales Pantorrillas,",Erector de la columna,Sagital,"Parte inferior de una sentadilla, extendiendo los brazos hacia adelante para contrapeso. Luego, impulsa explosivamente a través de los talones para extender las piernas y saltar la fe Las dominadas con salto al pecho comienzan en una posición colgante en una barra de dominadas barra, con las manos separadas a la anchura de los hombros o ligeramente más abiertas, manos Dominadas con salto al pecho",https://www.youtube.com/watch?v=1-Mum4hyIJ0
Jumping Chest to Bar Pull-Up,hecho,,Peso corporal,Barra de dominadas,"Latíssimo dorsal, Bíceps Cuádriceps,",Glúteos,Sagital,"Movimiento, dobla las rodillas para cargar las caderas, luego con fuerza extiende las piernas y salta los pies o Las dominadas con salto comienzan colgándose de una barra de dominadas, con las manos a la anchura de los hombros o ligeramente más abiertas, manos pronadas, y pies Dominada con salto",https://www.youtube.com/watch?v=cIHBBe5UWjA
Dominada con salto,hecho,Tirar,Peso corporal,Barra de dominadas,"Dorsal ancho, cuádriceps Bíceps,",recto abdominal,Sagital,"Rodillas para cargar las caderas, luego extiende las piernas con fuerza y salta los pies lejos de la superficie elevada",https://www.youtube.com/watch?v=JZ2AyFCr9hA
Sentadilla dividida con salto y pie trasero elevado,hecho,Una pierna,Explosividad,Banco,"Cuádriceps, glúteos, isquiotibialesRecto abdominal,",erector de la columna,Sagital,"Salta el pie delantero lejos del suelo. Luego, aterriza suavemente de nuevo flexionando inmediatamente ambas",https://www.youtube.com/watch?v=Bu8KhFSaY8c
Press de banca con kettlebell,hecho,Empuje,Carga externa,Kettlebell,"Pectorales, deltoides anteriores, trícepsRecto abdominal",Rectus Abdominis,Sagital,"Iniciar el movimiento, empuja los nudillos hacia el techo para extender las kettlebells y",https://www.youtube.com/watch?v=XivN4H7KhoA
Press de banca con kettlebell,hecho,Empuje,Carga externa,Kettlebell,"Pectorales, deltoides anteriores, trícepsRecto abdominal Sagital las asas","kettlebells justo fuera del pecho con los codos flexionados. Parahttps://www.youtube.com/watch?v=XivN4H7KhoA iniciar el movimiento, empuja los nudillos hacia el techo para extender las kettlebells y El clean con kettlebell comienza en posición de pie, con una kettlebell agarrada en una mano, colgando frente al cuerpo. Para iniciar el movimiento, realiza un swing con kettlebell flexionando las caderas y tirando de la Clean con kettlebell a una mano regrabar Flexión Carga externa Kettlebell Isquiotibiales, glúteos, erector de la columna, deltoides anteriores, bíceps",Sagital,"Kettlebell hacia atrás entre los muslos superiores. Luego, extiende con fuerza las caderas hacia adelante y tira de la kettlebell hacia arriba por la parte frontal del cuerpo, rotando externamente rotando",https://www.youtube.com/watch?v=ARsoNpzupPs
Clean + jerk con kettlebell,hecho,Empuje,Carga externa,Kettlebell,"Anterior Deltoids, Serratus, Quadriceps, Glutes","Hamstrings, Erector Spinae, Triceps",Sagital,"Cuádriceps, glúteos Tríceps caderas y tirando de las kettlebells hacia arriba entre los muslos internos. Luego,",https://www.youtube.com/watch?v=Gdfz-ZrUyyc
Press,realizado,Empuje,Carga externa,Kettlebell,"Isquiotibiales, erector de la columna","pHsamstrings, Erector Spinae",Sagital,"Cuádriceps, glúteos, tríceps caderas y tirando de las kettlebells hacia arriba entre los muslos internos. Luego,",https://www.youtube.com/watch?v=tia8pZ3oAIU
Press alterno con un solo brazo,realizado,Empuje,Carga externa,Kettlebell,"Anterior Deltoids, Triceps, Hamstrings, Glutes, Erecto","rB Sicpeipnsa, eRectus Abdominis, Quadriceps",Sagital,"Isquiotibiales, glúteos, erector Cuádriceps flexionando las caderas y tirando de la kettlebell hacia arriba entre los",https://www.youtube.com/watch?v=tMt68VFppcM
Press alterno con un solo brazo,realizado,Empuje,Carga externa,Kettlebell,"Sagital frente al cuerpo. Para iniciar el movimiento, realiza un swing https://www.youtube.com/watch?v=tMt68VFppcM Isquiotibiales, glúteos","erector Cuádriceps flexionando las caderas y tirando de la kettlebell hacia arriba entre los muslos. Luego, extiende las caderas El peso muerto con kettlebell comienza en una posición de bisagra, con los pies aproximadamente al ancho de las caderas, caderas hacia atrás, una ligera flexión de las rodillas y la parte superior del cuerpo inclinada hacia adelante con la espalda recta, y una kettlebell colocada entre los Peso muerto con kettlebell volver a grabar Flexión Carga externa Kettlebell Isquiotibiales, erector de la columna, glúteos, cuádriceps, dorsal ancho",Sagital,"Pies, con las manos sujetando la parte superior del asa de la kettlebell. Para iniciar el movimiento, impulsa a través de los talones y extiende las caderas hacia adelante mientras túEl",https://www.youtube.com/watch?v=jDSKi9vIt34
Kettlebell Gorilla Row,realizado,Jalón,Carga externa,Kettlebell,"Erector de la columna, isquiotibiales, glúteos,","Erector Spinae, Hamstrings, Glutes",Sagital,"Bíceps kettlebells en el suelo, cada una colocada directamente debajo de los",https://www.youtube.com/watch?v=nLCIvSbSAtI
Kettlebell Hammer Curl,realizado,Jalón,Carga externa,Kettlebell,"Bíceps, braquial, braquiorradial","tríceps, deltoides anteriores",Sagital,"Hacia adelante y los pulgares colocados sobre la parte superior de las asas de las kettlebells. Para iniciar el movimiento, b",https://www.youtube.com/watch?v=VRDZde-aCOo
Clean de Potencia de Colgado con Pesa Rusa,hecho,Doblar,Explosividad,Pesa rusa,"Erector Spinae, Hamstrings, Glutes, Latissimus Dorsi","Biceps, Anterior Deltoids, Trapezius",Sagital,"Glúteos, Latísimo Dorsi Trapecio frente a las caderas. Para iniciar el movimiento, realiza un dual balanceo de pesa rusa doblando a la altura de la cadera Ejercicio Estado Patrón Tipo Implementación Principal Músculos Principales Trabajados Músculos Secundarios Trabajados Plano Explicación del Ejercicio URL de YouTube",https://www.youtube.com/watch?v=NPFMyW3bBFM
Kettlebell Hang Power Clean + Push Press,hecho,Doblar,Explosividad,Kettlebell,"Erector Spinae, Isquiotibiales, Glúteos, Dorsal ancho","RAenctteursi oArb dDoemltioniidss, Triceps,",Sagital,"Kettlebells frente a las caderas. Para iniciar el movimiento, realiza un",https://www.youtube.com/watch?v=2bTbHKugch4
Arrancada de potencia con mancuerna colgante,re-film,Doblar,Explosividad,Kettlebell,"Erector Glúteos, Dorsal Spinae, ancho, Isquiotibiales, Serrato anterior uQs","u Reletocitduss, iDniesl, t, Aadnrteicreioprs D, AMbeddoiaml oTirdicseps",Sagital,"Movimiento, realizar un swing de kettlebell de un solo brazo haciendo bisagra en el caderas, y balanceando la kettlebell hacia atrás, alto entre los muslos.",https://www.youtube.com/watch?v=D9FQpUiLBMk
Empuje de cadera con kettlebell en banco,hecho,Doblar,Carga externa,Kettlebell,"Glúteos, Erector Spinae, Isquiotibiales Cuádriceps",Quadriceps,Sagital,"Talones en el piso directamente bajo las rodillas, y una kettlebell individual",https://www.youtube.com/watch?v=lBqFm11e0Ok
Kettlebell Hollow Hold Flutter Kick,hecho,Núcleo,Carga externa,Kettlebell,"Recto abdominal, flexores de la cadera Cuádriceps, Glúteos, Anterior Deltoides, Escápulas",,Sagital,"Qhg hacia la posición de agarre hueco elevando las piernas y la espalda alta hacia fuera del piso, y mantén la espalda baja",https://www.youtube.com/watch?v=x0oLjSX
Press Pallof Z con Kettlebell Horn,hecho,Empuje,Carga externa,Kettlebell,"Pectorales, Flexores de cadera deltoides anteriores, tríceps, Recto abdominal,",isquiotibiales,Sagital,"Flexionados. Para iniciar el movimiento, empuja la kettlebell directamente hacia adelante",https://www.youtube.com/watch?v=m4v2-yEILtQ
Jefferson Curl con kettlebell,hecho,Flexión,Carga externa,Kettlebell,"Erectores espinales, escápulas, Trapecio, isquiotibiales, glu Deltoides anteriores,",bíceps,Sagital,"Ritmo rodante, primero lleva la barbilla al pecho, luego redondea a través de la",https://www.youtube.com/watch?v=XCXivxlEV-I
L-Sit Lift Over con kettlebell,hecho,Núcleo,Peso corporal,Kettlebell,"Flexores Transverso de cadera, abdominal recto abdominal, Tríceps,","Deltoides, deltoides cuádriceps anteriores, medial",Transversal,"Iniciar el movimiento, presiona las manos en",https://www.youtube.com/watch?v=JCXur0V040I
Marching Farmer Carry con kettlebell,hecho,Una pierna,Carga externa,Kettlebell,"Flexores de cadera, psoas, recto Cuádriceps, isquiotibiales, Abdominales, glúteo","s Deltoides, T anterior",Sagital,"Columna vertical, levanta una rodilla lo más alto posible sin flexionar la",https://www.youtube.com/watch?v=bQ8S43zjhxo
S43zjhxo columna vertical,,Flexionar,Estabilidad,Kettlebell,"Tibial anterior, EHL, EDL Cuádriceps",Quadriceps,Sagital,"Justo encima de la articulación de la rodilla (asegúrate de que la kettlebell esté sobre el músculo y no sobre el hueso). Para iniciar el movimiento, inclina la rodilla delantera hacia adelante y",https://www.youtube.com/watch?v=5nYrRx0KSSk
Pronación a supinación con kettlebell,hecho,Jalar,Carga externa,Kettlebell,"Braquiorradial Bíceps,",Tríceps,Transversal,"Mano, agarrando donde el mango y la bola de la kettlebell se encuentran, con la palma hacia abajo y el pulgar",https://www.youtube.com/watch?v=w0y-BCpK-V0
Step-up a zancada inversa con kettlebell en front rack Zancada,hecho,Una pierna,Carga externa,Kettlebell,"Cuádriceps, glúteos, isquiotibiales,Recto abdominal, deltoides anterior Flexores de cadera Deltoides, bíceps",,Sagital,"Para iniciar el movimiento, levanta una rodilla y apoya el talón",https://www.youtube.com/watch?v=yY95
Sentadilla dividida con kettlebell en front rack,hecho,Una pierna,Carga externa,Kettlebell,"Cuádriceps, Aductores glúteos, isquiotibiales,Deltoides Abdominales anteriores,","bíceps, recto",Sagital,"Movimiento, flexiona ambas rodillas y permite que la rodilla trasera",https://www.youtube.com/watch?v=helH3K310Io
Zancada inversa con kettlebell en front rack,hecho,Una pierna,Carga externa,Kettlebell,"Cuádriceps, glúteos, isquiotibiales Deltoides Abdominales anteriores,","bíceps, recto",Sagital,"Flexiona ambas rodillas. Luego, impulsa a través del talón delantero para extender",https://www.youtube.com/watch?v=XbHusmgbWfc
Skull crusher con kettlebell,hecho,Empuje,Carga externa,Kettlebell,Tríceps Deltoides anteriores,Anterior Deltoids,Sagital,"Movimiento, flexiona los codos y baja la kettlebell hacia atrás la cabeza hacia el suelo. Luego",https://www.youtube.com/watch?v=Mp-pFo48AUY
Luego,re-film,Doblar,Explosividad,Kettlebell,"Latissimus Dorsi, Erector Spinae,rBapiceezpius,s Cuádriceps, Isquiotibiales, T Deltoides, Tríceps ,P Aonstteerriioorr",,Sagital,"Realizar un balanceo con kettlebell de un solo brazo haciendo bisagra en las caderas y balanceando la kettlebell hacia arriba entre los muslos, luego con fuerza",https://www.youtube.com/watch?v=QEEupLkPq
Step-Up con kettlebell,hecho,Una pierna,Carga externa,Kettlebell,"Glúteos, Cuádriceps, Isquiotibiales Pantorrillas, Deltoides",", Flexores Trapecio del tobillo, Anterior",Sagital,"Colocar el talón del pie sobre la caja. Luego, impulsa a través de la parte frontal del talón para extenderse hasta una sta Ejercicio Estado Patrón Tipo Implemento principal Músculos principales trabajados Músculos secundarios trabajados Plano Explicación del ejercicio URL de YouTube",https://www.youtube.com/watch?v=SXuy46ZdVUA
Press Estricto con Kettlebell,hecho,Empuje,Carga externa,Kettlebell,"Deltoides Tríceps anteriores, deltoides medios, Recto abdominal una kettlebell en cada mano",codos flexionados y las kettlebells,Sagital,"Los pesos y los brazos por encima de la cabeza, manteniendo el resto del cuerpo estable.",https://www.youtube.com/watch?v=nBzsqtxfc4k
Thruster con Kettlebell regrabar,,Empuje,Carga externa,Kettlebell,"Cuádriceps, Deltoides anteriores, glúteos, isquiotibiales, tríceps Trapecio","recto abdominal Sagital en cada mano, kettlebells en posición de rack",Frontal,"Movimiento, flexiona las rodillas hacia adelante y hacia afuera y lleva las caderas hacia atrás y baja hasta el fondo de la sentadilla. Luego, impulsa a través de los talones para extender",https://www.youtube.com/watch?v=NTbLQhptrOQ
Kipping Chest to Bar Pull-Up,hecho,Jalar,Peso corporal,Barra de dominadas,"Dorsal ancho, bíceps, trapecio","recto abdominal, cuádriceps",Sagital,"Balanceas hacia adelante, arquea la espalda y permite que el pecho se abra.",https://www.youtube.com/watch?v=PiF53ZOB83E
Kipping Deficit Handstand Push-Up,hecho,Empuje,Peso corporal,Pared,"Deltoides anteriores, tríceps Subescapular,",trapecio,Sagital,"Apoyados contra la pared. Para iniciar el movimiento, flexiona los codos para bajar la coronilla de la cabeza",https://www.youtube.com/watch?v=Lx-QT3fCx-I
Push-Up,hecho,Empuje,Peso corporal,Pared,"Deltoides anteriores, tríceps Subescapular","trapecio Sagital mirando hacia la pared, con las piernas extendidas hacia el techo y los pies https://www.youtube.com/watch?v=Lx-QT3fCx-I apoyados contra la pared. Para iniciar el movimiento, flexiona los codos para bajar la coronilla de la cabeza El Kipping Dip comienza en la parte superior de la posición de fondo, con los brazos extendidos, las manos sujetando las barras paralelas en agarre neutro. Para iniciar el Kipping Dip regrabar Empuje Peso corporal Barra de inmersión Pectoral mayor, tríceps Deltoides anterior, deltoides medial",Sagital,"Inmersión, lleva las rodillas al pecho y al mismo tiempo extiende el brazos y",https://www.youtube.com/watch?v=GH2qJr6k2Ak
Push de parada de manos Kipping,hecho,Empuje,Peso corporal,Pared,"Deltoides anterior, tríceps Trapecio, flexores de cadera",,Sagital,"JRt73Y la pared. Para iniciar el movimiento, dobla los codos para bajar el céfalo hacia el piso y dobla las rodillas y lleva el",https://www.youtube.com/watch?v=edqJ
Para iniciar Rodilla a pecho Kipping,hecho,Jalar,Peso corporal,Barra de dominadas,"Dorso ancho, flexores de cadera Recto abdominal, erectores de la columna",,Sagital,QScfiEa6g y redondea la parte superior de la espalda y lleva las rodillas hacia el pecho. Extiende las piernas a,https://www.youtube.com/watch?v=p
Dominada Kipping,re-film,Jalar,Peso corporal,Barra de dominadas,"Bíceps, dorsal ancho Infraspinato,",glúteos,Sagital,"Hacia atrás, protrae (redondea) la parte superior de la espalda y vacía el tronco a través de",https://www.youtube.com/watch?v=hH1m5B90TBs
Kipping Ring Dip,re-film,Empujar,Peso corporal,Anillos,"Deltoides Espinales anteriores, tríceps, erectoresDeltoides Supraespinoso anterior,","deltoides medial,",Sagital,"Parte inferior de la inmersión, lleva las rodillas al pecho y al mismo tiempo ex",https://www.youtube.com/watch?v=0n1hZ0SsN4U
Toe a Ring Kipping,re-film,Núcleo,Peso corporal,Anillos,"Dorso Abdomen ancho, escápulas, RectoFlexores Espina de cadera, cuádriceps, erectores",,Sagital,"Luego, balancea hacia atrás y redondea la parte superior de la espalda y levanta las piernas",https://www.youtube.com/watch?v=r6KiszEQP
Flexión de rodilla,re-film,Empujar,Peso corporal,Ninguno,"Pectorales, Recto Abdominal Deltoides anteriores, Tríceps, Glúteos",Glutes,Sagital,"Una flexión pélvica posterior (inclinación pélvica posterior) y los glúteos apretándose juntos. Para iniciar el movimiento, dobla los codos y llévalos hacia atrás, permitiendo th",https://www.youtube.com/watch?v=TBpk09QuVN8
Sujeción de rodilla al pecho,re-film,Núcleo,Peso corporal,Barra de dominadas,"Recto Abdominal, Flexores de cadera Oblicuos, Dors",o Lat,Sagital,Las rodillas hacia el pecho y mantenerlas.,https://www.youtube.com/watch?v=rUQGHBrIjbA
Rodilla al codo,re-film,Núcleo,Peso corporal,Barra de dominadas,"Recto Abdominal, Flexores de cadera Oblicuos,",Dorsal ancho,Sagital,"Través de la espalda, luego balancea hacia atrás y jala las rodillas hacia arriba hacia el codos. Luego, avanza y extiende las piernas, avanza hacia atrás y jala la rodilla",https://www.youtube.com/watch?v=cCNRk8BLoN4
Sentadilla con rodillas sobre los dedos,hecho,Una pierna,Peso corporal,Ninguno,"Cuádriceps, Isquiotibiales, Flexores pantorrillas de cadera, Glúteos, Recto Espina Abdominal, Psoas",", Erector",Sagital,"Parte superior del cuerpo hacia adelante, permitiendo que la rodilla delantera se mueva más allá de la delantera dedos, dejando que el frente él L-Hang comienza colgando de una barra de dominadas, con las manos aproximadamente L-Hang",https://www.youtube.com/watch?v=JQoRBgCMbXE
L-Hang,re-film,Núcleo,Peso corporal,Barra de dominadas,"Recto del abdomen, flexores de la cadera Dorsal ancho, Cuádriceps",", Oblicuos",Sagital,"Durante el tiempo prescrito. La L-sit empieza en una posición de sentadilla estrecha entre dos paralelas, con las manos sujetando las paralelas en un agarre neutral. Para entrar L-Sit",https://www.youtube.com/watch?v=rulWtpNeK6M
Para entrar L-Sit,re-film,Núcleo,Peso corporal,Paralelas,"Recto del abdomen, flexores de la cadera","Deltoides Trapecio anteriores, tríceps,",Sagital,"Suelo, y extiende las piernas hacia adelante para que las caderas estén flexionadas a 90- grado. Mantén las escápulas deprimidas y los brazos atrás Ejercicio Estado Patrón Tipo Implemento Principal Músculos Principales Trabajados Músculos Secundarios Trabajados Plano Explicación del Ejercicio URL de YouTube",https://www.youtube.com/watch?v=gBY5zwHJIvg
L-Sit en paralelas,hecho,Núcleo,Peso corporal,Paralelas,"Recto abdominal, flexores de la cadera Deltoides anteriores, tríceps",", Trapecio",Sagital,"Posición, empuja hacia abajo la barra, activa el núcleo, lleva las caderas hacia atrás",https://www.youtube.com/watch?v=PRWbVx6KAgQ
Peso muerto rumano con landmine,hecho,Flexión,Carga externa,Barra landmine,"Glúteos, isquiotibiales, erectores de la columna Recto Deltoides abdominal,",posterior,Sagital,"Altura. Para colocarte en la posición inicial, flexiona desde las caderas, empujando",https://www.youtube.com/watch?v=q77gVO6khx4
Remo con landmine regrabar,,Jalar,Carga externa,Barra landmine,"Dorsal ancho, bíceps Erectores de la columna,","glúteos, isquiotibiales",Sagital,Que el brazo permanezca cerca del costado del cuerpo y aprieta a través del hombro,https://www.youtube.com/watch?v=uD4GuRe-bOs
Caminata lateral con banda regrabar,,Una pierna,Carga externa,Banda,"Glúteos, Tensor de la Fascia Lata Cuádriceps",Quadriceps,Frontal,"Tensión. Para iniciar el movimiento, dé un paso lateral con un pie hacia un lado, luego siga con el",https://www.youtube.com/watch?v=wn9IpSl3WbQ
Lateral Bench Step Over,hecho,Una pierna,Peso corporal,Banco,"Glúteos, Cuádriceps Abductores, Aductores, Isquiotibiales","Flexores de cadera a tu lado. Para iniciar el movimiento, comenzando con la pierna",Frontal,"Pasa lateralmente sobre el banco, seguido por la segunda pierna. Luego, repite",https://www.youtube.com/watch?v=tuc7wUP0FzM
Lateral Box Jump Over,hecho,Una pierna,Peso corporal,Caja pliométrica,"Glúteos, Aductores Cuádriceps, Abductores, Isquiotibiales, Gemelos, Flexores de cadera",,Frontal,"Rápidamente sube el segundo pie a la caja, luego salta inmediatamente el",https://www.youtube.com/watch?v=0WN1G3WUh
Lateral Box Step Over,re-film,Una pierna,Peso corporal,Caja pliométrica,"Glúteos, Cuádriceps Abductores, Aductores, Isquiotibiales","Flexores de cadera tu lado. Para iniciar el movimiento, sube lateralmente un pie a la",Frontal,"Otro lado de la caja, al suelo, seguido por el segundo",https://www.youtube.com/watch?v=A-npLEYkQ-Y
Lateral Box Walk Over,hecho,Una pierna,Peso corporal,Caja pliométrica,"Cuádriceps, Aductores, Glúteos, Abductores Isquiotibiales, Gemelos",Calves,Frontal,"Detrás del pie estable al otro lado de la caja, seguido por el segundo pie",https://www.youtube.com/watch?v=HtQ2VK0Lea4
Lateral Step Down,hecho,Una pierna,Peso corporal,Caja,"plyo Glúteos, Cuádriceps, Isquiotibiales Gastronemios,",Flexores del tobillo,Frontal,"Pierna y manteniendo el talón abajo. Luego, impulsa a través del talón en el",https://www.youtube.com/watch?v=2bOei8bM9bU
Pull-Up de inclinación hacia atrás,hecho,Jalar,Peso corporal,Barra de dominadas,"Latísimo del dorso, Bíceps, Romboides con las manos aproximadamente a la anchura de los hombros y las manos pronadas. Para Braquiorradial, Rect",o Abdominal,Sagital,"Hacia abajo y hacia atrás, y retrae a través de las escápulas. Luego, empieza",https://www.youtube.com/watch?v=lKZyoTWhw48
Cuando estés Prensa de piernas,re-film,Empujar,Carga externa,Prensa,"de piernas Cuádriceps, Isquiotibiales, Glúteos Gastronemios,",Flexores de cadera,Sagital,"Para iniciar el movimiento, dobla las rodillas y júlalas hacia abajo hacia el pecho, sin dejar",https://www.youtube.com/watch?v=IqjbBRNqJps
Legless Rope Climb,re-film,Jalar,Peso corporal,Cuerda,"Latísimo del dorso, Bíceps, Escápulas Trapecio, Carp","i Ulnaris Braquiorradial, Flexor",Sagital,"Las piernas extendidas y fuera de la cuerda, hasta que llegues a la cima. Luego, desde la parte superior, invierte el movimiento hasta llegar a la parte inferior, otra vez sin el",https://www.youtube.com/watch?v=4OzbYX3iy54
Man Maker,re-film,Empujar,Carga externa,Mancuernas,"Pectorales, Deltoides anteriores, Latísimoglúteos, bíceps, escápulas, Dorsal",", Tríceps, Cuádriceps Trapecio, Recto Abdomino",Sagital,"Suelo. Luego, vuelve a la posición de brazo extendido. A continuación, realiza un renegade ro",https://www.youtube.com/watch?v=fz2BvoqP3iE
Puente Marchante,re-film,Núcleo,Peso corporal,Ninguno,"Glúteos, Erector de Isquiotibiales, la columna Flexores de cadera, Recto Abdominis,",Cuádriceps,Sagital,"Iniciar el movimiento, impulsar hacia abajo a través de un talón y llevar la otra rodilla hacia arriba y hacia atrás Ejercicio Estado Patrón Tipo Implemento Principal Músculos Principales Trabajados Músculos Secundarios Trabajados Plano Explicación del Ejercicio URL de YouTube",https://www.youtube.com/watch?v=0ALFGYGl020
ALFGYGl020 iniciar el movimiento,,Llevar,Peso corporal,Pared,"Cuádriceps, Glúteos, Isquiotibiales","Hip Flexors, Rectus Abdominis, Erector Spinae",Sagital,"Erectores espinales de los pies ligeramente, con las manos a los lados. Para iniciar el",https://www.youtube.com/watch?v=OjJ2axf1VCU
McGill Curl-Up,hecho,Núcleo,Peso corporal,Ninguno,Recto abdominal Flexores de la cadera,Hip Flexors,Sagital,"Levanta ligeramente la parte posterior de los hombros del suelo, mientras tensas principalmente el",https://www.youtube.com/watch?v=A66JQaQTFFA
McGill Curl-Up,hecho,Núcleo,Peso corporal,Ninguno,"Recto abdominal Flexores de la cadera Sagital con el talón apoyado. Para iniciar el movimiento, flexiona la columna y https://www.youtube.com/watch?v=A66JQaQTFFA levanta ligeramente la parte posterior de los hombros del suelo, mientras tensas principalmente el El Medicine Ball Clean comienza en una posición de media sentadilla y bisagra, con las rodillas dobladas generosamente, caderas hacia atrás y el torso inclinado hacia adelante Cuádriceps","Glúteos, Isquiotibiales, Gemelos, Erectores espinales, Recto con la espalda recta, manos debajo de los hombros sujetando los lados de una Medicine Ball Clean re-grabar Flexión Carga externa Balón medicinal",Sagital,"Trapecio, Bíceps Abdominales balón medicinal en el suelo, entre los pies. Para iniciar el movimiento, empuja con los talones y extiende las caderas hacia adelante mientras tiras del",https://www.youtube.com/watch?v=hh4OuvESwSo
Medicine Ball Front Squat,hecho,Sentadilla,Carga externa,Balón medicinal,"Quadriceps, Glutes, Rectus Abdominis","Triceps, Biceps, Hamstrings, Erector Spinae",Sagital,"Abdominales Erectores espinales apilados verticalmente debajo de los antebrazos y muñecas. Para iniciar el movimiento, flexiona las rodillas hacia adelante",https://www.youtube.com/watch?v=xweAYObpwDk
Medicine Ball Good Morning,hecho,,Carga externa,Pelota,"médica Glúteos, Isquiotibiales, Erector Spinae","Deltoides anteriores, escapulas, Bíceps",Sagital,"Las caderas hacia atrás, con una ligera flexión de rodillas y el torso superior inclinado",https://www.youtube.com/watch?v=kFJhWWYPmtc
Para entrar en Curl de isquiotibiales con pelota médica,hecho,Jalar,Carga externa,Pelota,"médica Glúteos, Isquiotibiales, Erector Spinae, Cuádriceps, Recto Abdominis",,Sagital,"Tras la espalda y los glúteos alejados del piso. Para iniciar el movimiento, haz curl",https://www.youtube.com/watch?v=lS1ppiTzI
Push-up con pelota médica,hecho,Empujar,Peso corporal,Pelota,"médica Glúteos, Escápulas, Cuádriceps","Glutes, Scapulas, Quadriceps",Sagital,"Recto Abdominis dobla los codos y baja el pecho hacia la pelota médica,",https://www.youtube.com/watch?v=qZ1L0jhSHRc
Zancada inversa con pelota médica,hecho,Una pierna,Carga externa,Pelota,"médica Deltoides anteriores, Bíceps","Anterior Deltoids, Biceps",Sagital,"Recto Abdominis dobla ambas rodillas, permitiendo que la rodilla trasera haga contacto con el",https://www.youtube.com/watch?v=WgD6ATXH2eQ
Anterior Slam con pelota médica,re-film,Núcleo,Carga externa,Pelota,"médica Erector Spinae, Isquiotibiales, Gemelos","Erector Spinae, Hamstrings, Calves",Sagital,"Deltoides, Cuádriceps el cuerpo. Para iniciar el movimiento, eleva la pelota médica por encima de la cabeza,",https://www.youtube.com/watch?v=G01nrJGJEc4
Paso por Encima con Balón Medicinal,hecho,Una pierna,Carga externa,Balón medicinal,"Deltoides anteriores, bíceps","Anterior Deltoids, Biceps",Sagital,"Recto abdominal otro pie, manteniendo una ligera flexión en las rodillas mientras estás encima de la",https://www.youtube.com/watch?v=RhDmH9FkWT4
Paso al Cajón con Balón Medicinal,hecho,Una pierna,Carga externa,Balón medicinal,,,Sagital,"Recto abdominal Flexores inclínate hacia adelante, impulsa a través del talón y extiende la pierna para",https://www.youtube.com/watch?v=k-
Toque de Punta con Balón Medicinal,hecho,Core,Carga externa,Balón medicinal,Recto abdominal,,Sagital,"PkGleA Isquiotibiales, flexores de cadera los laterales del balón. Para iniciar el movimiento, flexiona a través de la",https://www.youtube.com/watch?v=cs
Sentadilla en Pared con Balón Medicinal,hecho,Sentadilla,Carga externa,Balón medicinal,"Isquiotibiales, pantorrillas","sHamstrings, Calves",Sagital,"Espinales, recto abdominal la pared, columna vertical y un balón medicinal colocado sobre los muslos. Mantén los brazos abajo",https://www.youtube.com/watch?v=gNF8Xdva-00
Mixed Rack Farmer Carry,hecho,Locomoción,Carga externa,Pesa rusa,"Quadriceps, Rectus Abdominis, Latissimus Dorsi, Glut","eAsnterior Deltoids, Trapezius, Biceps",Sagital,"Dorsal ancho, Glúteo Bíceps posición de rack, y la otra kettlebell colgando a un lado. Para",https://www.youtube.com/watch?v=svOylNvwo6Q
Monster Walk,re-film,Locomoción,Carga externa,Bandas,"Abductores, Glúteos, Cuádriceps Isquiotibiales",Hamstrings,Sagital,"Para iniciar el movimiento, da un paso hacia adelante y alterna",https://www.youtube.com/watch?v=lQ1UAB22L0s
Mountain Climber,re-film,Núcleo,Peso corporal,Ninguno,"Espina dorsal, Pectorales, Tríceps","Erector Spinae, Pecs, Triceps",Sagital,"Isquiotibiales, Deltoides anteriores luego alterna rápidamente un salto de cambio que acerca la pierna trasera hacia adelante y el pie delantero hacia atrás. Continúa en un patrón alterno, cambiando los pies q Ejercicio Estado Patrón Tipo Implementación Principal Músculos Principalmente Trabajados Músculos Secundarios Trabajados Plano Explicación del Ejercicio URL de YouTube Muscle-Up comienza sujetando las manos a los anillos de gimnasia y encontrar tu agarre falso y mantener las palmas mirándose. Para Latissimus Dorsi, Bíceps, Tríceps,Escápulas, Recto Abdominis, iniciar el movimiento, al igual que una dominada, comenzar a tirar de tu caja torácica hacia arriba Muscle-Up",https://www.youtube.com/watch?v=XowPTndWMlk
Muscle-Up,re-film,Jalar,Peso corporal,Anillos,,,Sagital,"Pectorales Glúteos hacia los anillos, manteniendo los codos cerca del cuerpo, y continuando el movimiento de dominada hasta que el pecho se mueva por delante de los anillos y el elb",https://www.youtube.com/watch?v=21mAbr
Curl nórdico de isquiotibiales,hecho,Doblar,Peso corporal,Banco,"nórdico Isquiotibiales, Glúteos, Erector Espinae","Quadriceps, Rectus Abdominis, Triceps, Anterior D",Sagital,"Tríceps, Anterior D la articulación de la rodilla, intentando mantener el cuerpo en una línea desde las rodillas",https://www.youtube.com/watch?v=zwPKWKpk0d4
Porteo Descentrado,hecho,Núcleo,Carga externa,Pesa rusa,"Tríceps, Cuádriceps, Glúteos",,Sagital,"LuE Recto Abdominis, Bíceps a lo largo del movimiento. Para iniciar el movimiento, camina de forma constante",https://www.youtube.com/watch?v=MCM5
Una sentadilla de una y un cuarto,hecho,Sentadilla,Peso corporal,Ninguno,"Cuádriceps, Glúteos Recto Abdominis,",Isquiotibiales,Sagital,Las rodillas hacia adelante y hacia afuera mientras hundes las caderas hacia atrás y hacia abajo,https://www.youtube.com/watch?v=ceswRXk4uQM
Una Sentadilla de Ciclista de una y un cuarto,hecho,Sentadilla,Peso corporal,Plato,"Cuádriceps, Glúteos Isquiotibiales, Recto Abdominis Sagital o un objeto similar, brazos extendidos hacia adelante frente a ti para contrapeso. Para iniciar el movimiento","flexiona las rodillas hacia adelante y desciende las caderas hacia atrás y abajo La Sentadilla con una cuadra y cuarto comienza en una posición erguida alta, con los pies separados a la anchura de las caderas o un poco más; con los dedos de los pies apuntando hacia afuera, y Cuádriceps, Glúteos, Anterior nBíceps, Erector de la columna, Sentadilla con una cuadra y cuarto con mancuerna hecha Sentadilla Carga externa Mancuerna Sagital una mancuerna en cada mano, sostenida en la posición de rack",Frontal,"Deltoides, Recto Abdominal Isquiotibiales hombros, agarre neutro. Para iniciar el movimiento, flexiona las rodillas",https://www.youtube.com/watch?v=EfaKXgIC3TY
Anterior Sentadilla con una cuadra y cuarto con copa,re-film,Sentadilla,Carga externa,Pesa rusa,"Cuádriceps, Glúteos","Hamstrings, Biceps, Anterior Deltoids",Sagital,"Deltoides de vuelta a la parte inferior de la sentadilla, y termina subiendo de nuevo a una",https://www.youtube.com/watch?v=A5emLMlaILY
Anterior Subida turca con pesa rusa de un cuarto,re-film,Núcleo,Carga externa,Pesa rusa,"Oblicuos, Tríceps Transverso pies planos en el suelo. Luego empujas desde el suelo con el","Obliques, Triceps",,"Deltoides, Transverso del Abdomen una mano desocupada mientras presionas a través de la pesa rusa con la otra",https://www.youtube.com/watch?v=-MB4UStTK98
Te desaceleras,re-film,Núcleo,Peso corporal,Barra de dominadas,"Recto Abdominal, Flexores de la cadera Dorsal ancho, Cuádriceps",,Sagital,"NsQMY pecho, y eleva la otra pierna a 90 grados, manteniendo la pierna estirada. Mantén la columna lo más vertical posible, desde el sacro hasta la coronilla",https://www.youtube.com/watch?v=BZfve
Sentadilla por encima de la cabeza,hecho,Sentadilla,Carga externa,Barra,"Quadriceps, Glutes, Trapezius, Anterior Deltoids, Medial Delt","oHidasm, Tstrriicnegpss, Erector Spinae, Rectus Abdominis",Sagital,"Deltoides anteriores, deltoides medios Espina dorsal, Recto abdominal separados y manos pronadas, de modo que las palmas miren hacia fuera de ti. Para iniciar el movimiento, contrae el tronco y luego flexiona las rodillas hacia adelante",https://www.youtube.com/watch?v=h1xZIRmFtV4
Zancada de caminata por encima de la cabeza,re-film,Una pierna,Carga externa,Barra,"Quadriceps, Glutes, Anterior Deltoids, Medial Deltoids, Tricep","sErector Spinae, Hip Flexors, Rectus Abdominis, Ha",Sagital,"Deltoides, Deltoides Medios, TrícepsRecto abdominal, Ha Mantén el tronco activo a lo largo del movimiento manteniendo un ligero abrazo de las costillas hacia las caderas y un ligero PPT (inclinación pélvica posterior). inclinación pélvica). T Painter comienza en una posición de plancha alta, con las manos debajo de las hombros, brazos rectos, hombros protraídos, tronco tenso manteniendo Recto abdominal, Anterior Cuádriceps, Glúteos, Transverso una PPT (inclinación pélvica posterior), piernas rectas, pies a la anchura de cadera. Para Painter",https://www.youtube.com/watch?v=L8AzeXTBjAg
Para Painter,re-film,Núcleo,Peso corporal,Ninguno,"Rectus Abdominis, Anterior Deltoids, Triceps, Pecs","Quadriceps, Glutes, Transverse Abdominis",Sagital,"Deltoides, Tríceps, Pectorales Abdomen/Abdominales iniciar el movimiento, extender un brazo directamente hacia delante, llevando el bíceps fuera de la oreja, manteniendo las caderas alineadas con el piso, luego colocar la mano ba",https://www.youtube.com/watch?v=cLvk1MRYCgE
Flexión en paralelas,hecho,Empujar,Peso corporal,Paralelas,"Glúteos, Cuádriceps",,Sagital,"CrjY Recto Abdominal juntos. Para iniciar el movimiento, dobla los codos hacia atrás y mantén",https://www.youtube.com/watch?v=CMlWH
Dominada asistida por compañero,hecho,Tirar,Peso corporal,Barra de dominadas,"Dorsal ancho, Bíceps Recto abdominal",Rectus Abdominis,Sagital,Paralelo al suelo. Luego tu compañero puede colocarse para ayudarte observándote,https://www.youtube.com/watch?v=G5yxVPrgBDk
Passive Hang,re-film,Jalar,Estabilidad,Barra de dominadas,"Dorsal ancho, bíceps, escápulas","cuádriceps, flexores de cadera",Sagital,Los brazos rectos. Mantén la cantidad de tiempo prescrita.,https://www.youtube.com/watch?v=NGndVbG1ofI
Levanta un pie de la superficie y Patrick Step Down,hecho,Una pierna,Estabilidad,Placa,"Cuádriceps, glúteos, tibial Isquiotibiales,",gastrocnemio,Sagital,"Movimiento, dobla la rodilla de la pierna que está de pie manteniendo el talón bajo, y suelta el talón flotante Ejercicio Estado Patrón Tipo Implementación principal Músculos principales trabajados Músculos secundarios trabajados Plano Explicación del ejercicio URL de YouTube",https://www.youtube.com/watch?v=V-ssviWAkH0
Pause Back Squat,hecho,Sentadilla,Carga externa,Barra,"Cuádriceps, Glúteos, Isquiotibiales Rectus Dorsi Abdominis,",Latissimus,Sagital,"Alejarse de ti. Para iniciar el movimiento, contrae el core y luego dobla",https://www.youtube.com/watch?v=L-bwTGiPMkg
Pendlay Row,hecho,Jalar,Carga externa,Barra,"Latissimus Isquiotibiales, Dorsi, Erector Bíceps, Spinae, Glúteos Recto Abdominal,",Cuádriceps,Sagital,"Con la barra alineada sobre la parte superior de los pies, manos sujetando la barra un poco más anchas que el ancho de los hombros, pronación de las manos y brazos str Pistol comienza en una posición de pie alta, con un pie suspendido fuera del suelo y colocado ligeramente hacia adelante frente al cuerpo. Para iniciar Pistol refilm Una pierna Peso corporal Ninguno Cuádriceps, Glúteos, Isquiotibiales Gastrocnemio, Erector Spinae Sagital el espalda movimiento, hacia flexiona abajo, la rodilla bajando de la al pierna fondo de soporte de la sentadilla hacia adelante a y una hunde pierna, las caderas con",https://www.youtube.com/watch?v=3DMRYKFPw54
Pistol refilm,,Una pierna,Peso corporal,Ninguno,"Cuádriceps, Glúteos, Isquiotibiales Gastrocnemio, Erecto",r Spinae,Sagital,"Peso en el talón, brazos extendiéndose hacia adelante para contrapeso, y flotando le",https://www.youtube.com/watch?v=sCTHnqLXepk
Poliquin Step-Up,hecho,Una pierna,Peso corporal,Tabla,"inclinada Cuádriceps, Glúteos, Aductores Isquiotibiales",Hamstrings,Frontal,"Pies a aproximadamente la anchura de la cadera. Para iniciar el movimiento, flexiona en la",https://www.youtube.com/watch?v=TiY1Z2X9rNM
Power Clean,re-film,Explosividad,,Barra,"de pesas Erector Spinae, Glúteos, Bíceps, Recto Abdominal, Isquiotibiales, Latissimus Dorsi Trapecio",,Sagital,Posición con rodillas dobladas y espalda plana durante el ejercicio. Para iniciar el movimiento,https://www.youtube.com/watch?v=aiWaW-xT
Power Clean to Push Jerk,,Explosividad,,Barra,"Erector Isquiotibiales, Spinae, Deltoides Glúteos, anteriores Dbdeoltmoiindiss",", QTuriacderpicseps, Trapecio,",Sagital,"Latissim a una separación mayor que la anchura de los hombros, manos pronadas. Para entrar en la posición inicial posición, dobla un poco las rodillas",https://www.youtube.com/watch?v=M9rN-35nuyc
Las manos están Power Snatch,re-film,Explosividad,,Barra,"Erector Isquiotibiales, Spinae, Tríceps, Latissimus Cuádriceps Dorsi,rGicleuptess,Biceps,","Abdominales, Trapecio Rectus",Sagital,"Las rodillas y levanta el pecho para estar en una sentadilla parcial, una bisagra parcial posición. Para en Press Walk tiene las manos y los pies del cliente en el suelo con una flexión Press Walk",https://www.youtube.com/watch?v=1WB9lUaIFw0
Press Walk,re-film,Empujar,Peso corporal,Ninguno,"Deltoides anteriores, Tríceps Isquiotibiales,",Erectores espinales,Sagital,Con las piernas lo más rectas posible.,https://www.youtube.com/watch?v=1FpiUuTSv4I
Sentadilla de prisionero,hecho,Sentadilla,Peso corporal,Ninguno,"Cuádriceps, Abdominarios Glúteos, Recto Isquiotibiales, Gastrocnemio",", Erector Trapecio Spinae,",Sagital,Dobla las rodillas hacia adelante y hacia fuera y hunde las caderas hacia atrás y abajo para,https://www.youtube.com/watch?v=tKRBC7hzNoI
Marcha de la Muerte del Prisionero,hecho,DOBLARSE,Peso corporal,Ninguno,"Erector de la espina, isquiotibiales, glúteos Cuádriceps, Trapecio","Recto abdominal,",Sagital,"Pie, doble ligeramente ambas rodillas, luego inclínate hacia adelante moviendo las caderas hacia atrás,",https://www.youtube.com/watch?v=6pJrGAWYtKE
Trapecio,hecho,Una pierna,Peso corporal,Ninguno,"Cuádriceps, Glúteos Isquiotibiales, Abdominales",", Erector Tra de la espina, Recto abdominal",Sagital,"Dobla las dos rodillas. Luego, empuja a través del talón delantero para dar el paso",https://www.youtube.com/watch?v=G7Z7t1mVhn8
Sentadilla dividida del prisionero,hecho,Una pierna,Peso corporal,Ninguno,"Cuádriceps, Glúteos, Aductores Isquiotibiales, Abdominales",", Erector Tra de la espina, Recto abdominal",Sagital,"Con la cabeza y los codos expandiéndose. Para iniciar el movimiento, flexiona las rodillas",https://www.youtube.com/watch?v=OY5u2YlWGpQ
Subida del prisionero,hecho,Una pierna,Peso corporal,Caja pliométrica,"Cuádriceps, Glúteos, Flexores de cadera Isquiotibiales, Abdominales",", Erector Tra de la espina, Recto abdominal",Sagital,"Con la cabeza y los codos expandiéndose. Para iniciar el movimiento, impulsa hacia delante",https://www.youtube.com/watch?v=wc1-E-DVO8I
Dominada pronada,re-film,Jalar,Peso corporal,Barra de dominadas,"Latíssimo Abdominales dorsal, Bíceps, Recto abdominal Escápulas,",Cuádriceps,Sagital,"Toque la barra. Luego, con control, permite que los brazos se alarguen a medida que tú vertical",https://www.youtube.com/watch?v=0wScGKPC5fA
Curl de isquiotibiales en posición prona con banda,hecho,Jalar,Carga externa,Banda,"Isquiotibiales, Glúteos Erector de la columna",Erector Spinae,Sagital,Otro extremo de la banda sujeto a un objeto anclado a un pie o más detrás los pies. Para iniciar el movimiento,https://www.youtube.com/watch?v=Y1ngtMZ0pQo
Marcha del psoas,re-film,Una pierna,Estabilidad,Banda,"Psoas, Flexores Recto Abdominis, Cadera Cuádriceps, Glúteos a los lados, con rodillas y caderas flexionadas en ángulos de 90 grados, y una banda pequeña",,Sagital,"Anchura de las caderas. Para iniciar el movimiento, extiende un talón hacia adelante para extenderse por completo Ejercicio Estado Patrón Tipo Implemento principal Músculos principales trabajados Músculos secundarios trabajados Plano Explicación del ejercicio URL de YouTube",https://www.youtube.com/watch?v=nvwe
Para iniciar el Pull Over,re-film,Jalar,Peso corporal,Barra de dominadas,"Dorsal Flexores, ancho, recto bíceps, abdominal cadera Cuádriceps, tríceps",,Sagital,"CNY de flexión, comienza a inclinar la parte superior del cuerpo hacia atrás hasta que el pecho mire hacia el techo, flexiona los codos y continúa levantando las piernas y t",https://www.youtube.com/watch?v=g4qeCUF
Push Jerk,,Flexión,Explosividad,Barra,"Deltoides Trapecio, anteriores, tríceps deltoides medios, Escápulas","Recto abdominal, glúteos, cuádriceps, Sagital que el ancho de las caderas y una barra en la posición de rack",Frontal,"Separación, manos en pronación con las palmas ligeramente hacia arriba hacia el",https://www.youtube.com/watch?v=hCiSs8Jwe-c
Push Press,re-film,Empujar,Explosividad,Barra,"Deltoides Tríceps, anteriores, trapecio deltoides medios, Cuádriceps,","Espina, recto glúteos, abdom erectores",Sagital,"Doblados y codos apuntando hacia adelante. Para iniciar el movimiento, dobla las rodillas pa",https://www.youtube.com/watch?v=Qh2cLIY3YOw
Push-Up,re-film,Empujar,Peso corporal,Ninguno,"Pectorales, Recto abdominal deltoides anteriores, tríceps, Glúteos,","cuádriceps, escápulas",Sagital,"Manteniendo una PPT (inclinación pélvica posterior). Para iniciar el movimiento, dobla los codos y llévalos hacia atrás mientras bajas la parte frontal del cuerpo hacia abajo",https://www.youtube.com/watch?v=GFUw7S0wDxk
Negativa de Flexión,hecho,Empujar,Peso corporal,Ninguno,"Pectorales, Recto Abdominis Deltoides Anteriores, Tríceps, Glúteos, Cuádriceps",", Escápulas",Sagital,"Manteniendo una inclinación pélvica posterior (PPT). Para iniciar el movimiento, lentamente flexiona los codos y pu",https://www.youtube.com/watch?v=CzAbOH8F9nM
CAR de cadera en cuadrúpedo,hecho,Una pierna,Estabilidad,Ninguno,"Flexores de cadera, glúteos, abductores, Recto Abdominis","Anterior Aductores Deltoides rodillas en contacto con el suelo, manos debajo de los hombros, brazos",Transversal,Hacia el suelo para mantener la columna en una línea recta. A lo largo de,https://www.youtube.com/watch?v=ZTII3rm0XoQ
A lo largo de,hecho,Una pierna,Estabilidad,Ninguno,"Flexores de cadera, glúteos, abductores, Recto Abdominis","Anterior Aductores Deltoides, Cuádriceps, H rodillas en contacto con el suelo, manos debajo de los hombros, brazos",Transversal,Hacia el suelo para mantener la columna en una línea recta. Para iniciar el,https://www.youtube.com/watch?v=FWi-Dz6nXzA
Quadruped Hip Extension,hecho,Una pierna,Estabilidad,Ninguno,"Glúteos, Isquiotibiales, Erector de la Espina Tríceps","Abdominis, Deltoides Anteriores, Recto",Sagital,Hacia el suelo para mantener la columna en una sola línea recta. Para,https://www.youtube.com/watch?v=OMFwAKhSgWs
Split Squat con barra en el pie trasero elevado blanco etiqueta,,Una pierna,Carga externa,Barra,"Cuádriceps, Flexores de cadera, Glúteos Recto Isquiotibiales Abdominis,","Trapecio,",Sagital,"Box de plyo, u otro objeto similar, y una barra con pesas colocada en la parte superior de la espalda, manos sujetando la barra en p",https://www.youtube.com/watch?v=eBNCmHPHYTs
Peso muerto rumano con mancuerna y pie trasero elevado Peso muerto,hecho,Una pierna,Carga externa,Mancuerna,"Glúteos, Isquiotibiales, Erector Espinoso, Flexores de la cadera Recto Dorsis abdominal,",Latísimo,Sagital,"Objeto, con la rodilla flexionada y un par de mancuernas sostenidas colgando de tus",https://www.youtube.com/watch?v=0g6B-mPmiVM
Squat con Mancuerna y Pie Trasero Elevado,hecho,Una pierna,Carga externa,Mancuerna,"Cuádriceps, Flexores de la cadera, Glúteos Recto Trapézio Abdominal,","Isquiotibiales,",Sagital,"Detrás de ti, con mancuernas colgando a los lados, manos",https://www.youtube.com/watch?v=ElARe3QH9Zs
Resto con Pie Elevado Trasero Rock Back,hecho,Una pierna,Peso corporal,Banco,"Cuádriceps, Erector Spinae Flexores de la cadera, Glúteos, Recto abdominal,",Isquiotibiales,Sagital,"Rodilla doblada. Para iniciar el movimiento, flexiona ambas rodillas, permitiendo",https://www.youtube.com/watch?v=YcuK25vKoz4
Peso muerto rumano con pie elevado,hecho,Una pierna,Peso corporal,Banco,"Glúteos, Isquiotibiales, Erector Espinae, Flexores de cadera Recto Abdominal posición","con un pie en el suelo debajo de las caderas, y tu otro",Sagital,"Brazos colgando a los lados. Para iniciar el movimiento, da",https://www.youtube.com/watch?v=EJnbINqzCyg
Split Squat con Pie Restringido Elevado,re-film,Una pierna,Peso corporal,Banco,"Glúteos, Cuádriceps, Flexores de la cadera Erector Spinae, Rect",o Abdominal,Sagital,"Rodilla doblada. Para iniciar el movimiento, dobla ambas rodillas y permite que el cuerpo descienda verticalmente hacia el suelo, permitiendo que los músculos",https://www.youtube.com/watch?v=YtzdcxjEb8s
Pie Restringido Elevado,re-film,Una pierna,Peso corporal,Banco,"Glúteos, Cuádriceps, Flexores de la cadera Erector Spinae, Recto Abdominal Sagital un banco","caja plyo u otro objeto elevado similar detrás de ti, con la espaldahttps://www.youtube.com/watch?v=YtzdcxjEb8s rodilla doblada. Para iniciar el movimiento, dobla ambas rodillas y permite que el cuerpo descienda verticalmente hacia el suelo, permitiendo que los músculos Renegade Row comienza en una posición de plancha, con las manos agarrando mancuernas en el suelo debajo de los hombros, manos agarrando Renegade Row blanco etiqueta Jalar Carga externa Mancuernas Dorsal Recto Abdominal ancho, Bíceps, Escápulas, Cuádriceps, Oblicuos, Glúteos",Sagital,"Omóplatos protraídos y piernas ligeramente más anchas que la anchura de cadera separadas. Para iniciar el movimiento, eleva una mancuerna hacia la parte superior de la caja torácica, k",https://www.youtube.com/watch?v=GoH69pNJTyk
"úteos Sagital neutralmente para que las palmas se miren entre sí, brazos rectos,",,Core,Peso corporal,Ninguno,"Pectorales, Recto Abdominal Tríceps, Deltoides anteriores, Flexores Escápulas de la cadera, Glúteos, Cuádriceps,",,Sagital,"SFXx-ShG4 iniciar el movimiento, retroceder dando un paso con la mano opuesta y el pie hacia atrás en tándem, siga Ejercicio Estado Patrón Tipo Implemento principal Músculos principales trabajados Músculos secundarios trabajados Plano Explicación del ejercicio URL de YouTube",https://www.youtube.com/watch?v=x
Reverse Hyper,re-film,Flexión,Carga externa,Reverse,"Hyper Glúteos, isquiotibiales, erectores de la columna",cuádriceps,Sagital,Aproximadamente 90 grados para que las piernas cuelguen verticalmente mientras el torso está horizontal. El cinturón de peso se colocará alrededor de la cintura,https://www.youtube.com/watch?v=FEowmzhGAlY
El cinturón de peso se colocará alrededor de la cintura,re-film,,Peso corporal,Ninguno,"Cuádriceps, glúteos Gemelos,","erectores de la columna, psoas",Sagital,"Ambas rodillas, descendiendo hasta que la rodilla trasera toque el suelo o quede justo por encima de él. Luego, impulsa a través del talón delantero para llevar el pie trasero",https://www.youtube.com/watch?v=gWLFloUhzKo
Plancha inversa,hecho,Núcleo,Estabilidad,Ninguno,"Glutes, Rectus Abdominis, Hip Flexors","Quadriceps, Erector Spinae, Triceps, Posterior Delt",Sagital,"Flexores Tríceps, deltoides posterior rectos. Para entrar en la posición de plancha inversa, retrae las escápulas",https://www.youtube.com/watch?v=0dPT44WuZS0
Elevación de pierna en plancha inversa,hecho,Núcleo,Peso corporal,Ninguno,"Glutes, Hip Flexors, Rectus Abdominis","Quadriceps, Posterior Deltoids, Triceps",Sagital,"Abdominal Tríceps rectos. Para entrar en la posición de plancha inversa, retrae las escápulas",https://www.youtube.com/watch?v=lUues52P9qQ
Elevación de pierna en plancha inversa,hecho,Núcleo,Peso corporal,Ninguno,"Sagital debajo de los hombros con los dedos apuntando hacia adelante, brazos https://www.youtube.com/watch?v=lUues52P9qQ abdominal Tríceps rectos. Para entrar en la posición de plancha inversa, retrae las escápulas juntando para abrir el pech El gateo cuadrúpedo inverso comienza en posición cuadrúpeda, con el pecho mirando hacia el suelo, manos colocadas directamente debajo de los hombros, brazos blanco Recto abdominal, flexores de cadera, Tracción cuádruple inversa Locomoción Estabilidad Ninguno Pectorales, Tríceps, Deltoides anteriores",,Sagital,"Etiqueta Glúteos separadas. Para entrar en la posición de inicio, añade las puntas de los dedos y levanta las rodillas",https://www.youtube.com/watch?v=km8sm5
Para configurar,hecho,Empujar,Estabilidad,Ninguno,"Escápulas, Deltoides posteriores, Pectorales Deltoides anteriores,",Tríceps,Sagital,"Debajo de los hombros con los dedos mirando hacia afuera, y brazos recto. Para entrar en la revelación",https://www.youtube.com/watch?v=-RSX6kAk2pw
Para entrar en la revelación,re-film,Locomoción,Carga externa,Trineo,"Latísimo Dorsi, Escápulas, Bíceps",,Sagital,"Glúteos frente de las caderas, manos a la anchura de cadera, brazos mayormente rectos",https://www.youtube.com/watch?v=zLrtxym3U
Ring Body Saw,hecho,Núcleo,Peso corporal,Anillos,"Cuádriceps, Deltoides anteriores","Quadriceps, Anterior Deltoids",Sagital,"Glúteos manteniendo una PTT (inclinación pélvica posterior), piernas rectas, y pies",https://www.youtube.com/watch?v=JLdTphcVhes
Ring Dip Negative,hecho,Empujar,Peso corporal,Anillos,"Pectorales, Tríceps, Deltoides anteriores Recto Abdominis,",Cuádriceps,Sagital,"Línea recta y vertical. Para iniciar el movimiento, inclina el pecho hacia adelante y comienza lentamente a",https://www.youtube.com/watch?v=zyR21RSAp4U
Ring Face Pull,re-film,Tirar,Peso corporal,Anillos,"Trapecio, Recto abdominal","Trapezius, Rectus Abdominis",Sagital,"Romboides del suelo, el pecho mirando hacia arriba, el cuerpo en una única línea recta y",https://www.youtube.com/watch?v=rIpWyPV45PU
Ring Face Pull,re-film,Tirar,Peso corporal,Anillos,"Trapecio, Recto abdominal Sagital arriba)","brazos rectos y el cuerpo suspendido en aproximadamente un ángulo de 45 grados https://www.youtube.com/watch?v=rIpWyPV45PU Romboides del suelo, el pecho mirando hacia arriba, el cuerpo en una única línea recta y los talones apoyados en t La dominada en anillas se inicia en una posición de suspensión pasiva, con las manos sujetando un par de anillos de gimnasia y comenzando con un agarre prono con las palmas Dominada en anillas realizada Jalar Peso corporal Anillos Latísimo del dorso, Bíceps Recto abdominal, Romboides",Sagital,"Escápulas hacia abajo y hacia atrás, gire las palmas a un agarre neutral (frente a frente), flexione en el codo",https://www.youtube.com/watch?v=okpDOTeMCvg
Las manos deben estar Flexión en anillas,re-film,Empujar,Peso corporal,Anillos,"Pectorales, Deltoides anteriores, Tríceps Recto abdominal",Rectus Abdominis,Sagital,Agarrando las anillas de gimnasia con un agarre neutro (palmas mirando hacia uno,https://www.youtube.com/watch?v=i8tpN3KPXLE
Remo en anillas,re-film,Jalar,Peso corporal,Anillos,"Latísimo del dorso, Bíceps, Escápulas","Rectus Abdominis, Palmaris Longus, Brachioradiali",Sagital,"Longus, Braquioradial con los talones en el suelo, y el cuerpo en una sola línea recta. Para iniciar el movimiento, flexione los codos y lleve la parte superior de las costillas hacia arriba, hacia el r El Back Squat RNT se configura colocando una barra en un soporte de sentadillas a aproximadamente a la altura del hombro, con una banda enganchada en cada extremo de la Cuádriceps, Isquiotibiales, Glúteos, Erector Spinae, Latíssimos Dorsi, RNT Back Squat",https://www.youtube.com/watch?v=ZVM4-F0ZF0w
RNT Back Squat,realizado,Sentadilla,Carga externa,Barra,"Quadriceps, Hamstrings, Glutes, Hip Flexors","Erector Spinae, Latissimus Dorsi, Rectus Abdomini",Sagital,Flexores de cadera Rectus Abdomini por encima de la altura de la barra racked. Esto creará tensión ascendente,https://www.youtube.com/watch?v=nkMLy8rvCTE
RNT Back Squat,realizado,Sentadilla,Carga externa,Barra,"Sagital barra, con los otros extremos enroscados alrededor de algo a una pulgada https://www.youtube.com/watch?v=nkMLy8rvCTE Flexores de cadera Rectus Abdomini por encima de la altura de la barra racked. Esto creará tensión ascendente que ayudará a asistir en tu sentadilla La zancada inversa con mancuernas RNT comienza en una posición de pie alta","mancuernas sujetas en ambas manos, agarre neutral con las palmas blanco Zancada inversa con mancuerna RNT Una pierna Carga externa Mancuerna Cuádriceps, Glúteos Flexores de la cadera, Abductores",Sagital,"Etiqueta con el costado del cuerpo alineado junto a una barra vertical, o similar",https://www.youtube.com/watch?v=nYRsad1n1ik
RNT Overhead Squat,,Sentadilla,Carga externa,Barra,"Cuádriceps, Trapecio, Subescapular, Glúteos Deltoides Recto Abdominal posteriores,","Isquiotibiales,",Sagital,"Agarre pronado (palmas hacia adelante), y manos más anchas que los hombros- espacio entre sí. Además, una banda wil RNT Zancadas hacia atrás comienzan en una posición de pie alta, con los pies a la anchura de las caderas- a distancia, los dedos de los pies apuntando hacia adelante, y de pie lado a lado con un RNT Zancada hacia atrás",https://www.youtube.com/watch?v=Z9-vkWkd5KE
RNT Zancada hacia atrás,re-film,Una pierna,Carga externa,Bandas,"Cuádriceps, Glúteos Gastronemio, Erecto","r Espinae, Psoas",Sagital,"Del objeto anclado), justo por encima de la rodilla, con el otro extremo de",https://www.youtube.com/watch?v=UuYWqd8bLUw
RNT Zancada hacia atrás,re-film,Una pierna,Carga externa,Bandas,"Cuádriceps, Glúteos Gastronemio, Erector Espinae","Psoas Sagital objeto anclado. Una banda se pasará alrededor de la pierna externa (la más lejana https://www.youtube.com/watch?v=UuYWqd8bLUw del objeto anclado), justo por encima de la rodilla, con el otro extremo de la banda atada a la estación de trabajo RNT Peso muerto rumano comienza en una posición de pie alta, ubicada en RNT Peso muerto rumano blanco etiqueta Flexión Carga Externa Barra Isquiotibiales, Erector Espinae, Glúteos Latísimo Flexores Dorsal, Trapecios, Cadera",Sagital,"Adelante), , pies a la anchura de caderas y dedos de los pies apuntando hacia adelante. Además,",https://www.youtube.com/watch?v=5l7Iq2SHzrY
RNT Sentadilla dividida,re-film,Pierna única,Carga externa,Banda,"Cuádriceps, glúteos Pantorrillas, erectores espinales, psoas",,Sagital,"NczoU pie trasero, y ambas piernas extendidas. Coloca una banda alrededor de la pierna delantera justo por encima de la rodilla,",https://www.youtube.com/watch?v=ZB
Peso muerto rumano,hecho,Flexión,Carga externa,Barra,"Isquiotibiales, glúteos, erectores espinales","dorsal ancho, escápulas",Sagital,"Hombros, y manos sujetando una barra en el suelo, en un agarre prono",https://www.youtube.com/watch?v=rPmC2YBsdKQ
Subida de cuerda,hecho,Jalar,Peso corporal,Cuerda,"Dorsal ancho, bíceps, braquial Braquiorradial,","Recto abdominal cuádriceps,",Sagital,"Extender las piernas, realiza una elevación de rodillas, aprieta los pies hacia adentro hacia l El remo comienza sentado en una máquina de remo, con los pies sujetos y las manos en el mango del remo, agarrando en posición prono (nudillos Remo",https://www.youtube.com/watch?v=nRepFMNXzrQ
"tos y las manos en el mango del remo, agarrando en posición prono (nudillos Remo",hecho,,Carga externa,Máquina,"de remo Cuádriceps, Espinales isquiotibiales, erectores Dorsal ancho, bíceps, escápulas",,Sagital,"RZiKsFk mango del remo hacia la parte inferior del pecho. Luego, para reiniciar, permite el a",https://www.youtube.com/watch?v=pDC
Curl de isquiotibiales en máquina de remo,hecho,Flexión,Peso corporal,Máquina,"de remo Isquiotibiales, glúteos, erectores espinales Dorsal Abdominales ancho, recto talones elevados sobre el asiento de la máquina de remo. Para colocarte en la posición inicial",,Sagital,YgWFu2cE ahora estés apoyado sobre los talones y la parte superior de la espalda. Para iniciar el,https://www.youtube.com/watch?v=bb
Russian Kettlebell Swing,hecho,DOBLARSE,Explosividad,Kettlebell,"Isquiotibiales, Erector de la columna, Glúteos Dorsal Abdomen, ancho",", Claves recto",Sagital,"Movimiento, doble ligeramente las rodillas, gira las caderas hacia atrás y inclina el",https://www.youtube.com/watch?v=ialGyd2zomo
Para Step-Up ruso,hecho,Una pierna,Peso corporal,Caja pliométrica,"Cuádriceps, Glúteos, Isquiotibiales, Tceps de la pantorrilla","Erector de la columna iniciar el movimiento, coloca un pie sobre la caja y luego impulsa",Sagital,"Flexores de la cadera la rodilla trasera hacia el pecho. Luego, da un paso con la pierna suspendida hacia atrás",https://www.youtube.com/watch?v=juPXDCYAoj4
Giro ruso,hecho,Núcleo,Carga externa,Mancuerna,"Recto abdominal, Transverso Oblicuos, Flexores de la cadera, Psoas, Abdominis Bíceps Transverso ambas el cuerpo manos hacia un frente lado, tratando al abdomen. de llevar Para la mancuerna iniciar el lo movimiento, más atrás posible rota",,,"Ghbrx3A detrás de ti y hacia el suelo para la rotación máxima. Luego, ven de vuelta u Buenos días con barra de seguridad comienzan en una posición alta, con los pies",https://www.youtube.com/watch?v=z
Buenos días con barra de seguridad,hecho,Doblar,Carga externa,Barra de seguridad,"Isquiotibiales, Erector de la columna, Glúteos Recto Deltoides abdominal, anterior",", Bíceps abductores,",Sagital,"Frente a los hombros, manos en posición neutral. Para iniciar el",https://www.youtube.com/watch?v=zpE5bjEBu-8
Zancada inversa con barra de seguridad,hecho,Una pierna,Carga externa,Barra de seguridad,"Cuádriceps, glúteos, flexores de la cadera Recto Deltoides abdominal, anterior",", Bíceps isquiotibiales,",Sagital,"Hombros, manos agarrando en una posición neutral. Para iniciar el",https://www.youtube.com/watch?v=BNPP2kaXIkk
Safety Bar Split Squat,hecho,Una pierna,Carga externa,Barra de seguridad,"Cuádriceps, Glúteos, Flexores de la cadera Aductores,",Recto abdominal,Sagital,"Barra de seguridad colocada en la parte superior de la espalda y hombros, con las manos agarrando las barras de seguridad frente a",https://www.youtube.com/watch?v=B11k-n6bR4s
Sentadilla con Barra de Seguridad,hecho,Sentadilla,Carga externa,Barra de seguridad,"Cuádriceps, Glúteos, Isquiotibiales Gastronemios, Erector de la espina dorsal",", Anterior Deltoides, Bíceps",Sagital,"Frente a los hombros, manos agarrando de forma neutra. Para iniciar el movimiento, doble las rodillas hacia adelante y hacia afuera Ejercicio Estado Patrón Tipo Implemento principal Músculos principales trabajados Músculos secundarios trabajados Plano Explicación del ejercicio URL de YouTube",https://www.youtube.com/watch?v=QSA0jQ-4xcs
Sentadilla en caja con barra de seguridad,hecho,Sentadilla,Carga externa,Barra de seguridad,"Cuádriceps, glúteos, isquiotibiales Gemelos, Deltoides, erectores bíceps espinales, anterior",,Sagital,Znj8UM banco o caja pliométrica colocada a unos centímetros detrás de ti. Para iniciar el,https://www.youtube.com/watch?v=hvc0
Estiramiento Sampson,hecho,Complejo,Estabilidad,Tubo,"de PVC Psoas, Erectores flexores espinales de cadera, cuádriceps, Gemelos,","Trapecio tríceps, deltoides anterior,",Sagital,"Ancho de los hombros. Para iniciar el movimiento, realiza una zancada hacia adelante",https://www.youtube.com/watch?v=sFRN3dlxIJU
Remo inclinado con saco de arena,hecho,Jalar,Carga externa,Saco,"de arena Dorsal ancho, bíceps Erectores espinales,","glúteos, isquiotibiales",Sagital,"Suelo, con los brazos extendidos hacia abajo bajo los hombros, manos sujetando las asas de un saco",https://www.youtube.com/watch?v=wD4GyreTQGc
Clean and jerk con saco de arena,hecho,Complejo,Explosividad,Saco,"de arena Erectores Isquiotibiales, espinales, dorsal glúteos, ancho Tríceps,",deltoides anterior,Sagital,"Brazos extendidos hacia abajo bajo los hombros, manos sujetando las",https://www.youtube.com/watch?v=fCdzGNbQFSY
CdzGNbQFSY brazos extendidos hacia abajo bajo los hombros,,Sentadilla,Carga externa,Saco,"de arena Cuádriceps, Glúteos, Isquiotibiales recto abdominal, Erectores Dorsales","Bíceps espinales, gemelos, dorsal ancho Sagital anchura de las caderas o un poco más separados, los dedos de los pies hacia afuera y un saco de arena sostenido en la posición de rack",Frontal,"Antebrazos, manos sujetando las asas en una posición neutra, con",https://www.youtube.com/watch?v=AtbmEGX7SFI
A continuación,hecho,Locomoción,Carga externa,Saco,"de arena Cuádriceps, Glúteos Isquiotibiales, Gemelos,Recto abdominal, Latísimo del dors","o Dorsales, Bíceps",Sagital,"Movimiento, camine de forma constante hacia adelante, un pie frente al otro.",https://www.youtube.com/watch?v=q8iYhtvr1Gs
Sentadilla con saco de arena,re-film,Sentadilla,Carga externa,Saco,"de arena Cuádriceps, Recto Abdominal Glúteos, Isquiotibiales, Claves, Erecto",r Spinae,Sagital,"Saco de arena para mantenerlo en su lugar. Para iniciar el movimiento, doble las rodillas hacia adelante y hacia afuera mientras hunde las caderas hacia atrás y hacia abajo para la parte inferior",https://www.youtube.com/watch?v=IFNDR6D0Nzk
Caminata con saco de arena,re-film,Locomoción,Carga externa,Saco,"de arena Cuádriceps, Glúteos, Isquiotibiales, Claves, Erecto",r Spinae Recto Abdominal Dorsales. Bíceps. S Latissimus,Sagital,"Movimiento, camine de forma constante hacia adelante, un pie delante del otro.",https://www.youtube.com/watch?v=BARVS0cXbhg
Carry Zercher con saco de arena,re-film,Locomoción,Carga externa,Saco,"de arena Cuádriceps, Glúteos, Isquiotibiales, Claves, Erecto","r Spinae, Recto Abdominal Dorsales, Bíceps. S Latissimus",Sagital,"Hacia adelante desde los codos, las palmas hacia arriba, con el saco de arena colocado sobre la parte superior de los antebrazos. Para iniciar el movimiento, camine de forma constante hacia adelante.",https://www.youtube.com/watch?v=DT4ntDM9YAU
Heel Assist),hecho,Empujar,Peso corporal,Anillas,"Tríceps, Deltoides anteriores, Pectorales Recto abdominal",Rectus Abdominis,Sagital,"Ubicado ligeramente frente al cuerpo y a las anillas. Para iniciar el movimiento, doblar los codos y jalar hacia ellos b",https://www.youtube.com/watch?v=PZAoEqJnHTQ
Pull-Up escapular,hecho,Jalar,Estabilidad,Barra de dominadas,"Escápulas, Trapecio, Romboides Dorsal ancho,",Intercostales,Sagital,"Cuerpo hacia arriba verticalmente, manteniendo los brazos rectos. Luego, relájese a través de el zapato",https://www.youtube.com/watch?v=1M-Jds6GlFo
Row con anillas escapulares,hecho,Tirar,Estabilidad,Anillas,"Escápulas, Deltoides posteriores Deltoides anteriores, Romboides, Intercostale","s Dorsal ancho,",Sagital,Con el cuerpo en una línea recta de la cabeza a los pies. Mantenga los brazos rectos durante el mo,https://www.youtube.com/watch?v=9R9gXT6qPMY
Scorpion,hecho,Doblar,Estabilidad,Ninguno,"Deltoides anteriores, Pecs, T-EspinaAbductores Transverso una rodilla","luego ponte de lado donde la pierna siga recta,",,"Dirige la mirada en la dirección opuesta. Mantén durante el tiempo prescrito cantidad de tiempo. Seal Walk comienza en una posición sentada, con las piernas extendidas hacia adelante en Caminar sellado repelículaLocomoción Peso corporal Deslizador Tríceps, Deltoides Deltoides posteriores, Anterior Erector de la columna, isquiotibiales, glúteos Sagital frente a ti, talones sobre un deslizante, manos en el piso debajo de hombros, dedos girados hacia afuera y brazos rectos. Para entrar en el",https://www.youtube.com/watch?v=DnAG3Nhpwvw
Escorpión,hecho,Doblar,Estabilidad,Ninguno,"Deltoides anteriores, Pecs, T-EspinaAbductores Transverso una rodilla","luego ponte de lado donde la pierna siga recta, https://www.youtube.com/watch?v=DnAG3Nhpwvw y dirige la mirada en la dirección opuesta. Mantén durante el tiempo prescrito cantidad de tiempo. Seal Walk comienza en una posición sentada, con las piernas extendidas hacia adelante en Caminar sellado repelículaLocomoción Peso corporal Deslizador Tríceps, Deltoides Deltoides posteriores, Anterior Erector de la columna, isquiotibiales, glúteos",Sagital,"Posición inicial, eleva las caderas por encima del suelo para quedar en una",https://www.youtube.com/watch?v=yfx50wsIHQk
Press Arnold con mancuerna alterna sentado,hecho,Empujar,Carga externa,Mancuerna,"Deltoides Tríceps anterior, Deltoides media, Bíceps,","trapecios, recto abdominal",Sagital,"Mancuernas sostenidas delante de los hombros, con las manos sujetando",https://www.youtube.com/watch?v=DlPDyxdZhsU
Press Arnold con pesa rusa alterno sentado,hecho,Empujar,Carga externa,Pesa rusa,"Deltoides Tríceps anterior, Deltoides medial, Bíceps,","trapecios, recto abdominal",Sagital,"Mancuernas sostenidas delante de los hombros, con las manos sujetando mancuernas en un agarre supinado (palmas faci Ejercicio Estado Patrón Tipo Implemento principal Músculos principales trabajados Músculos secundarios trabajados Plano Explicación del ejercicio URL de YouTube",https://www.youtube.com/watch?v=jNSmYvnPSi8
Press de Barra Sentado,hecho,Empuje,Carga externa,Barra,"Anterior Deltoids, Medial Deltoids, Triceps","Trapezius, Pecs, Rectus Abdominis, Intercostals",Sagital,"Tríceps Intercostales hombros, manos un poco más separadas que el ancho de los hombros, agarrando en pronación (palmas hacia adelante), codos doblados y en ángulo",https://www.youtube.com/watch?v=uql-Rqi3pW0
Press de Barra Sentado,hecho,Empuje,Carga externa,Barra,"Sagital https://www.youtube.com/watch?v=uql-Rqi3pW0 Tríceps Intercostales hombros, manos un poco más separadas que el ancho de los hombros, agarrando en pronación (palmas hacia adelante), codos doblados y en ángulo aproximadamente 45° El Press Tras Nuca Sentado comienza en una posición sentada en un banco plano o caja pliométrica","con las rodillas dobladas, talones en el suelo y la columna recta blanco Deltoides anteriores, deltoides medios, Trapecio, pectorales, recto abdominal, y vertical, con una barra colocada en la parte superior de la espalda, con las manos Press Tras Nuca Sentado Empuje Carga externa Barra",Sagital,"Etiqueta Tríceps, romboides Intercostales agarrando la barra un poco más separadas que el ancho de los hombros, en pronación (palmas hacia adelante), codos doblados y ligeramente hacia afuera alejados del torso",https://www.youtube.com/watch?v=s4aFRNUNVCo
Curl de Bíceps con Mancuernas Sentado,hecho,Jalón,Carga externa,Mancuerna,"Bíceps Braquial,",braquiorradial,Sagital,"Hacia adelante, y una mancuerna agarrada en cada mano. Para iniciar el movimiento, flexiona los codos y tira La Máquina de Curl de Bíceps Sentado tiene al cliente sentado en una máquina de curl, Máquina de Curl de Bíceps Sentado regrabar Jalón Carga externa Máquina Bíceps, braquial Trapecio Sagital el cliente sostiene las manijas con un agarre supinado y tira de la manija",https://www.youtube.com/watch?v=SR4rzOnA0gw
Curl de Bíceps con Mancuernas Sentado,hecho,Jalón,Carga externa,Mancuerna,"Bíceps Braquial, braquiorradial Sagital vertical","brazos extendidos y colgando a los lados, palmas mirando https://www.youtube.com/watch?v=SR4rzOnA0gw hacia adelante, y una mancuerna agarrada en cada mano. Para iniciar el movimiento, flexiona los codos y tira La Máquina de Curl de Bíceps Sentado tiene al cliente sentado en una máquina de curl, Máquina de Curl de Bíceps Sentado regrabar Jalón Carga externa Máquina Bíceps, braquial Trapecio",Sagital,Hacia la cara.,https://www.youtube.com/watch?v=-Rzppjmt6ag
Press de Pecho Sentado,re-film,Empujar,Carga externa,Máquina,Erectores de la columna,Erector Spinae,Sagital,"Tríceps tú con un agarre pronado ( nudillos hacia arriba), con codos doblados y",https://www.youtube.com/watch?v=QrnVDLSBdMo
Buenos días sentado,hecho,Doblar,Carga externa,Barra,"Erectores de la columna, isquiotibiales, glúteos",dorsal ancho,Sagital,"Agarrando la barra con un agarre pronado. Para iniciar el movimiento, flexionar o inclinar la parte superior del cuerpo hacia adelante, manteniendo la espalda plana en todo a lo largo de",https://www.youtube.com/watch?v=G8NfRd4EMkE
Jalón lateral sentado,re-film,Jalar,Carga externa,Máquina,"Dorsal ancho, Erector de la columnaBíceps",Biceps,Sagital,"Hacia adelante y por encima de la cabeza, las manos sujetando las asas de la máquina en un",https://www.youtube.com/watch?v=nfFBucEfwtI
Deslizamientos de escápula en la pared sentado,re-film,Jalar,Estabilidad,Pared,Dorsal ancho,Latissimus Dorsi,Sagital,"Escápulas haciendo contacto con la pared, y la parte trasera de la muñeca haciendo contacto con la pared (si tienes movilidad). Para iniciar el movimiento, mantén la tensión",https://www.youtube.com/watch?v=spdjr7xbHXM
Máquina de press de hombro sentado,re-film,Empujar,Carga externa,Máquina,"Deltoides posteriores, Pectoral menor","Rear Deltoids, Pec Minor",Sagital,Trapecio el movimiento se inicia al empujar hacia arriba sobre las empuñaduras sin dejar que la espalda se despegue del soporte See-Saw Row comienza en una posición inclinada con la espalda plana y suave flexión de la rodilla y una pesa rusas en cada mano. El movimiento See-Saw Row,https://www.youtube.com/watch?v=q4vXt6ozfJc
See-Saw Row,re-film,Jalar,Carga externa,Pesa rusa,"Dorsal ancho, Bíceps Isquiotibiales,",Erector de la columna,Sagital,Volver al suelo bajo control y alternar para el,https://www.youtube.com/watch?v=Vn21SBrAuVc
Side Lying Abduction,hecho,Una pierna,Estabilidad,Ninguno,"Abductores, Glúteos, Oblicuos Isquiotibiales",Hamstrings,Frontal,Inicia levantando la pierna superior alejándola del centro del cuerpo,https://www.youtube.com/watch?v=-szhUOmxfRo
Side Lying Hip CAR,hecho,Una pierna,Estabilidad,Ninguno,"Glúteos, Cuádriceps, Flexores de la cadera Oblicuos Transverso",Obliques,,"Hacia arriba e inward, abrir, abajo y hacia atrás, girando la cadera en un rango completo",https://www.youtube.com/watch?v=cI-jENBquNc
Aducción de la pierna en decúbito lateral,hecho,Una pierna,Estabilidad,Ninguno,"Glúteos, Flexores de cadera Oblicuos",,Frontal,"Pierna inferior en extensión. El atleta levantará la pierna inferior, hacia",https://www.youtube.com/watch?v=M2wvAGTV
Plancha lateral,re-film,Núcleo,Peso corporal,Ninguno,"Oblicuos, Oblicuo Mayor (Transverso) del abdomen Deltoides anteriores",Anterior Deltoids,Sagital,"Elevar las caderas, apretar los glúteos y mantener una línea recta desde los talones, caderas a hombros. Ejercicio Estado Patrón Tipo Implementación Principal Músculos Principales Trabajados Músculos Secundarios Trabajados Plano Explicación del Ejercicio URL de YouTube Levantamiento de pierna en plancha lateral es un ejercicio de núcleo que actúa como anti flexión lateral y comienza en la posición de plancha lateral, con el codo inferior debajo de la",https://www.youtube.com/watch?v=S-6NhdAJ-Mc
Levantamiento de pierna en plancha lateral,hecho,Núcleo,Peso corporal,Ninguno,"Oblicuos, Glúteos Cuádriceps, Rect",o Abdomino,Frontal,Movimiento se inicia elevando la pierna superior alejándose del cuerpo a aproximadamente 45 grados mientras se mantiene Remo en plancha lateral con banda es un ejercicio de núcleo anti flexión lateral que es,https://www.youtube.com/watch?v=mvYtlqobHGU
Remo en Plancha Lateral con Banda,hecho,Jalar,Carga externa,Cinta/Banda,"Bíceps, Oblicuos, Latíssimo Dorsi Recto Deltoides Abdominis,",Anterior,Múltiple,"Posición perpendicular a la banda unida a un aparato, agarrando",https://www.youtube.com/watch?v=707scOHTLt8
Press de Banca con un Solo Brazo,re-film,Empujar,Carga externa,Mancuerna,"Pectoral Mayor, Pectoral Menor Deltoides Abdominales Anteriores","Tríceps, Recto Transverso aproximadamente hacia un lado para 45 contrapeso, grados, la mano los pies opuesta justo apilada fuera de en la el cadera pecho y o los hacia talones fuera",,Planos en el suelo.,https://www.youtube.com/watch?v=bKQsPlWZu3w
Single Arm Bent Over Cable Row,hecho,Jalar,Carga externa,Cable,"Bíceps, Dorsal Ancho Erector Abdominales Spinae, Glúteos",", Recto",Sagital,"Codo alto y pegado al cuerpo y un agarre neutro, haciendo una pausa y luego",https://www.youtube.com/watch?v=x1T5E86W2SQ
Extensión de Tríceps en Cable a Una Mano,hecho,Empujar,Carga externa,Cable,"Tríceps, Deltoides Anterior Recto Abdominal",,Frontal,"Movimiento inicia presionando hacia abajo el cable, extendiendo el codo y apretando el",https://www.youtube.com/watch?v=ZbMOK
Remo Vertical en Cable a Una Mano,hecho,Jalar,Carga externa,Cable,"Trapecio, Bíceps Romboides, Dorsa",l Ancho,Sagital,"Tirando del cable hasta aproximadamente la altura del hombro, llevando el codo alto y abierto y regresando",https://www.youtube.com/watch?v=kiCRfAbxvPg
Press Cubano a Una Mano,hecho,Empujar,Carga externa,Mancuerna,"Trapecio, Deltoides Anteriores, Músculos del Manguito Rotador Bíceps","Romboides costado, con una mancuerna ligera en una mano y la muñeca hacia el cuerpo. El",Múltiple,"Alejando del cuerpo hasta aproximadamente 90 grados, con la muñeca",https://www.youtube.com/watch?v=tfPEh9oKBxk
Press a Una Mano,hecho,Complejo,Carga externa,Mancuerna,"Bíceps, Deltoides Anteriores, Tríceps Deltoides Abdominis Medios, Oblicuos",", Recto",Sagital,"Apretar el bíceps, luego rotar la muñeca hacia el centro de la",https://www.youtube.com/watch?v=CF4jOIN8BGg
Press del Diablo con un solo brazo,hecho,Complejo,Carga externa,Mancuerna,"Rectus Deltoides, Abdominis, Tríceps Pecs, Anterior Flectores de la cadera,","cuádriceps, glúteos",Sagital,"Suelo justo debajo del pecho, y la otra agarrando la mancuerna",https://www.youtube.com/watch?v=OGqm2WluTjI
Clean and Jerk con mancuerna de un solo brazo,hecho,Complejo,Explosividad,Mancuerna,"Erector Spinae, Glúteos, Isquiotibiales, Deltoides anteriores","L Qatuisasdimriucse pDsorsi, Recto abdominal, Gemelos",Sagital,Sosteniendo la mancuerna.,https://www.youtube.com/watch?v=dba51IbckWg
Press de Piso con Mancuerna de un Solo Brazo,hecho,Empuje,Carga externa,Mancuerna,"Pectorales, Tríceps, Deltoides anteriores Recto abdominal,",Glúteos,Sagital,"Techo, con una mancuerna en una mano, apilada sobre el hombro, y el otro brazo en contrapeso.",https://www.youtube.com/watch?v=R1nQeHumVGM
Single Arm Dumbbell Front Rack Rear Foot Elevated Split Squat,hecho,,Carga externa,Mancuerna,"Cuádriceps, Glúteos, Flexores de la cadera Deltoides Abdominis anteriores, Bíceps",", Recto",Sagital,Mancuerna se carga en la mano opuesta a la pierna que está trabajando y,https://www.youtube.com/watch?v=W1-aAuaV6qI
Sentadilla frontal con mancuerna de un solo brazo,hecho,Sentadilla,Carga externa,Mancuerna,"Cuádriceps, Glúteo mayor Tríceps, Deltoides posteriores",", TrapecioSagital otro cargado con una mancuerna en la posición de rack",Frontal,"Movimiento se inicia al sentar las caderas directamente sobre el medio pie, justo en o por debajo de 90 grados, el",https://www.youtube.com/watch?v=hUNe-VW0qgQ
Power Clean colgado con mancuerna a un brazo,hecho,Flexión,Explosividad,Mancuerna,"Erectores espinales, glúteos, isquiotibiales","cuádriceps, recto abdominal",Sagital,"Rodillas y llevando la mancuerna justo por debajo de la rodilla, poniéndose de pie agresivamente, saltando, El ,",https://www.youtube.com/watch?v=ZMtbbF7JwJo
Press,hecho,Flexión,Explosividad,Mancuerna,"Erectores espinales, isquiotibiales, Glúteos, deltoides anteriores cuádriceps, recto abdominal trapecio, tríceps,",,Sagital,"Las rodillas y llevando la mancuerna justo por debajo de la rodilla,",https://www.youtube.com/watch?v=rcvVDKj0g
Man Maker con mancuerna a un brazo,hecho,Complejo,Carga externa,Mancuerna,"Deltoides Cuádriceps, anteriores, recto abdominal pectorales, tríceps, glúteos","pantorrillas separados al ancho de las caderas, ambos brazos a los lados y una mancuerna en una",Sagital,"Manos al suelo debajo del pecho, realizando una flexión de brazos",https://www.youtube.com/watch?v=mQBTZT3Ajrg
Ajrg manos al suelo debajo del pecho,,Flexión,Carga externa,Mancuerna,"Cuádriceps, Deltoides anteriores, glúteos, isquiotibiales trapecio, pantorrillas, abdominales erectores espinales, transverso",,Sagital,Movimiento inicia bajando las caderas hacia atrás sobre los talones para aprox.,https://www.youtube.com/watch?v=uht
Power Clean + Jerk con mancuerna a una mano,hecho,Complejo,Explosividad,Mancuerna,"Erectores espinales, glúteos, , S Terrircaetupss","Recto Isquiotibiales, deltoides anteriores Abdominales, cuádriceps",Sagital,"Cadera con una ligera flexión de la rodilla, llevando la mancuerna hacia",https://www.youtube.com/watch?v=yiajgUypK2Y
Y en la cadera con una ligera,,Flexión,Carga externa,Mancuerna,"Deltoides anteriores, tríceps Trapecio, Anterior pectoral menor, serrat",o Sagital la apretando posición el de abdomen rack,Frontal,Terminando con el bíceps junto a la oreja y luego regresando a la posición de rack frontal posición,https://www.youtube.com/watch?v=5Yf-RXNjDK8
Remo prono con mancuerna a una mano,hecho,Jalar,Carga externa,Mancuerna,"Dorsal ancho, bíceps Serrato,",abdominal transverso,Sagital,Directamente debajo del hombro.,https://www.youtube.com/watch?v=4g4WOUm-tcc
Push Jerk con mancuerna a una mano,hecho,Empuje,Explosividad,Mancuerna,"Glúteos, isquiotibiales Tríceps,",deltoides anteriores,Frontal,Impulsando en extensión y regresando a la posición de potencia con ligera flexión en las rodillas mientras,https://www.youtube.com/watch?v=aTXDk8Uz7Dk
Push Jerk con mancuerna a una mano,hecho,Empuje,Explosividad,Mancuerna,"Glúteos, isquiotibiales Tríceps","deltoides anteriores Frontal posición. El movimiento inicia flexionando la cadera y la rodilla, https://www.youtube.com/watch?v=aTXDk8Uz7Dk impulsando en extensión y regresando a la posición de potencia con ligera flexión en las rodillas mientras El Push Press con mancuerna a una mano comienza de pie, con los pies al ancho de las caderas separados, peso en los talones y una mancuerna en la posición de rack frontal Push Press con mancuerna a una mano regrabar Empuje Carga externa Mancuerna Deltoides anteriores, tríceps Cuádriceps, Dorsal pantorrillas, dorsal ancho",Sagital,Impulsando en extensión y presionando la mancuerna por encima de la cabeza y,https://www.youtube.com/watch?v=2mFB6Jv3rWQ
Peso muerto rumano con mancuerna a una mano,hecho,Flexión,Carga externa,Mancuerna,"Glúteos, isquiotibiales, erectores de la columna Recto Deltoides,","abdominal, bíceps anterior",Sagital,Con una ligera flexión en las rodillas y llevando la mancuerna hacia el exterior,https://www.youtube.com/watch?v=wBRwoAJUX4Y
Y con una ligera,,Flexión,Carga externa,Mancuerna,"Dorsal ancho, bíceps, escápulas","palmar largo, braquiorradial",Sagital,"Mancuerna, retrayendo las escápulas y creando una espalda recta, espalda, t",https://www.youtube.com/watch?v=zt05bohmJYc
Thruster con mancuerna a una mano regrabar,,Complejo,Carga externa,Mancuerna,"Cuádriceps, glúteos, isquiotibiales,Tríceps, trapecio, recto Deltoides anteriores Abdominales",,Sagital,Azw y extendiendo las rodillas y caderas mientras se presiona la mancuerna sobreh,https://www.youtube.com/watch?v=5599O8M
Thruster con mancuerna a una mano regrabar,,Complejo,Carga externa,Mancuerna,"Cuádriceps, glúteos, isquiotibiales","Tríceps, trapecio, recto Deltoides anteriores Abdominales Sagital en sobre posición la mitad de del rack. pie, El hasta movimiento justo en inicia o por bajando debajo de las paralelo, caderas luego recto ponerse hacia abajo de pie https://www.youtube.com/watch?v=5599O8M\_Azw y extendiendo las rodillas y caderas mientras se presiona la mancuerna sobreh Remo vertical con mancuerna a una mano comienza de pie, con los pies al ancho de caderas, peso en los talones, ambos brazos a los lados y una Remo vertical con mancuerna a una mano regrabar Jalar Carga externa Mancuerna Trapecio, bíceps, dorsal ancho, core",Sagital,"Apretando el abdomen y glúteos, y llevando el codo alto y hacia afuera, terminando con la mancuerna justo a la altura del hombro o un poco más abajo,",https://www.youtube.com/watch?v=DXX3O9zSUtk
Remo vertical con mancuerna a una mano regrabar,,Jalar,Carga externa,Mancuerna,"Trapecio, bíceps","dorsal ancho, core Sagital mancuerna en una mano, con agarre prono. El movimiento iniciahttps://www.youtube.com/watch?v=DXX3O9zSUtk apretando el abdomen y glúteos, y llevando el codo alto y hacia afuera, terminando con la mancuerna justo a la altura del hombro o un poco más abajo, Rotación externa con codo en rodilla a una mano comienza sentado en un banco con la rodilla interna flexionada a aproximadamente 45 grados y el talón Rotación externa con codo en rodilla a una mano regrabar Jalar Carga externa Mancuerna Infraespinoso, deltoides anteriores Trapecio",Sagital,"Perpendicular sobre la rodilla, con una mancuerna ligera y agarre prono. El movimiento",https://www.youtube.com/watch?v=R9J4hyxxqC0
El movimiento,re-film,Una pierna,Carga externa,Kettlebell,"Cuádriceps, glúteos Gemelos, Dorso, erectores anterior de la columna, dorsal ancho",,Sagital,"HOCOv4 la rodilla y la cadera traseras a aproximadamente 90 grados, de pie a través de el Ejercicio Estado Patrón Tipo Implementación Principal Músculos Principales Trabajados Músculos Secundarios Trabajados Plano Explicación del Ejercicio URL de YouTube",https://www.youtube.com/watch?v=NI7d
El movimiento,re-film,Empujar,Carga externa,Mancuerna,"Pectoral Mayor, Deltoides Anteriores Trapecio, Tríceps",,Sagital,"MtuyrtNE una mancuerna apilada sobre el hombro, flexionada a aproximadamente 45 grados. El movimiento i",https://www.youtube.com/watch?v=pa
Single Arm Incline Dumbbell Prone Row,hecho,Jalar,Carga externa,Mancuerna,"Latissimus Dorsi, Bíceps Serrato,",Romboides,Sagital,Brazo de trabajo colgando justo por debajo del hombro sosteniendo una,https://www.youtube.com/watch?v=ysdfSZCfOO8
Single Arm Kettlebell Bench Press,re-film,Empujar,Carga externa,Kettlebell,"Pectoral Mayor, Tríceps Deltoides Anteriores",Anterior Deltoids,Sagital,"Movimiento comienza al presionar la pesa rusa horizontalmente, por encima del hombro hacia exte",https://www.youtube.com/watch?v=1-GAorjRlxg
Clean + Press con pesa rusa de una mano,hecho,Complejo,Carga externa,Pesa rusa,"Glúteos, Erector de la Columna, Isquiotibiales, Cuádriceps, Ante rRioerc c Sepesrratus tDuse lAtobdidosm,","iTnirsi,",Sagital,"Flexion de cadera con flexión suave de la rodilla, acercándose a la",https://www.youtube.com/watch?v=uNBizwaazCk
Clean y Push Press con pesa rusa de una mano,hecho,Complejo,Carga externa,Pesa rusa,"Glúteo mayor, Isquiotibiales, Deltoides medio Trapecio, Erector de l",a Espina,Sagital,"Inicia flexionando la cadera con flexión suave de la rodilla, buscando",https://www.youtube.com/watch?v=PSwmzX872QQ
Clean con pesa rusa de una mano desde el suelo,hecho,Doblar,Explosividad,Pesa rusa,"Erector de la Espina, Glúteos, Dorsal Ancho, Bíceps","Isquiotibiales, Deltoides anterior Cuádriceps a la anchura de las caderas y el peso en la mitad del pie, ambos brazos a los lados",Sagital,"Flexion de cadera con flexión suave de la rodilla, alcanzando la",https://www.youtube.com/watch?v=8eirc-XzXJw
Floor Press con pesa rusa de una mano,hecho,,Carga externa,Pesa rusa,"Pectorales, Deltoides anteriores, Tríceps Serrato, Bíceps",,Sagital,ZQyk flexionado aproximadamente a 90 grados.,https://www.youtube.com/watch?v=UhXuO
Front Rack Box Squat con pesa rusa de una mano,hecho,Sentadilla,Carga externa,Pesa rusa,"Cuádriceps, Glúteos Deltoides Erector Spinae","anterior, Recto Isquiotibiales, Sagital pies justo fuera de las caderas, peso en el talón hacia la mitad del pie, un brazo abajo al lado y el otro cargado en la posición de rack",Frontal,"Kettlebell, straddling la esquina de una caja preparada para hacer sentadillas hasta paralelas.",https://www.youtube.com/watch?v=MrPcBVpkXmo
Lunge,hecho,Una pierna,Carga externa,Kettlebell,"Cuádriceps, Glúteos, Anteriores Deltoides Flexores Abdominals de cadera","Isquiotibiales, Recto Sagital con los pies a la anchura de caderas, peso en el mediopié, un brazo abajo al lado y el otro cargado con un kettlebell en rack",Frontal,"Posición. El movimiento inicia dando un paso hacia atrás con el la pierna opuesta al lado que está cargado La sentadilla en pared con rack frontal de kettlebell de un solo brazo empieza sentándose contra la pared,",https://www.youtube.com/watch?v=10FM4Ano0Zo
Sentadilla en pared con rack frontal de kettlebell de un solo brazo,hecho,Sentadilla,Carga externa,Kettlebell,"Cuádriceps, Deltoides Glúteos, Anteriores Bíceps, Abdominale","s Isquiotibiales, Gemelos, Recto",Sagital,Parte superior de la espalda y la cabeza en contacto con la pared y un kettlebell cargado en,https://www.youtube.com/watch?v=lMHqu7Tj8MI
Single Arm Kettlebell Front Squat,hecho,Sentadilla,Carga externa,Kettlebell,"Cuádriceps, Trapecio, Glúteos Latísimo Dorsi, Isquiotibiales a la anchura de caderas","peso en el mediopié, un brazo abajo a un lado Sagital y el otro cargado con un kettlebell en la posición de rack",Frontal,Movimiento inicia al sentar las caderas rectas hacia abajo aproximadamente,https://www.youtube.com/watch?v=HSya3z4VuHc
Fila gorila con kettlebell de un solo brazo,hecho,,Carga externa,Kettlebell,"Latissimus Dorsi, Bíceps Erector Spinae, Glúteos",", Serratus",Sagital,Colgando debajo del hombro y una kettlebell entre el pies.,https://www.youtube.com/watch?v=rmBAeY0FnuE
Single Arm Kettlebell High Pull,hecho,Jalar,Carga externa,Kettlebell,"Erector Spinae, Glúteos, Trapecio Romboides, Rect","o Abdominal Bíceps, Isquiotibiales,",Sagital,"Posición, con las caderas abajo y el pecho arriba, agarrando la kettlebell con un agarre por encima, sosteniéndose a través de los talones y la mitad del pie, extendiendo el Ejercicio Estado Patrón Tipo Implementación Principal Músculos Principales Trabajados Músculos Secundarios Trabajados Plan Explicación del Ejercicio URL de YouTube",https://www.youtube.com/watch?v=DdEioQPV95Y
Press de Banca Inclinado con Kettlebell de un BRAZO,hecho,Empuje,Carga externa,Kettlebell,"Pectorales, Deltoides Anteriores, Tríceps Dorso ancho (Latíssimo) y Serjado","Latissimus Dorsi, Serratus",Sagital,"Cargado con un kettlebell apilado sobre el hombro, flexionado en",https://www.youtube.com/watch?v=FyOXeSIMHEk
El movimiento,hecho,Una pierna,Carga externa,Kettlebell,"Cuádriceps, Tríceps, Deltoides Glúteos, Anteriores Isquiotibiales, Tiroedctus Abdominis con los pies a la anchura de cadera, un brazo abajo junto al lado y el otro",,Sagital,"Movimiento se inicia al avanzar con una sola pierna, bajando la rodilla y la cadera traseras, flexionar La Estocada Inversa con Kettlebell sobre la cabeza comienza en posición erguida Estocada Inversa con Kettlebell sobre la cabeza hecha Una Pierna Carga Externa Kettlebell Cuádriceps, Tríceps, Deltoides Glúteos, Anteriores Isquiotibiales, tRoeidcstus Abdominis con los pies a la anchura de cadera, un brazo abajo al costado y el otro Sagital otra empuja el kettlebell hacia arriba, apilado verticalmente sobre el",https://www.youtube.com/watch?v=LMStE
Single Arm Kettlebell Overhead Reverse Lunge,,Flexionar,Carga externa,Kettlebell,"Cuádriceps, Tríceps, Deltoides Glúteos, Anteriores Isquiotibiales, tRoeidcstus Abdominis con los pies a la anchura de cadera",un brazo abajo al costado y el otro,Sagital,"Hombro. El movimiento se inicia al dar un paso hacia atrás, con el peso en la mitad del pie principal a un La sentadilla con kettlebell sobre la cabeza de un BRAZO comienza en posición erguida con los pies Sentadilla con Kettlebell sobre la cabeza de un BRAZO",https://www.youtube.com/watch?v=ISqPSQmGxIo
BRAZO,re-film,Sentadilla,Carga externa,Kettlebell,"Deltoides Anteriores, Trapecio, Cstarlivnegss, Cuádriceps, Glúteos, Isquiotibiale","s Tríceps Erector Spinae,",Sagital,Apilado verticalmente sobre el hombro.,https://www.youtube.com/watch?v=ttQsFYDLQO0
Single Arm Kettlebell Overhead Walking Lunge,,Una pierna,Carga externa,Kettlebell,"Cuádriceps, Tríceps, Deltoides Glúteos, Anteriores Isquiotibiales, Rectus Abdominis con los pies a la anchura de cadera","peso en la mitad del pie, un brazo abajo",Sagital,"Extensión, apilada verticalmente sobre el hombro. El movimiento inicia dando un paso hacia adelante, frente a",https://www.youtube.com/watch?v=HaVkueN5VXY
El movimiento,,Empuje,Carga externa,Kettlebell,"Deltoides Anteriores, Tríceps Trapecio, Anterior Pectoral Menor, Serrato Sagital sosteniendo inicia apretando la kettlebell el abdomen en la posición y los glúteos de rack y",,Frontal,"Etny2m79A por encima de la cabeza en extensión, terminando con la kettlebell apilada verticalmente sobre el",https://www.youtube.com/watch?v=P
Remo Prono con Kettlebell a un brazo,hecho,,Carga externa,Kettlebell,"Dorsal Ancho, Bíceps Serrato,",Romboides,Sagital,Kettlebell con agarre neutro.,https://www.youtube.com/watch?v=Te7vXrseCr4
La Sentadilla Búlgara con Kettlebell en Rack a un brazo,hecho,Una pierna,Carga externa,Kettlebell,"Cuádriceps, Abdominales Glúteos, Recto Erectores Espinales, Isquiotibiales",", Bíceps",Sagital,"Cadera, peso en la punta del pie, con una mano al lado",https://www.youtube.com/watch?v=yqTbtDUxXdQ
Kettlebell en Rack a un brazo de rodillas a de pie,hecho,Una pierna,Carga externa,Kettlebell,"Cuádriceps, Glúteos, Recto Abdominales Isquiotibiales, Deltoide","s Flexores de Cadera, Anterior",Sagital,Otro cargado en la posición de rack frontal con una kettlebell. El movimiento inicia dando un paso con una pierna,https://www.youtube.com/watch?v=wauT4lmZIHk
Single Arm Kettlebell Split Clean,hecho,Complejo,Carga externa,Kettlebell,"Erector de la columna, Isquiotibiales, Glúteos Cuádriceps, Deltoides anterio","r Recto Abdominis,",Sagital,"Caderas, con espalda recta y flexión suave de rodillas y alcanzando la",https://www.youtube.com/watch?v=Ei3Karf5efs
Press estricto de Kettlebell con un brazo,re-film,Empujar,Carga externa,Kettlebell,"Deltoides anteriores, Tríceps Trapecio, Deltoides posteriore",s Sagital otro sosteniendo la kettlebell en la posición de rack,Frontal,"Inicia apretando el estómago y glúteos y presionando la kettlebell de encima hacia la extensión, finalizando con la kettlebell apilada verticalmente",https://www.youtube.com/watch?v=353HiQKHZ4A
Peso Muerto de Maleta con un brazo,hecho,Doblar,Carga externa,Kettlebell,"Erector de la columna, glúteos, isquiotibiales, trapecio, abdomen transverso",,Sagital,"XbGY pie. El movimiento inicia impulsando a través de los talones, extendiendo las rodillas y caderas, El Sumo Deadlift High Pull con un solo brazo comienza de pie alto, con los pies separados a la anchura de cadera o un poco más allá, peso en los talones y un Sumo Deadlift High Pull con un solo brazo",https://www.youtube.com/watch?v=KPT8Qd
Sumo Deadlift High Pull con un solo brazo,hecho,Jalar,Carga externa,Kettlebell,"Erector de la columna, Glúteos, Isquiotibiales, Trapecio Bíceps, Latísim",o Dorsi,Sagital,"Pesa con un agarre por encima, de pie a través de los talones y la mitad pie,",https://www.youtube.com/watch?v=CaMfrijTp-0
Balanceo con Kettlebell de un solo brazo,hecho,Doblar,Explosividad,Kettlebell,"Glúteos, Isquiotibiales Trapecio, Latísim",o Dorsi,Sagital,"Inicia balanceando la kettlebell hacia la ingle, con una mano, impulsando a través de los talones, extendiendo t Ejercicio Estado Patrón Tipo Implementación principal Músculos principales trabajados Músculos secundarios trabajados Plano Explicación del ejercicio URL de YouTube",https://www.youtube.com/watch?v=vC3LMO3TTuQ
O3TTuQ,re-film,Complejo,Carga externa,Kettlebell,"Cuádriceps, Deltoides anteriores Glúteos, Isquiotibiales, Tríceps, Abdominale","s Trapecio, Recto Sagital otra el movimiento carga en la se posición inicia sentando de rack las",Frontal,"Del pie, a aproximadamente 90 grados o justo en paralelo o por debajo de él, luego impulsa a través",https://www.youtube.com/watch?v=5gvOrYp97xc
Press de mina con un brazo,hecho,Empuje,Carga externa,Barra,"Deltoides anteriores, Tríceps Recto abdominal, Serrato Sagital y la otra cargada con la cabeza de la barra en el rack",,Frontal,"IxPQ posición y la barra posicionada paralela al cuerpo, en la mina manga, o esquina del rack/pared",https://www.youtube.com/watch?v=nkgdbZ
Zancada inversa con mina de un brazo,re-film,Una pierna,Carga externa,Barra,"con mina Cuádriceps, Deltoides Glúteos, Anterior Gemelos","Psoas, Trapecio Sagital cadera a la anchura de la cadera, peso en el talón al mediopie, un brazo hacia abajo al lado y la otra cargada con la cabeza de la barra en el rack",Frontal,"Posición y la barra posicionada paralela al cuerpo, en la mina",https://www.youtube.com/watch?v=YbHpJbCV1G0
Despliegue de rodillo con mina de un brazo en empuje,hecho,Empuje,Peso corporal,Barra,"con mina Pectorales, Latísimo Deltoides del dorso anteriores, Tríceps, Recto Cuádriceps abdominal,","Glúteos,",Sagital,"Extensión debajo del pecho y hombro, con la otra mano",https://www.youtube.com/watch?v=d6CRlLmSsrE
Porteo por encima de la cabeza con un solo brazo,re-film,Locomoción,Carga externa,Kettlebell,"Cuádriceps, Trapecio Deltoides anteriores, Tríceps, Abdome",n Transverso,Sagital,"Movimiento se inicia al caminar en una línea recta, estilo cuerda floja, para la dis programación",https://www.youtube.com/watch?v=yfSIIj4Le9U
Zancada inversa unilateral con sobrecabeza,hecho,Una pierna,Carga externa,Mancuerna,"Cuádriceps, Glúteos, Anterior Deltoides, Tríceps Gemelos","Dorsal Erector de la columna, Latísimo Sagital con las caderas separadas, peso en el arco medio, un brazo hacia abajo junto al cuerpo y el otro cargado en la posición de rack",Frontal,"Movimiento se inicia al presionar la mancuerna por encima de la cabeza hacia la extensión,",https://www.youtube.com/watch?v=2K2Xxuf95Kw
Split Squat unilateral por encima de la cabeza,hecho,Una pierna,Carga externa,Mancuerna,"Cuádriceps, Tríceps, Anterior Glúteos, Del Isquiotibiales, Recto Abdominal un pie delante de la cadera","peso en el arco medio, y el otro",Sagital,Lado y el otro cargado en la posición de rack frontal con una mancuerna.,https://www.youtube.com/watch?v=6vAUEuDERyY
Extensión de tríceps por encima de la cabeza unilateral,hecho,Empuje,Carga externa,Mancuerna,"Tríceps Recto abdominal,",Glúteos,Frontal,Apilando verticalmente sobre el hombro.,https://www.youtube.com/watch?v=yYlxk67JAd4
Single Arm Overhead Walking Lunge,hecho,Empuje,Carga externa,Mancuerna,"Tríceps Recto abdominal, Glúteos Frontal y el otro cargado, presionando la mancuerna por encima de la cabeza hacia la extensión","https://www.youtube.com/watch?v=yYlxk67JAd4 apilando verticalmente sobre el hombro. El movimiento se inicia al flexionar el codo, y caiga La zancada al caminar con el brazo por encima de la cabeza comienza en posición erguida con los pies Zancada caminando con un brazo por encima de la cabeza refilm Una Pierna Carga Externa Kettlebell Glúteos, Cuádriceps, Anterior Trapecio, Gemelos, Recto Deltoides Abdóminis",Sagital,Verticalmente sobre el hombro.,https://www.youtube.com/watch?v=f6O1PYm5zdM
Pasivo de un solo brazo,re-film,Tirar,Peso corporal,Barra de dominadas,"Dorsal Ancho, Escápulas Palmar Largo, Braquiorradial",,Sagital,YBmxKg barra con el brazo opuesto.,https://www.youtube.com/watch?v=YTqL
GHD Curl Zottman de predicador de un solo brazo,hecho,Tirar,Carga externa,Mancuerna,"Bíceps Flexor Carpus Carpus Ulnaris, Radialis",", Pal Flexor",Múltiple,Muñeca mirando alejándose del cuerpo en la posición prona. El movimiento inicia flexionando th Ejercicio Estado Patrón Tipo Principal Implemento Músculos principales trabajados Músculos secundarios trabajados Plano Explicación del ejercicio URL de YouTube,https://www.youtube.com/watch?v=aZnMfjnX3AY
Single Arm Pulley Assisted Pull-Up,hecho,Jalar,Peso corporal,barra de dominadas,"Latísimos Dorsi, Bíceps, Oblicuos","Rectus Abdominis, Glutes, Quadriceps",Sagital,"Cuádriceps se inicia tirando hacia abajo activamente de la barra y del soporte de polea, impulsando los codos hacia abajo y b La Carry de un Brazo en Rack comienza en posición erguida, con los pies a la anchura de cadera separados, peso en la mitad del pie, un brazo hacia un lado para contrapeso Latissimus Dorsi, Anterior equilibrio y el otro cargado en la posición de rack frontal con un Carry de Rack de un Brazo",https://www.youtube.com/watch?v=VEiG3ZcGKBQ
Carry de un Brazo en Rack,re-film,Locomoción,Carga externa,Kettlebell,"Rectus Abdominis, Bíceps","Latissimus Dorsi, Anterior Deltoids, Trapezius",Sagital,"Deltoides, Trapezio kettlebell.",https://www.youtube.com/watch?v=ZVts0BTFtFk
Step-Up con Kettlebell en rack frontal de un brazo,hecho,Una pierna,Carga externa,Kettlebell,"Cuádriceps, glúteos, isquiotibiales Bíceps, Extensores de la muñec",a Sagital contrapeso y el otro cargado en la posición de rack,Frontal,"Kettlebell. El movimiento inicia al subirse a la caja, colocándose a aprox. 90° aproximadamente 90° Sentadilla dividida elevada de Pie trasero de un brazo inicia en una posición escalonada posición con la pierna que lleva delante de la cadera, la pierna de atrás elevada en el banco justo detrás de la cadera y ambos brazos a los lados con Sentadilla dividida elevada de pie trasero de un brazo",https://www.youtube.com/watch?v=fLUVSUIrDD4
Sentadilla dividida elevada de pie trasero de un brazo,re-film,Una pierna,Carga externa,Mancuerna,"Cuádriceps, glúteos, isquiotibialesTizones,","erector de la columna, psoas",Sagital,Mano opuesta a la pierna que trabaja sosteniendo una mancuerna en la neutral,https://www.youtube.com/watch?v=e3LUjppiy84
Fila Renegade con una mano,hecho,Jalar,Carga externa,Mancuerna,"Latissimus Dorsi, Biceps, Anterior Deltoids","Pecs, Rectus Abdominis, Transverse Abdominis",Sagital,"Deltoides Transverso del abdomen extensión, compactando la caja torácica a la pelvis y manteniendo una neutral",https://www.youtube.com/watch?v=-ycSEF-WhXo
Latísimo Ala invertida con una mano,hecho,Jalar,Carga externa,Mancuerna,"Serratos, Intercostales Transverso a las rodillas, paralela al banco,",con una mano apilada encima de la otra,,"Dorsi, Tríceps el banco para apoyo, y una mano sosteniendo una mancuerna ligera en el",https://www.youtube.com/watch?v=cnHE7zOrfX8
Peso muerto rumano con una mano,hecho,,Carga externa,Mancuerna,"Erector Spinae, Glúteos, Isquiotibiales","Transverso del abdomen, Trapecio",Sagital,"Manteniendo la espalda plana, con flexión suave de las rodillas, y alcanzando la",https://www.youtube.com/watch?v=svPewAavEHE
Peso muerto rumano con una mano,hecho,Flexión,Peso corporal,Cuerda,"Dorsal ancho, Bíceps","Palmaris Longus, Brachioradialis, Brachialis",Sagital,Braquial agarrar y la cuerda que corre linealmente al cuerpo.,https://www.youtube.com/watch?v=UxnHYzrc4gc
"Posterior Recto abdominal, Glúteos Fila de cable a un brazo sentado",hecho,Jalar,Carga externa,Cable,"Lattisimus Dorsi, Biceps, Rear Deltoid","Rectus Abdominis, Gluteus Maximus",Sagital,"Deltoides Maximus mano sosteniendo el cable en un agarre neutral, con el brazo extendido en",https://www.youtube.com/watch?v=mgpT36y1lFI
Single Arm Seated Dumbbell Press,hecho,Empuje,Carga externa,Mancuerna,"Deltoides laterales, tríceps Recto abdominal,",trapecios,Sagital,Cargado en la posición de rack frontal con una mancuerna en agarre neutro.,https://www.youtube.com/watch?v=U9nVlxhe5jk
Press de Mancuerna Sentado con un Brazo,hecho,Empuje,Carga externa,Mancuerna,"Deltoides laterales, tríceps Recto abdominal, trapecios Sagital columna","un brazo hacia abajo al costado o apoyando la línea media, y el otrohttps://www.youtube.com/watch?v=U9nVlxhe5jk cargado en la posición de rack frontal con una mancuerna en agarre neutro. El movimiento inicia al contraer El Press de Hombro con Mancuerna Sentado con un Brazo comienza sentado en un banco a aproximadamente 90 grados, con ambos talones en el suelo, columna vertical Deltoides anteriores, deltoides medios, Press de Hombro con Mancuerna Sentado con un Brazohecho Empuje Carga externa Mancuerna Serrato",Frontal,Tríceps cargado en la posición de rack frontal con una mancuerna en posición prono.,https://www.youtube.com/watch?v=RZqbq6qnqmo
Press Sentado con un Brazo,hecho,Empuje,Carga externa,Mancuerna,"Deltoides anteriores, tríceps Sagital al costado o apoyando la línea media,",y el otro cargado en el rack,Frontal,Anterior posición de rack con una mancuerna en agarre neutro. El movimiento inicia al contraer el core,https://www.youtube.com/watch?v=eP1dH7AadBk
Press Sentado con un Brazo,hecho,Empuje,Carga externa,Mancuerna,"Deltoides anteriores, tríceps Sagital al costado o apoyando la línea media","y el otro cargado en el rack frontal https://www.youtube.com/watch?v=eP1dH7AadBk Anterior posición de rack con una mancuerna en agarre neutro. El movimiento inicia al contraer el core El Remo Sentado con un Brazo comienza sentado en un banco, con las piernas al frente de el cuerpo, rodillas flexionadas a aproximadamente 45 grados, empujando a través de Remo Sentado con un Brazo regrabar Jalar Carga externa Máquina Dorsal ancho, bíceps Escápulas, trapecio, cuádriceps",Sagital,"Otro lado, y el otro sujetando el cable con agarre neutro, en",https://www.youtube.com/watch?v=mstC6eav7YY
Single Arm Single Leg Glute Bridge Dumbbell Bench Press,hecho,Empuje,Carga externa,Mancuerna,"Pecs, Transverse Abdominis, Triceps, Anterior Deltoid","sGlutes, Hamstrings, Rectus Abdominis",Sagital,"Press de banca Tríceps, Deltoides anterior Abdominis posición neutra, apilado sobre el hombro, flexionado aproximadamente a 90",https://www.youtube.com/watch?v=83pkcGO4xDI
Single Arm Single Leg Glute Bridge Floor Press,hecho,Empuje,Carga externa,Mancuerna,"Sagital brazo extendido a un lado y el otro cargado con una mancuerna en el https://www.youtube.com/watch?v=83pkcGO4xDI Press de banca Tríceps, Deltoides anterior Abdominis posición neutra, apilado sobre el hombro","flexionado aproximadamente a 90 grados. El movimiento inicia Puente de glúteos en suelo con un solo brazo y una pierna comienza con el hombros y talones en el suelo, un brazo fuera a un lado y el Glúteos, Isquiotibiales, Recto Puente de glúteos en suelo con un solo brazo y una pierna ejecutado Empuje Carga externa Kettlebell Pectorales, Tríceps, Deltoides anteriores",Sagital,"Abdominis apalillado sobre el hombro, flexionado a aproximadamente 90 grados. El movimiento se inicia al impulsar las caderas",https://www.youtube.com/watch?v=FKvhGOi-2Q4
Power Clean con zancada unilateral,hecho,Doblar,Explosividad,Mancuerna,"Erector de la espina, glúteos, isquiotibiales","Deltoides anteriores, Bíceps",Sagital,"Inicia flexionando a las caderas, con una ligera flexión de rodillas, manteniendo",https://www.youtube.com/watch?v=a7gWHHajbZE
Paso de un solo brazo,re-film,Una pierna,Carga externa,Kettlebell,"Cuádriceps, Glúteos, Isquiotibiales Gemelos,",Dorsal ancho,Sagital,"Kettlebell. El movimiento inicia al subir a la caja, manteniendo el peso en la mitad del pie leading, torso alto, y extendiendo la rodilla La Remada con Mancuerna Supinada de un solo brazo inicia con la configuración en un banco para soporte, con la espalda plana, una pierna recta con el talón dentro de Remada con Mancuerna Supinada de un solo brazo",https://www.youtube.com/watch?v=r40QSRVPspI
Remada con Mancuerna Supinada de un solo brazo,hecho,Jalar,Carga externa,Mancuerna,"Dorsal ancho, Bíceps Serratus",Serratus,Sagital,Mano como la rodilla que está apoyada en contacto con el banco y la,https://www.youtube.com/watch?v=36cUk2ISE8Q
Sostén de Dominadas Supinadas de Un Brazo,hecho,Jalar,Peso corporal,Barra de dominadas,"Latísimo dorsal, Bíceps, Oblicuos",,Sagital,"KPk Glúteos omóplatos, tirando de los lats hacia abajo y hacia atrás, tirando hacia abajo activamente",https://www.youtube.com/watch?v=fPaBv0k
Arnold con Mancuerna de Una Brazo en Rodillas Altas,hecho,Empujar,Carga externa,Mancuerna,"Deltoides, Recto Abdominal Flexores de cadera, Trapecio",", Romboides Sagital a un lado y la otra cargada en la posición de rack",Frontal,Prensa mancuerna en un agarre supinado (la muñeca mirando al cuerpo). El movimiento inicia al preparar el c,https://www.youtube.com/watch?v=xUjN7zjubtQ
Single Arm Trap 3 Raise,hecho,Jalar,Carga externa,Mancuerna,"Trapecio, Deltoides anteriores Escápulas Transverso",Scapulars,,"Colgando en extensión justo debajo del hombro. El movimiento inicia retrayendo la escápula y tirando de la mancuerna, con el brazo",https://www.youtube.com/watch?v=bB2kbVG-s-g
Single Arm Turkish Sit-Up,hecho,Núcleo,Carga externa,Kettlebell,"Deltoides anteriores, Tríceps","Anterior Deltoids, Triceps",Sagital,"Oblicuos el movimiento inicia al flexionarse en la cintura, manteniendo la kettlebell sobre el centro de gravedad, y La elevación vertical con un solo brazo comienza de pie alto con los pies a la anchura de las caderas separados, peso en los talones, ambos brazos hacia abajo a un lado con una mano sosteniendo una mancuerna en posición prona (muñeca mirando al cuerpo). El Row de Brazo Único hacia Arriba",https://www.youtube.com/watch?v=utuBb9MM4fI
El Row de Brazo Único hacia Arriba,re-film,Jalar,Carga externa,Mancuerna,"Bíceps, Latísimo Dorso Trapecio",Trapezius,Sagital,"Movimiento inicia al preparar el core, empujando el codo hacia arriba y",https://www.youtube.com/watch?v=RK8gswWipG8
Externo Zancada caminando con un solo brazo,hecho,Una pierna,Carga externa,Kettlebell,"Cuádriceps, Glúteos, Isquiotibiales","Rectus Abdominis, External Obliques",Sagital,"Oblicuos hacia adelante, manteniendo el peso en la parte media del pie, flexionando la parte frontal rodilla en 90 grados, dro Ejercicio Estado Patrón Tipo Implementación principal Músculos principales trabajados Músculos secundarios trabajados Plano Explicación del ejercicio URL de YouTube",https://www.youtube.com/watch?v=5bh8h2pbKtg
Zancada de caminar con un brazo por encima de la cabeza,hecho,Una pierna,Carga externa,Mancuerna,"Cuádriceps, Tríceps, Deltoides Glúteos, anterior Isquiotibiales, Recto Oblicuos Abdominal","Externo Sagital a la anchura de las caderas, peso en el talón hacia la media planta, un brazo abajo junto a la lateral y la otra con una pesa rusa cargada en la posición de rack",Frontal,"Movimiento se inicia presionando la pesa rusa por encima de la cabeza hacia arriba extensión, apilado verticalmente o Curl de Zottman con un solo brazo comienza en posición de pie erguido, con la anchura de cadera de los pies separados, peso en el talón, ambos brazos hacia abajo a los lados con una mancuerna Curl de Zottman con un solo brazo",https://www.youtube.com/watch?v=Gs6Z-Wm8FvQ
Curl de Zottman con un solo brazo,hecho,Jalar,Carga externa,Mancuerna,"Bíceps, Braquial Braquiorradial",Brachioradialis,Múltiple,"Movimiento inicia flexionando la mancuerna hacia el hombro, flexionando en el codo y apretando",https://www.youtube.com/watch?v=6TsV5wpNs7c
Invertida de una mano,hecho,Jalar,Peso corporal,Barra de dominadas,"Dorsal ancho, Romboides, Glúteos, Erector de la columna, Bíceps",", Recto Abdominal Cuádriceps",Sagital,"Dedos altos, mientras se rota el cuerpo hacia atrás y hacia abajo, terminando de cabeza abajo",https://www.youtube.com/watch?v=pOCzSQ1WbHA
Flexión de brazos con mancuerna de agarre cerrado,hecho,Empujar,Peso corporal,Mancuerna,"Pectorales, Recto abdominal Deltoides anterior, Tríceps, Glúteos","Cuádriceps apoyado hacia abajo) con una mancuerna debajo del pecho, las piernas en extensión",Sagital,Del mango de la mancuerna en un agarre cerrado (más estrecho que el ancho de hombros). El movimiento inicia flexionando,https://www.youtube.com/watch?v=2cE4oUxMwf8
Press de piso declinado con mancuerna,hecho,Empuje,Carga externa,Mancuerna,"Pectorales, Deltoides anteriores, Tríceps Glúteos,",Erectores espinales,Sagital,Centro del pecho.,https://www.youtube.com/watch?v=hpX0XXtcqm0
Single Dumbbell Seated Press,hecho,Empuje,Carga externa,Mancuerna,"Pectorales, Deltoides anteriores","Tríceps Glúteos, Erectores espinales Sagital (caderas extendidas), con una sola mancuerna, sostenida por ambas cabezas, en el https://www.youtube.com/watch?v=hpX0XXtcqm0 centro del pecho. El movimiento inicia presionando la mancuerna horizontalmente sobre el pecho, El Press Sentado con Mancuerna comienza sentado perpendicular en un banco, con ambas rodillas flexionadas a aproximadamente 90 grados, talones planos en el Press Sentado con Mancuerna regrabar Empuje Carga Externa Mancuerna Deltoides anteriores, Tríceps Trapecio, Anterior Pectoral menor, Serrato Sagital suelo, columna vertical, un brazo hacia el lado para contrapeso el otro cargado con una mancuerna en la posición de rack",Frontal,"Agarre neutro. El movimiento inicia presionando la mancuerna por encima de la cabeza El Curl de Bíceps con Kettlebell comienza de pie, con los pies al ancho de las caderas separados, peso en los talones, sosteniendo una mancuerna frente al Curl de Bíceps con Kettlebell",https://www.youtube.com/watch?v=KnGdVtHPFK8
Curl de Bíceps con Kettlebell,hecho,,Carga externa,Kettlebell,"Bíceps, Braquial Tríceps",Triceps,Sagital,Agarre neutro y la cabeza de la kettlebell mirando hacia afuera.,https://www.youtube.com/watch?v=6Ak9lUPeMxo
Curl Martillo con Kettlebell,hecho,,Carga externa,Kettlebell,"Bíceps, Braquial Tríceps",Triceps,Sagital,Agarre neutro.,https://www.youtube.com/watch?v=l2tQKh1P8KI
Hang Clean con Kettlebell,hecho,Flexión,Explosividad,Kettlebell,"Erectores espinales, Glúteos, Isquiotibiales, Trapecio separados","peso en el talón hasta la mitad del pie, ambos brazos hacia abajo al lado del Cuádriceps, Deltoides anteriores",Sagital,"Llevando la kettlebell entre las piernas, en la parte alta de la ingle,",https://www.youtube.com/watch?v=IbUVXWsNCb4
Push Up con Kettlebell,hecho,Empuje,Peso corporal,Kettlebell,"Pectorales, Recto abdominal Deltoides anteriores, Tríceps, Cuádriceps","glúteos extendidos debajo del pecho y el hombro, apilados en un agarre cerrado,",Sagital,Parte delantera del pie y la columna neutra.,https://www.youtube.com/watch?v=03FS1YOetXA
Peso muerto rumano con una sola kettlebell,hecho,Flexión,Carga externa,Kettlebell,"Erectores espinales, glúteos, isquiotibiales",trapecio,Sagital,"Inicia con una bisagra en las caderas, con ligera flexión en las rodillas, manteniendo el peso en el talón y re",https://www.youtube.com/watch?v=oCya8OXtxio
Equilibrio a una pierna con inclinación hacia adelante,hecho,Flexión,Peso corporal,Ninguno,"Isquiotibiales, glúteos, erectores espinales","recto abdominal, pantorrillas",Sagital,"Inclinación hacia adelante, aproximadamente a 45 grados, manteniendo un pie en contacto con el suelo, peso en t",https://www.youtube.com/watch?v=5xWMjowCBdk
Empuje de cadera a una pierna con banda,hecho,Flexión,Carga externa,Banda,"Glúteos, isquiotibiales, erectores espinales","cuádriceps Sagital talones en el suelo, caderas al ancho, colocado dentro de una jaula de sentadillas, con una banda sujeta a los pasadores en la posición más baja, colocada sobre la cadera. El movimiento inicia empujando El empuje de cadera a una pierna con barra comienza con los hombros elevados perpendicular en un banco, rodillas flexionadas a aproximadamente 90 grados, Empuje de cadera a una pierna con barra regrabar Flexión Carga externa Barra Glúteos, cuádriceps, isquiotibialesErectores espinales, pantorrillas",Sagital,"Movimiento inicia elevando un pie y extendiendo la pierna,",https://www.youtube.com/watch?v=oipFqptnLC4
Salto de caja con una pierna,re-film,Una pierna,Explosividad,Plyo,"Box Cuádriceps, glúteos Isquiotibiales,",pantorrillas,Sagital,"Cuerpo, levantando los brazos, flexionando las caderas con una ligera flexión para la rodilla, extendiendo a través de las caderas y la rodilla, y saltando sobre la Ejercicio Estado Patrón Tipo Implementación Principal Músculos Principales Trabajados Músculos Secundarios Trabajados Plano Explicación del Ejercicio URL de YouTube",https://www.youtube.com/watch?v=DUOv1ZcndWo
Single Leg Broad Jump,hecho,Una pierna,Explosividad,Ninguno,"Cuádriceps, Calfos Glúteos, Isquiotibiales, Recto Abdominal, Erector de l",a Espina,Sagital,"Peso a través del centro del pie de trabajo, con una ligera bisagra en",https://www.youtube.com/watch?v=1mc85vCPJpU
Kickback de Cable en una Pierna,hecho,Una pierna,Carga externa,Cable,"Glúteos, Isquiotibiales Cuádriceps,",Gemelos,Sagital,"Cadera, con flexión suave en la rodilla y la otra elevada, con la",https://www.youtube.com/watch?v=iDpJ7FMiFag
Elevación de Gemelos en una Pierna,hecho,Una pierna,Peso corporal,Ninguno,"Gemelos, Flexores del Tobillo Glúteos, Recto Abdominal",,Sagital,"Movimiento se inicia al levantar un pie del suelo, extendingiendo en el tobillo sobre la bola del pie",https://www.youtube.com/watch?v=uRyk
Peso Muerto a Una Pierna con Remo con Banda,hecho,Complejo,Carga externa,Bandas,"Latísimo Dorsi, Glúteos, Bíceps, flexores de cadera, cuádriceps",,Sagital,YqA hacia abajo al costado y el otro extendiéndose al frente del cuerpo para el,https://www.youtube.com/watch?v=Y6
Peso muerto a una pierna con subida,hecho,Una pierna,Peso corporal,Caja pliométrica,"Erectores de la columna, glúteos, Isquiotibiales, cuádriceps debajo de las caderas, peso en la parte media del pie y ambos brazos hacia abajo a los lados Flexores de cadera, recto abdominal",,Sagital,"Una pierna, llevando el talón hacia atrás detrás del cuerpo, flexionando en",https://www.youtube.com/watch?v=kyU0E39d
Peso muerto a una pierna con apoyo de mano,hecho,Flexión,Peso corporal,Ninguno,"Glúteos, isquiotibiales Recto abdominal",,Sagital,YYMQQ sosteniendo el rack para apoyo.,https://www.youtube.com/watch?v=-TjbO
Peso muerto a una pierna con rotación,hecho,Una pierna,Peso corporal,Ninguno,"Glúteo mayor, isquiotibiales Oblicuos Abdominales","externos, recto anterior transverso Transverso debajo de las caderas, peso en la parte media del pie y ambos brazos hacia abajo a los lados al costado. El movimiento inicia elevando una pierna, flexionando en la",,"Caderas, con ligera flexión en la rodilla y llevando el pie hacia atrás detrás",https://www.youtube.com/watch?v=xXFPlfVNy84
Puente de glúteo declinado a una pierna con mancuernas Press de banca,hecho,Empuje,Carga externa,Mancuerna,"Pectorales, Glúteos deltoides anteriores, tríceps,Transverso Erectores de la columna abdominal,","isquiotibiales,",Sagital,"Par de mancuernas en posición neutral, con los codos flexionados a",https://www.youtube.com/watch?v=dabSTvtPjko
Hip thrust a una pierna con déficit y mancuernas,hecho,Flexión,Carga externa,Mancuerna,"Glúteos, isquiotibiales, erectores de la columna",transverso del abdomen,Sagital,"Inicia extendiendo una pierna, elevando las caderas hacia el puente",https://www.youtube.com/watch?v=CDGIhreWKIk
Peso muerto rumano a una pierna con déficit y barra landmine,realizado,Flexión,Carga externa,Barra landmine,"Erectores de la columna, glúteos, isquiotibiales",transverso del abdomen,Sagital,"Soporte landmine, perpendicular al cuerpo, sujetando la cabeza de la barra con la mano interna",https://www.youtube.com/watch?v=x0USXaITzik
Caída de profundidad a una pierna,realizado,Una pierna,Peso corporal,Caja pliométrica,"Glúteos, isquiotibiales, cuádricepsPantorrillas",Calves,Sagital,"Una sola pierna, en posición atlética (peso en la parte media del pie, caderas hacia atrás y abajo, ligera flexión",https://www.youtube.com/watch?v=PdvLilSjKzM
Salto de profundidad a una pierna,realizado,Una pierna,Explosividad,Caja pliométrica,"Glúteos, isquiotibiales, cuádricepsPantorrillas",Calves,Sagital,"Sobre una sola pierna, en posición atlética (peso en la parte media del pie, caderas hacia atrás y abajo, ligera flexión",https://www.youtube.com/watch?v=0XSOjnaZ8-4
Single Leg Dumbbell RDL,realizado,Flexión,Carga externa,Mancuerna,"Glúteos, erectores de la columna, isquiotibiales","trapecio, transverso del abdomen",Sagital,Inicia elevando un pie y llevando el talón hacia atrás detrás del,https://www.youtube.com/watch?v=HQiWAgOpMb8
Elevación excéntrica de pantorrilla a una pierna,realizado,Una pierna,Peso corporal,Disco,"Gastrocnemio, sóleo Tibial",Tibialis,Sagital,"Por encima de la altura de los hombros, sujetándose al rack para apoyo.",https://www.youtube.com/watch?v=fZXyKf5D6tQ
Puente de codo de una pierna,re-film,Doblar,Peso corporal,Ninguno,"Erector Spinae, T-Spine, Rectus Abdominis","Calves, Quadriceps, Glutes, Hamstrings",Sagital,Abdominales Isquiotibiales junto a las orejas.,https://www.youtube.com/watch?v=rPtcawtvPX0
Puente de glúteos con pies elevados de una pierna,hecho,Una pierna,Peso corporal,Caja pliométrica,"Glúteos, Isquiotibiales Cuádriceps, Rect",o Abdominis,Sagital,Cruzado sobre el pecho.,https://www.youtube.com/watch?v=-mYkhSf2tps
Extensión de cadera GHD de una pierna,re-film,Una pierna,Peso corporal,GHD,"Erector Spinae, Glúteos Isquiotibiales",Hamstrings,Sagital,Brazos cruzados sobre el pecho y espalda plana.,https://www.youtube.com/watch?v=j6sQlDcEBuo
Puente de glúteos de una pierna,re-film,Una pierna,Peso corporal,Ninguno,"Glúteos, Isquiotibiales Erector Spinae, Gemelos",", Cuádriceps",Sagital,"Extender una pierna, impulsar las caderas en extensión y mantener durante el tiempo prescrito.",https://www.youtube.com/watch?v=V1SRy5CcIbA
Puente de glúteos de una pierna sobre rodillo de espuma,hecho,Una pierna,Peso corporal,Rodillo de espuma,"Glúteo mayor, isquiotibiales Flexores de la cadera,",Recto abdominal,Sagital,"Movimiento se inicia extending una pierna, impulsando las caderas hacia extensión y manteniéndose para la prescr",https://www.youtube.com/watch?v=nfSSFHtQ4BU
Levantamiento único de glúteos-isquiotibiales,re-film,Pierna única,Peso corporal,GHD,"Isquiotibiales, glúteos Erector de la columna,",pantorrillas,Sagital,Cruzado sobre el pecho.,https://www.youtube.com/watch?v=nHC1GHxAOBE
RDL con mancuerna de una pierna con soporte de la mano,hecho,Pierna única,Carga externa,Mancuerna,"Erector de la columna, glúteos, isquiotibiales, trapecio",,Sagital,"MuhM en la mitad del pie, y la mano externa hacia abajo junto al costado, sosteniendo una mancuerna en un agarre por encima. El",https://www.youtube.com/watch?v=Fmhup6
RDL con pesa rusa de una pierna con soporte de la mano,hecho,Pierna única,Carga externa,Pesa rusa,"Erector de la columna, glúteos, isquiotibiales",trapecio,Sagital,"Mitad del pie, y la mano externa hacia abajo junto al costado, sosteniendo una",https://www.youtube.com/watch?v=x8UkNufa7x0
Movimiento de extensión de cadera en una pierna,re-film,Una pierna,Peso corporal,Ninguno,"Cuádriceps, Glúteos, Isquiotibiales Erectores de la columna,",Pantorrillas,Sagital,"Extender una pierna, empujando las caderas hacia la extensión, apretando los glúteos,",https://www.youtube.com/watch?v=SHnPCsgWnuc
Sentadilla rumana con kettlebell de una pierna,re-film,Una pierna,Carga externa,Kettlebell,"Isquiotibiales, Erector de la columna, Glúteos","Quadriceps, Latissimus Dorsi, Trapezius",Sagital,Trapecio trabajando.,https://www.youtube.com/watch?v=FFyNcvirQXg
Puente de glúteos con kettlebell de una pierna,hecho,Una pierna,Carga externa,Kettlebell,"Erector de la columna, Glúteos, Isquiotibiales",Recto Abdominis,Sagital,"Las caderas. El movimiento se inicia al extender una pierna, empujando las caderas hacia la extensión, comprimiendo La sentadilla rumana con kettlebell de una pierna comienza de pie alto con ambos pies debajo de las caderas, peso en la mitad del pie y ambos brazos hacia abajo Oblicuos externos, Transverso Sentadilla rumana con kettlebell de una pierna",https://www.youtube.com/watch?v=8uBOg6s8J00
Transverso Sentadilla rumana con kettlebell de una pierna,hecho,Una pierna,Carga externa,Kettlebell,"Isquiotibiales, Glúteo mayor","External Obliques, Transverse Abdominis, Rectus A",Sagital,"Abdomen, Recto A inicia elevando una pierna y llevando el talón hacia atrás detrás del cuerpo, flexionando las caderas El impulso de cadera con landmine de una pierna empieza perpendicular a una barra de landmine colocado en la cadera, hombros elevados perpendicularmente en un banco, rodillas Implante de cadera con landmine de una pierna",https://www.youtube.com/watch?v=1bAi304kd7s
Implante de cadera con landmine de una pierna,hecho,Una pierna,Carga externa,Barra Landmine,"Glúteos, erectores de la columna, isquiotibiales, pantorrillas",,Sagital,"Movimiento se inicia elevando el pie más alejado de la landmine configuración, extendiendo la rodilla, Ejercicio Estado Patrón Tipo Implementación Principal Músculos Primarios Trabajados Músculos Secundarios Trabajados Plano Explicación del Ejercicio URL de YouTube",https://www.youtube.com/watch?v=ag2AYbN
Peso muerto rumano en barra Landmine con una pierna,hecho,Una pierna,Carga externa,Barra Landmine,"Glúteos, Erector de la columna, Isquiotibiales",Recto abdominal,Sagital,Cabeza de la barra con la mano interna en un agarre por encima.,https://www.youtube.com/watch?v=iRUY1g7CSpo
El Salto lateral de una pierna,hecho,Una pierna,Peso corporal,Ninguno,"Glúteos, Gemelos, Cuádriceps Isquiotibiales,",Oblicuos,Frontal,"Laterales, manteniéndose bajo cerca del suelo y aterrizando en el pie opuesto en una posición atlética (peso thr",https://www.youtube.com/watch?v=unHU0qFUSyg
Paso hacia abajo y arriba con una pierna,re-film,Una pierna,Peso corporal,Caja de pliometría,"Cuádriceps, Glúteos, Isquiotibiales Gastronemios,",Erector de la columna,Sagital,"Movimiento inicia flexionando la rodilla de la pierna de trabajo, manteniendo el peso a través del centro de la",https://www.youtube.com/watch?v=unjKY4li1Kc
Extensión de pierna de una pierna en Reverse Hyper,hecho,Una pierna,Carga externa,Reverse,Hyper Cuádriceps Flexores de cadera,Hip Flexors,Sagital,"Extender la pierna única, apretar el cuádriceps y hacer una pausa en la posición extendida, luego regresar",https://www.youtube.com/watch?v=UuFa4wqTrbY
Prensa de Pierna en una Pierna,hecho,Una pierna,Carga externa,Prensa,"de Piernas Cuádriceps Isquiotibiales, Gemelos",,Sagital,"Eqyjzm0 el movimiento se inicia girando los mangos hacia fuera, para liberar la carga, flexionando la rodilla y controlando",https://www.youtube.com/watch?v=2qM
Curl de isquiotibiales con balón medicinal para una pierna,hecho,Una pierna,Peso corporal,Balón medicinal,"Isquiotibiales, glúteos, erectores de la columna",cuádriceps,Sagital,"Movimiento se inicia levantando una pierna del balón, flexionando la rodilla de la pierna de trabajo, cu",https://www.youtube.com/watch?v=zDZ71-VVbdA
Palanca corporal negativa de una pierna,hecho,Núcleo,Peso corporal,Barra,"anclada Recto abdominal, flexores de cadera, Glúteos, Cuádriceps Serratos,",dorsal ancho,Sagital,"Movimiento se inicia metiendo las rodillas al pecho, extendiendo las",https://www.youtube.com/watch?v=ZLPYW5I8eUc
Prensa Pallof de una pierna,hecho,Empujar,Carga externa,Cables,"Pectorales, Deltoides anteriores, Tríceps Recto Abdóminals, abdominal, glúteos Transverso",,Sagital,"Movimiento se inicia al contraer el core, elevando la pierna interna, empujando el cable hacia afuera La L-Sit en una pierna con paralelas comienza arrodillándose entre las paralelas barras colocadas justo debajo de los hombros, manos sobre las barras L-Sit en una pierna con paralelas volver a filmar Núcleo Peso corporal Paralelas Recto abdominal, tríceps Flexores de cadera, deltoides anteriores Sagital en extender un agarre el codo, neutro apretar con el el tríceps, codo flexionado. presionando El movimiento en la parte superior se inicia de por la serie",https://www.youtube.com/watch?v=oLv
"://www.youtube.com/watch?v=oLv\_M4Gg7q8 El , movimiento se inicia al contraer el",,Core,Peso corporal,Paralelas,"Recto abdominal, tríceps Flexores de cadera,",deltoides anteriores,Sagital,"Posición de flexión, metiendo las rodillas al pecho y extendiendo una sola leEl curl de isquiotibiales en posición prona comienza acostado boca abajo sobre el isquiotibial",https://www.youtube.com/watch?v=ZZ2YxGlmY8U
Single Leg RDL Hold Kettlebell Swap,hecho,Una pierna,Carga externa,Kettlebell,"Glúteos, Erectores espinales Isquiotibiales, Trapecio",", Romboides",Sagital,"Elevando un pie, llevando el talón hacia atrás del cuerpo, doblando en",https://www.youtube.com/watch?v=RK5LiICAuI0
Estiramiento de isquiotibiales sentado con una pierna,hecho,Una pierna,Estabilidad,Caja pliométrica,Isquiotibiales Erectores espinales,Erector Spinae,Sagital,"Extendiendo una pierna delante de la caja, flexionando el pie para que el dedos apuntan hacia arriba hacia el",https://www.youtube.com/watch?v=I-nhmnzTJn0
Extensión de la pierna sentado con una pierna,re-film,Una pierna,Carga externa,Máquina,Cuádriceps Flexores de cadera,Hip Flexors,Sagital,Costado sosteniendo las asas.,https://www.youtube.com/watch?v=5j5nnaRpslk
El movimiento,hecho,Doblar,Peso corporal,Caja,"Plyo Glúteos, isquiotibiales, flexores de caderaRecto abdominal, erectores espinales",,Sagital,UiAFtXqjo,https://www.youtube.com/watch?v=o
El Saltos de sentadilla con una pierna,hecho,Una pierna,Explosividad,Ninguno,"Cuádriceps, glúteos, isquiotibialesFlexores de cadera",Hip Flexors,Sagital,"Hacia atrás del cuerpo, articulándose en las caderas, flexionando la rodilla hasta aproximadamente 45 grados, alcanzando op",https://www.youtube.com/watch?v=aGU5BBQ0LiQ
Sentadilla en una pierna a la caja,hecho,Una pierna,Peso corporal,Caja,"Plyo Glúteo mayor, isquiotibiales Cuádriceps,",erectores espinales,Sagital,"Hacia la caja, manteniendo el peso en la parte media de la pie, s",https://www.youtube.com/watch?v=c6aHletfv9c
Curl de pierna de pie con cable de una pierna,hecho,Una pierna,Carga externa,Cable,"Isquiotibiales, Glúteos Erector de la columna,",flexores de cadera,Sagital,"Máquina para soporte, y el cable ajustado a la configuración baja, fijado en un tobillo. El movimiento",https://www.youtube.com/watch?v=42sOVeN3J1E
Single Leg Suitcase Deadlift,re-film,Una pierna,Carga externa,Kettlebell,"Isquiotibiales, Erector de la columna, Glúteos","Cuádriceps, Latísimo del dorso",Sagital,"Talón atrás detrás del cuerpo, flexionando en la cadera, con flexión suave en el la rodilla, espalda fla",https://www.youtube.com/watch?v=h8KZJKXm6xA
Puente de mesa de una pierna,hecho,Doblar,Peso corporal,Ninguno,"Tríceps, Bíceps Glúteos, Deltoides medios, Pectorales, Deltoides",", Romboides Recto abdominal. Anterior",Sagital,"Rodilla flexionada con el talón en el suelo, la otra rodilla flexionada con el",https://www.youtube.com/watch?v=umo4G4BjYWw
Barra de toe a barra de una pierna,hecho,Core,Peso corporal,Barra de dominadas,"Recto abdominal, flexores de cadera Transverso del abdomen Transverso del lado. El movimiento inicia al alcanzar el brazo y extender",Transverse Abdominis,,Por encima con un agarre en pronación justo fuera del hombro y,https://www.youtube.com/watch?v=J07Fg-tpUgA
Curl de isquiotibiales con toalla de una pierna,hecho,Una pierna,Peso corporal,Deslizador,Isquiotibiales Glúteos,Glutes,Sagital,"Inicia extendiendo una pierna, impulsando las caderas en extensión, luego",https://www.youtube.com/watch?v=HI3Bb1SAru8
V-Up de una pierna,hecho,Núcleo,Peso corporal,Ninguno,"Recto abdominal Flexores de cadera, isquiotibiales",", Cuádriceps Transverso El movimiento comienza manteniendo la espalda plana e inclinándose a través de",,"Cadera, empujando el pecho hacia arriba, extendiendo las manos hacia delante de la",https://www.youtube.com/watch?v=E0GO4zuZtdA
Peso muerto asistido en pared de una pierna,hecho,Una pierna,Carga externa,Mancuerna,"Glúteos, isquiotibiales, erectores de la columna",cuádriceps,Sagital,"Mano. El movimiento inicia flexionando la rodilla del mismo lado que la mano que sostiene la mancuerna Buenos días asistidos en pared con una pierna comienzan en posición alta, contra una pared, de espaldas, con los pies debajo de estas caderas, el peso en la mitad Buenos días asistidos en pared de una pierna",https://www.youtube.com/watch?v=HqWqHV5uGfk
Buenos días asistidos en pared de una pierna,hecho,Una pierna,Peso corporal,Pared,"Glúteos, isquiotibiales, erectores de la columna",cuádriceps,Sagital,"Pecho. El movimiento inicia flexionando una rodilla y colocando la el talón en la pared a aprox La media de Waiter's Bow asistido en pared de una pierna comienza en posición alta, contra una pared, de espaldas, con los pies debajo de estas caderas, el peso en la mitad Waiter's Bow asistido en pared de una pierna",https://www.youtube.com/watch?v=Bo9VSYEAYn8
RDL de una pierna,hecho,Una pierna,Carga externa,Barra,"Glúteos, isquiotibiales, erectores de la columna",cuádriceps,Sagital,Movimiento inicia flexionando una rodilla y colocando el talón en la,https://www.youtube.com/watch?v=2EbUvkNGc0c
Sentadilla en pared de una pierna,hecho,Una pierna,Peso corporal,Pared,"Glúteos, cuádriceps, flexores de caderaIsquiotibiales, Rect",o Abdominis,Sagital,"Inicia elevando y extendiendo una pierna hasta paralela con la la rodilla opuesta, tensando el core y h Ejercicio Estado Patrón Tipo Implementación Principal Músculos Principales Trabajados Músculos Secundarios Trabajados Plano Explicación del ejercicio URL de YouTube Saltos simples se inician de pie alto con los pies debajo de la caderas, peso en el medio del pie y ambos brazos hacia abajo a un lado.",https://www.youtube.com/watch?v=377SA3SSxJQ
Saltos simples,re-film,,Peso corporal,Ninguno,Cuádriceps Gemelos,Calves,Sagital,"Tobillo, rodilla y cadera, con un salto bajo del suelo, golpeando las manos en las caderas o cuádriceps para establecer el ritmo de un solo salto salto Saltos simples comienzan de pie alto con los pies debajo de las caderas, peso en la mitad del pie y ambos brazos a los lados sosteniendo un salto Monostructura cuerda.",https://www.youtube.com/watch?v=pVc7iIhu8ZY
Saltos simples,re-film,,Peso corporal,Saltador,"de cuerda Deltoides anteriores, Cuádriceps Trapecio,",Gemelos,Sagital,"Extendiéndose en el tobillo, la rodilla y la cadera, con un salto bajo del suelo, mientras gira simultáneamente la muñeca para hacer girar el salto cuerda alrededor Sissy Squats comienzan de pie alto frente a una caja, con los pies a la altura de las caderas separados, peso en la mitad del pie y brazos a los lados. El Sentadilla Sissy",https://www.youtube.com/watch?v=W2h0bSVav9Q
El Sentadilla Sissy,realizado,Sentadilla,Peso corporal,Ninguno,"Cuádriceps, Isquiotibiales, Glúteos Oblicuos Laterales,",Erector de la columna,Sagital,"Extendido, subiendo a las puntas de los pies y alcanzando las rodillas",https://www.youtube.com/watch?v=gyuKEoSKPRk
Sentadilla Sissy a Superficie Elevada,realizado,Sentadilla,Peso corporal,Ninguno,"Cuádriceps, Isquiotibiales, Glúteos Oblicuos laterales,",Erector de la columna,Sagital,"Hacia adelante, manteniendo las caderas extendidas, subiendo a las puntas de los pies pies y alcanzando la rodilla",https://www.youtube.com/watch?v=XF0tVCDS7Ww
Elevación de tronco,re-film,Núcleo,Peso corporal,Ninguno,"Psoas ilíaco, Recto abdominal Isquiotibiales",Hamstrings,Sagital,"Frente al cuerpo para el pie, luego extendiéndose hacia atrás, alcanzando las manos hacia atrás por encima de la cabeza y bajando la espalda al suelo por debajo contr",https://www.youtube.com/watch?v=EbWuGUru3Jo
El movimiento,re-film,Núcleo,Peso corporal,Ninguno,"Recto abdominal, Psoas ilíaco Cuádriceps, Trapecio",,Sagital,"Cabeza del suelo a aproximadamente 15 cm, y sosteniendo el posición hollow para el tiempo prescrito. Ski Erg comienza de pie alto en la máquina Ski Erg, con los pies debajo de las caderas, peso en el talón hasta la mitad del pie y el brazo extendido Monoestructura Dorso ancho, Deltoides, Ski Erg",https://www.youtube.com/watch?v=dKQPeU2
Ski Erg,re-film,,Carga externa,Ski,"Erg Glúteos, Cuádriceps, Bíceps","Glutes, Quadriceps, Biceps",Sagital,"Isquiotibiales inicia flexionando las caderas, con una flexión suave de la rodilla, manteniendo la espalda plana, flexionando el codo y Saltos Ski comienzan de pie alto sobre una pierna, con el pie debajo la cadera, peso en la mitad del pie y ambos brazos en una posición activa y opuesta Salto Ski",https://www.youtube.com/watch?v=O4AuL2FUMFM
Skiers,re-film,Sentadilla,Estabilidad,Ninguno,"Cuádriceps, Tibial anterior Gemelos Transverso",Calves,,"Pies plantados en el suelo, flexionando el tobillo y las rodillas, conducir la rodilla hacia el exterior del tobillo, manteniendo las caderas cuadradas, extendin Esquiadores en la tabla deslizante comienzan de pie alto con los pies debajo de las caderas, usando calcetines o botines, peso en la mitad del pie y ambos brazos en la Esquiadores en la tabla deslizante",https://www.youtube.com/watch?v=9A8EEfSzrNs
Esquiadores en la tabla deslizante,hecho,Una pierna,Peso corporal,Deslizador,"Glúteos, Cuádriceps Isquiotibiales",Hamstrings,Frontal,"Hacia abajo, flexionando la rodilla, extendiendo la rodilla y empujando",https://www.youtube.com/watch?v=t0erkyqsXrs
Skin the Cat,re-film,Tirar,Peso corporal,Anillas,"Bíceps, Recto abdominal","Biceps, Rectus Abdominis",Sagital,"Cuádriceps las anillas, rotando internamente en el hombro, rodando a través de las anillas",https://www.youtube.com/watch?v=on6KcgkdWaA
Skin the Cat desde el suelo,hecho,Tirar,Peso corporal,Anillas,"Bíceps, Recto Abdominal","Biceps, Rectus Abdominis",Sagital,"Cuádriceps el techo entre las anillas, rotando internamente en el hombro, rodando a través de las anillas bajo control, bajando las caderas por debajo de los hombros, alcanzando t Skipping comienza de pie alto, con los pies debajo de las caderas, peso a través del mediopié y ambos brazos hacia abajo a los lados. El Gemelos, Cuádriceps, Glúteos, Rectos Abdominales, Anterior Saltando",https://www.youtube.com/watch?v=AWG7z7nLBrY
Anterior Saltando,hecho,Locomoción,Peso corporal,Ninguno,"Calves, Quadriceps, Glutes, Hamstrings, Hip Flexors","Recuts Abdominis, Anterior Deltoids",Sagital,"Isquiotibiales, Flexores de la cadera Deltoides alcanzar el brazo opuesto alto hacia el techo, extendiendo el tobillo, rodilla y cadera y saltando desde un único Skip A's empieza de pie alto, con los pies debajo de las caderas, peso a través del mediopié y ambos brazos hacia abajo a los lados. El Gemelos, Cuádriceps, Glúteos, Rectos Abdominales, Anterior Saltos A's",https://www.youtube.com/watch?v=LEdTXRwEsSE
Anterior Saltos A's,hecho,Locomoción,Peso corporal,Ninguno,"Calves, Quadriceps, Glutes, Hamstrings, Hip Flexors","Recuts Abdominis, Anterior Deltoids",Sagital,"Isquiotibiales, Flexores de cadera Deltoides alcanzar el brazo opuesto alto hacia el techo, extendiendo el tobillo, rodilla y cadera, llevando la rodilla a un Los Skull Crushers comienzan acostados supino (cara arriba) en un banco, con las rodillas flexionadas aproximadamente a 90 grados, talones en el suelo y los brazos Skull Crusher",https://www.youtube.com/watch?v=ieE2HfrDZWQ
Skull Crusher,re-film,Empujar,Carga externa,Barra,Tríceps Pectoral mayor,Pec Major,Sagital,"Barra, barra EZ, una o dos mancuernas.",https://www.youtube.com/watch?v=k8KH84637Rw
Posterior Sled Face Pull,hecho,Jalar,Carga externa,Sled,"Latísimo dorsal, Bíceps","Latissimus Dorsi, Biceps",Sagital,Deltoides sosteniendo las correas adjuntas con tensión.,https://www.youtube.com/watch?v=IZA9Fuq0Kck
Sled Pull Power Walk,hecho,Locomoción,Carga externa,Trineo,"Cuádriceps, glúteos, flexores de cadera Pantorrillas,","deltoides anteriores, bíceps",Sagital,"Inicia dando una zancada con un pie delante de la cadera, manteniendo el peso en la parte media del pie",https://www.youtube.com/watch?v=oIFLQFIhgqQ
Sled Push,,Locomoción,Carga externa,Trineo,"Cuádriceps, glúteos, flexores de cadera Pantorrillas","deltoides anteriores, bícepsSagital trineo sujeto con un arnés en la cintura, mirando hacia afuera. El movimientohttps://www.youtube.com/watch?v=oIFLQFIhgqQ se inicia dando una zancada con un pie delante de la cadera, manteniendo el peso en la parte media del pie El Sled Push comienza en una posición de potencia, flexionado en las caderas, con una posición escalonada, peso en la parte media y antepié, espalda recta y Sled Push regrabar Locomoción Carga externa Trineo Cuádriceps, glúteos, isquiotibialesTríceps, deltoides anteriores, pantorrillas",Sagital,"Empujando el trineo con los brazos extendidos frente al cuerpo, yEl Sled Row comienza en posición atlética, con los pies al ancho de las caderas",https://www.youtube.com/watch?v=-eNCsR2FCW4
Sled Row,hecho,Jalar,Carga externa,Trineo,"Dorsal Espina ancho, bíceps, erector Cuádriceps, glúteos o un poco más afuera, peso en la parte media del pie, sentadilla parcial y pecho arriba,",,Sagital,Sujetando las correas con tensión.,https://www.youtube.com/watch?v=TlT
Sleeper Stretch,hecho,Empujar,Estabilidad,Ninguno,"Redondo mayor, pectorales, subescapularDorsal ancho","deltoides anteriores,",Sagital,"Sobre el cuerpo, descansando en la muñeca.",https://www.youtube.com/watch?v=-inQFFcNPlM
Slideboard Leg Curl Negative,hecho,Flexión,Peso corporal,Deslizador,"Isquiotibiales, glúteos Erector Spinae",Erector Spinae,Sagital,"Para apoyo. El movimiento inicia extendiendo las caderas hasta la posición de puente, extiende La zancada curtsy con deslizador comienza de pie erguido con ambos pies debajo de las caderas, un pie sobre el deslizador, peso en el mediopié y ambos Zancada Curtsy con Deslizador",https://www.youtube.com/watch?v=RYMKXU3ce6k
Zancada Curtsy con Deslizador,hecho,Una pierna,Peso corporal,Deslizador,"Cuádriceps, Glúteos Aductores,",Oblicuos,Frontal,"Está sobre el deslizador hacia afuera, atrás y alrededor del cuerpo, en un movimiento circular flexionando la rodilla trasera",https://www.youtube.com/watch?v=lRYmUu2gFnM
Press de Banca con Slingshot,hecho,Empuje,Carga externa,Barra,"Pectorales, Deltoides Anteriores, Tríceps Dorsal Ancho,",Bíceps,Sagital,"Nariz debajo de la barra, manos justo fuera de los hombros, en",https://www.youtube.com/watch?v=VBoCPGHOJLo
Step-Up Lento en Caja,hecho,Una pierna,Peso corporal,Caja,"Plyo Cuádriceps, Glúteos, Isquiotibiales Recto Abdominal",Rectus Abdominis,Sagital,"Caja, alcanzando en extensión, flexionando la rodilla de la pierna de trabajo y bajando lentamente la pierna trasera",https://www.youtube.com/watch?v=FqdeeafOXag
Bajada Lenta desde Invertido en Anillas,re-film,Núcleo,Peso corporal,Anillas,"Dorsal Ancho, Flexores de Cadera, Cuádriceps Recto Abdominal las anillas gimnásticas, con agarre falso. El movimiento inicia encogiendo",,Sagital,"Xrk y rodillas, llevando los pies al techo entre las anillas, hasta la posición invertida. Luego, manteniendo los brazos en extensión completa, baja",https://www.youtube.com/watch?v=O-HbU4d
Slowly Lower From Invert on Rings in Straddle,re-film,Núcleo,Peso corporal,Anillas,"Dorsal Ancho, Flexores de Cadera, Cuádriceps Recto Abdominal",Rectus Abdominis,Sagital,"Entre los anillos, en la posición invertida y separando las piernas",https://www.youtube.com/watch?v=Aodc2mKGWuU
Slowly Lower From Invert on Rings in Tuck,re-film,Núcleo,Peso corporal,Anillos,"Latísimo del dorso, flexores de cadera Recto abdominal",Rectus Abdominis,Sagital,"Los dedos de los pies entre los anillos, en una posición invertida. Luego manteniendo",https://www.youtube.com/watch?v=DzdWI5xc3aY
Luego manteniendo,re-film,Una pierna,Carga externa,Máquina,"Cuádriceps, Glúteos, Anterior Pantorrillas, Psoas, Trapecio, Deltoides Latísimo del dorso",,Sagital,"TIA detrás de la cadera con el peso en la punta del pie), y ambas manos",https://www.youtube.com/watch?v=Nyk
Salto a hollow,hecho,Núcleo,Peso corporal,Ninguno,"Recto Cuádriceps abdominal, glúteos, Erector Spinae,",Deltoides anteriores,Sagital,"Movimiento inicia flexionando la cadera, metiendo la caja torácica a la pelvis, y tirando de las escápulas Snatch comienza con una barra cargada en el suelo, con los pies bajo la ,",https://www.youtube.com/watch?v=Q5rcU8VYN6I
Snatch,re-film,Doblar,Explosividad,Barbell,"Erector Isquiotibiales, Spinae, tríceps, Latissimus cuádriceps Dorsi,rGicleuptess,Bíceps,","Abdominis, Trapecio Recto",Sagital,"Pecho hacia arriba, en una posición de sentadilla con las rodillas flexionadas y un",https://www.youtube.com/watch?v=x-SVg-l9lZw
Snatch A's,hecho,Doblar,Explosividad,Barbell,"Erector Isquiotibiales, Spinae, Tríceps, Latissimus Cuádriceps Dorsi,rGicleuptess,Bíceps,","Abdominales, Trapecio Recto",Sagital,Para ayudar a mantener la columna vertebral vertical.,https://www.youtube.com/watch?v=neDQuciP6G0
Parte,hecho,Flexionar,Explosividad,Barra,"Erector de la columna, Dorsal ancho, Glúteos, Bíceps, Recto Isquiotibiales","Tríceps, Cuádriceps Abdominales, Trapecio una barra agarrada con un agarre por encima, fuera de los hombros,",Sagital,"Movimiento se realiza en 7 partes. Parte 1) ponerse de pie hasta la rodilla, pausa, extienda hasta las caderas, pausa con el br Ejercicio Estado Patrón Tipo Implementación Principal Músculos Principales Trabajados Músculos Secundarios Trabajados Plano Explicación del Ejercicio URL de YouTube",https://www.youtube.com/watch?v=kw6TzrDrJkM
Snatch Balance,re-film,Complejo,Explosividad,Barra,"Deltoides Escápulas Anteriores, Trapecio, Cuádriceps, Erecto","r Spinae Isquiotibiales, Glúteos,",Sagital,"Manteniendo el peso en los talones, luego impulsando las caderas y las rodillas hacia extensión, sh Los Snatch C's comienzan en una posición en cuclillas con los pies a la anchura de las caderas y un Snatch C's",https://www.youtube.com/watch?v=iEPtqCYiBFM
Snatch C's,hecho,Doblar,Explosividad,Barra,"Erector Isquiotibiales, Spinae, Tríceps, Dorsal Cuádriceps Ancho,rQicueapdsriceps, Glúteos",", Erector Spinae Isquiotibiales,",Sagital,"Movimiento se realiza en 7 partes. Parte 1) de pie hasta la rodilla, pausa, extiende",https://www.youtube.com/watch?v=8g1RPDxCEE8
Snatch Drop,re-film,Complejo,Carga externa,Barra,"Deltoides Escápulas Anteriores, Trapecio, Cuádriceps, Erecto","r Spinae Isquiotibiales, Glúteos,",Sagital,"Posición de sentadilla por encima de la cabeza, y recibir la barra en la sentadilla inferior, manteniendo la w",https://www.youtube.com/watch?v=KtoUxIhfyOc
Snatch From Power Position,hecho,Doblar,Explosividad,Barra,"Erector Isquiotibiales, Spinae, Tríceps, Dorsal Cuádriceps Ancho,rQicueapdsriceps, Glúteos",", Erector Spinae Isquiotibiales,",Sagital,"Flexión suave, peso en la mitad del pie y pecho hacia arriba y brazos",https://www.youtube.com/watch?v=IKcoItr3xYU
Press de Agarre Snatch Behind the Neck,re-film,Empujar,Carga externa,Barra,"Deltoides Escápulas anteriores, Trapecio, Recto Abdominis",Rectus Abdominis,Sagital,"Estómago y las nalgas, y presionando la barra por encima hacia la extensión, finalizando",https://www.youtube.com/watch?v=zWkQ6PBY6dU
El Snatch Grip Behind the Neck Split Jerk,hecho,Empujar,Explosividad,Barra,"Cuádriceps, Espinares, Deltoides Glúteos, Erector Recto Tríceps, Abdominis",", Trapecio Isquiotibiales,",Sagital,Peso en los talones.,https://www.youtube.com/watch?v=bS8Y5jIazrE
Peso muerto con Snatch Grip,re-film,Doblar,Carga externa,Barra,"Isquiotibiales, Erector Spinae, Glúteos","Dorsal ancho, Cuádriceps",Sagital,"Hacia abajo, pecho hacia arriba y espalda plana en una posición en cuclillas. El movimiento inicia al impulsar a través de los talones, manteniendo el pecho arriba, parándose a la k",https://www.youtube.com/watch?v=O0FNejnnvvs
Snatch Grip Overhead Walk,hecho,Locomoción,Carga externa,Barra,"Cuádriceps, Trapecio, Glúteos, Deltoides Tríceps anteriores, eSpesrratus, Erecto","r Spinae, Dorsal Recto ancho Abdominis,",Sagital,Peso en los talones hasta la mitad del pie.,https://www.youtube.com/watch?v=KBYHpKcWlJI
Remo Pendlay con agarre de arranque,re-film,Tirar,Carga externa,Barra,"Dorsal ancho, Bíceps, Escápulas Isquiotibiales, Espin","a Cuádriceps, Erectores",Sagital,"Barra y manos en la barra con un agarre amplio por encima de la palma, fuera de la",https://www.youtube.com/watch?v=OzJ1BhbwnGg
Peso muerto rumano con agarre de arranque,hecho,Doblar,Carga externa,Barra,"Isquiotibiales, Erectores de la columna, Glúteos","Dorsal ancho, Escápulas",Sagital,"Flexión suave de las rodillas, manteniendo el peso en los talones hasta la mitad del pie, alcance",https://www.youtube.com/watch?v=uhf93YpV6mA
Press Sotts con agarre de arranque,re-film,Empujar,Carga externa,Barra,"Deltoides Escápulas anteriores, Trapecio, Cuádriceps, Erector spina","e Isquiotibiales, Glúteos,",Sagital,"Posicionamiento, codos pegados al cuerpo.",https://www.youtube.com/watch?v=1nDV4xBr44k
Levantamiento de arranque,hecho,Doblar,Carga externa,Barra,"Glúteos, Rectus Abdominis, Isquiotibiales, S Cuádriceps, pAinntaelr iEorr eDcetlotorisds",pAinntaelr iEorr eDcetlotorisds,Sagital,Pecho elevado y espalda plana en una posición agachada.,https://www.youtube.com/watch?v=q7lVf3QuHWs
Snatch Pull,hecho,Doblar,Explosividad,Barbell,"Cuádriceps, isquiotibiales, glúteosErectores espinales,",Recto abdominal,Sagital,Pecho elevado y espalda plana en una posición agachada.,https://www.youtube.com/watch?v=iBgx3WyXDE0
Snatch Pull Under,hecho,Complejo,Explosividad,Barra,"Erector Isquiotibiales, Spinae, Tríceps, Latissimus Cuádriceps Dorsi,rQicueapdsriceps, Glúteos",", Erector Spinae Isquiotibiales,",Sagital,"Movimiento se inicia encogiendo hacia arriba y hacia atrás la barra, golpeando",https://www.youtube.com/watch?v=toyFFbFdIh8
Snatch Squatting Quad,hecho,Sentadilla,Carga externa,Barra,"Cuádriceps, Latísimo Dorsi Erector Spinae, Tibial Anterior",Tibialis Anterior,Sagital,"Hacia adelante y fuera de los tobillos, pecho hacia arriba y una barra cruzando la parte superior de los cuádriceps, en un agarre ancho y doble, con los codos flexionados. Sorensen comienza la configuración en decúbito ventral en la máquina GHD, con Sorenson",https://www.youtube.com/watch?v=8l3Du1xVvj4
Sorenson,re-film,Doblar,Peso corporal,GHD,"Erector Spinae, Isquiotibiales, Glúteos Recto Dorsales Abdominal, Latísimo",,Sagital,ZgaUk tiempo de dominio prescrito.,https://www.youtube.com/watch?v=MOxTs
Sotts Press,re-film,Empujar,Carga externa,Barra,"Cuádriceps, Erector Spinae Isquiotibiales, Glúteos, Deltoides Trapecio Anteriores, Tríceps",", Sagital y fuera de los tobillos y la barra en la posición de rack",Frontal,"Movimiento inicia al presionar la barra por encima de la cabeza hacia la extensión, terminando con los bíceps junto a las orejas, manteniéndose en la parte inferior de la sentadilla",https://www.youtube.com/watch?v=Zq3Yy0Babj0
Split Clean,hecho,Flexión,Explosividad,Barra,"Cuádriceps, Glúteos Deltoides","Erectores, Recto Abdominis, Espinal",Sagital,Espalda recta en posición de sentadilla.,https://www.youtube.com/watch?v=J5MivJFv8BA
El Split Jerk,hecho,Empuje,Explosividad,Barra,"Cuádriceps, Dorsal Ancho, Deltoides Glúteos, Anteriores Dorsal Ancho Tríceps, Transvers","o Trapecio, Abdominal Oblicuos,",Sagital,"Talones, extendiendo rodillas y caderas en triple extensión, y presionando la barra",https://www.youtube.com/watch?v=WhVpvqj67vk
Split Jerk Hold,hecho,Empuje,Carga externa,Barra,"Deltoides Anteriores, Trapecio, Glúteos, Dorsal Ancho, Tríceps",", Cuádriceps Isquiotibiales, Recto",Sagital,Posición de rack frontal.,https://www.youtube.com/watch?v=cH0R-A3OfZM
Split Jerk Hold,hecho,Empuje,Carga externa,Barra,"Deltoides Anteriores, Trapecio","Glúteos, Dorsal Ancho, Tríceps, Cuádriceps Isquiotibiales, Recto Sagital flexión en las rodillas, con un pie delante de las caderas, peso en el mediopié, un pie detrás de las caderas, peso en la punta, y una barra enhttps://www.youtube.com/watch?v=cH0R-A3OfZM la posición de rack frontal. El movimiento inicia presionando la barra hacia arriba y atrás sobre la cab El Split Press comienza de pie en posición escalonada, con ligera flexión en las rodillas, con un pie delante de las caderas, peso en el mediopié, Split Press re-grabar Empuje Carga Externa Barra Deltoides Anteriores, Tríceps Cuádriceps, Trapecio Sagital un pie detrás de las caderas, peso en la punta, y una barra en el rack",Frontal,Posición de rack.,https://www.youtube.com/watch?v=boYdk3Rfoi0
Snatch dividido,hecho,Doblar,Explosividad,Barra,"Cuádriceps, Glúteos Deltoides","Erectores, Recto abdominal, Espinal",Sagital,Espalda plana en posición de sentadilla.,https://www.youtube.com/watch?v=6HoSU84jyMQ
Split Squat,re-film,Una pierna,Peso corporal,Ninguno,"Cuádriceps, Glúteos, Isquiotibiales Pueden, Dorsa","l Erector Spinae, Latissimus",Sagital,"Inicia flexionando la rodilla delantera a aproximadamente 90 grados, manteniendo el",https://www.youtube.com/watch?v=UcZVX7Sc9YI
Split Squat Kettlebell Switch,hecho,Una pierna,Carga externa,Kettlebell,"Cuádriceps, Glúteos, Oblicuos Isquiotibiales, Trapézio",", Romboides",Múltiple,"Con el peso en la bola del pie, y ambos brazos abajo al lado",https://www.youtube.com/watch?v=c2XHTM2XqbE
Levantamiento con banda en posición de split,hecho,Núcleo,Carga externa,Band,"Serratos Deltoides Transverso caderas, con el peso en la mitad del pie, el otro pie detrás","Quadriceps, Glutes, Anterior Deltoids",,"Las caderas, con el peso en la bola del pie, más cercano al rack,",https://www.youtube.com/watch?v=0ytvckDmw0E
Corte con Cable en Splita Pose,hecho,Núcleo,Carga externa,Cable,"Transverso del abdomen, Oblicuos, Cuádriceps","Glúteos, Anterior Serratos Deltoides máquina de cables, mirando hacia afuera, con flexión suave de las rodillas, un pie Transverso fuera delante de las caderas, con el peso en la mitad del pie, el",,"Otro pie detrás de las caderas, con el peso en la bola del pie, con",https://www.youtube.com/watch?v=xySjUfGJy8k
"Elevación con cable en posición de split stance , , ,",hecho,Núcleo,Carga externa,Cable,"Serratos Deltoides Transverso frente de las caderas, con el peso en el centro del pie, el otro","Quadriceps, Glutes, Anterior Deltoids",,"Pie detrás de las caderas, con el peso en la punta del pie, con el",https://www.youtube.com/watch?v=KWlBH7qZcqo
Corte con mancuerna en split stance,hecho,Núcleo,Carga externa,Mancuerna,"Transverso del abdomen, oblicuos, Cuádriceps","glúteos, anterior Serratos Deltoides con flexión suave de las rodillas, un pie delante de las caderas, con Transverso el peso en el medio del pie, el otro pie detrás de las caderas,",,"Con el peso en la punta del pie, y ambos brazos rectos, sosteniendo",https://www.youtube.com/watch?v=8QwyGoUCJZA
Peso muerto rumano con mancuerna en split stance,hecho,Flexión,Carga externa,Mancuerna,"Erector de la columna, isquiotibiales, glúteos","cuádriceps, trapecio",Sagital,"Detrás de las caderas, con el peso en la punta del pie y ambos brazos descendiendo al lado con un par de Ejercicio Estado Patrón Tipo Implementación principal Músculos principales trabajados Músculos secundarios trabajados Plano Explicación del ejercicio URL de YouTube",https://www.youtube.com/watch?v=NbpYMm5qT-k
Split Stance Good Morning,hecho,Doblar,Carga externa,Barra,"Erector Spinae, Isquiotibiales, Glúteos Cuádriceps, Trapeci","o Recto Abdominal,",Sagital,Con el peso en la bola del pie y una barra en la espalda soportada,https://www.youtube.com/watch?v=myeOWVMjAe8
Split Stance Medicine Ball Throw,hecho,Núcleo,Explosividad,Pelota,"medicinal Oblicuos Abdominis externos, Transverso Recto Glúteo Abdominis","Mayor Cuádriceps, Transverso adyacente a la pared, con flexión suave de rodillas, pie exterior en frente de las caderas, con el peso en el centro del pie, pie interior",,"Detrás de las caderas, con el peso en la bola del pie y ambas manos",https://www.youtube.com/watch?v=h09Vz1fkqLI
Split Peso Stance muerto Single Arm Kettlebell Romanian,hecho,Doblar,Carga externa,Kettlebell,"Erector Spinae, Isquiotibiales, Glúteos Cuádriceps, Trapeci","o Recto Abdominal,",Sagital,"Pie justo detrás de las caderas, con el peso en la bola del pie y ambos brazos hacia abajo a los lados w Sprawl comienza de pie alto, con los pies debajo de las caderas, peso en el medio del pie y ambos brazos a los lados. El movimiento Sprawl",https://www.youtube.com/watch?v=Ay5EYOU6zKM
Sprawl,re-film,Doblar,Peso corporal,Ninguno,"Tríceps, Deltoides anteriores,Pecho Mayor Cuádriceps, Rect","o Abdominal,",Sagital,"Saltar ambas piernas de vuelta a las manos, extendiendo las caderas, y terminando de pie.",https://www.youtube.com/watch?v=a3B66hLGS3Q
Salto de Caja Sprawl,hecho,Complejo,Peso corporal,Caja,"de Plyo Tríceps, Mayor Deltoides Anteriores, Pectoral Cuádriceps, Flexores de la cader","a Recto Abdominal,",Sagital,"Con los brazos extendidos, luego saltar ambas plantas de las manos de nuevo extendi",https://www.youtube.com/watch?v=tGAgXwttbP4
Sprawl Jump de Caja Sobre,hecho,Complejo,Peso corporal,Caja,"de Plyo Tríceps, Mayor Deltoides Anteriores, Pectoral Cuádriceps, Flexores de la cader","a Recto Abdominal,",Sagital,"Pecho con los brazos extendidos, luego saltar ambas plantas de las manos de nuevo a manos, ex",https://www.youtube.com/watch?v=9MzvzUzwgTg
Sprawl Over Rower,hecho,Complejo,Peso corporal,Remo,"Tríceps, Mayor Deltoides Anteriores, Pectoral Cuádriceps, Flexores de la cader","a Recto Abdominal,",Sagital,"Con los brazos extendidos, luego saltar ambas plantas de las manos de nuevo a las manos, extendiéndose",https://www.youtube.com/watch?v=5iGPu2nRWqk
Dominada Sprawl,hecho,Complejo,Peso corporal,Barra de dominadas,"Latissimus Dorsi, Bíceps, Deltoides Anteriores, P Tríceps,eQcusadriceps, Rect","o Abdominal,",Sagital,"Ambos pies hacia atrás y las manos al piso, debajo del pecho con los brazos extendidos, el El Clean comienza con una barra cargada en el suelo, con los pies bajo la barra, a la anchura de cadera, peso en la mitad del pie, manos sobre la barra, justo Sentadilla Clean Thruster",https://www.youtube.com/watch?v=anlPhnFTdH0
Sentadilla Clean Thruster,re-film,Complejo,Carga externa,Barbilla,"de pesas Cuádriceps, Deltoides anteriores Glúteos, Isquiotibiales, Tríceps, Abdominale","s Trapecio, Recto",Sagital,"Pecho hacia arriba, en una posición enterrada con las rodillas flexionadas y un",https://www.youtube.com/watch?v=EnBY8jqGB9Y
Squat Jerk,hecho,Complejo,Explosividad,Barra,"de pesas Cuádriceps, Glúteos, Anterior Erector Spinae, Recto Deltoides, Tríceps","Trapecio Abdominales, Serratos en la zona media del pie y la barra en la posición de rack frontal, con la",Sagital,"Las caderas y rodillas, manteniendo el peso en los talones, pecho arriba y",https://www.youtube.com/watch?v=01MfgjhpyFI
Squat a Palloff Press,hecho,Complejo,Carga externa,Bandas,"Recto Abdominis, Glúteos Abductores,",Aductores,Sagital,"Agarre neutral, ajustado al pecho.",https://www.youtube.com/watch?v=u9SpIj8k9bE
Squat con Rotación Torácica,hecho,Sentadilla,Estabilidad,Ninguno,"Cuádriceps, Glúteos, Abductores, iTsisbiimaluiss, Deltoides posteriores","dorsales Erector ADnotresriior, Spinae con los pies separados, peso en la mitad del pie, y ambos brazos a un lado.",Transversal,"Por debajo de la paralela, manteniendo el peso a través del pie medio, rodillas",https://www.youtube.com/watch?v=ltr48PaVh3Q
Elevación de pantorrilla en sentadilla,hecho,Sentadilla,Peso corporal,Placa,"Gastrocnemio, Tibial Sóleo, Anterior Flexores de la cadera,",isquiotibiales,Sagital,"Frente del cuerpo aproximadamente a la altura de las caderas. El movimiento se inicia flexionando las rodillas,",https://www.youtube.com/watch?v=a4xIDs69hi8
Squatting Quad,hecho,Sentadilla,Estabilidad,Barra,"Cuádriceps, Dorsal ancho Erector Spinae, Tibial anterior,",trapecio,Sagital,"Sobre la parte superior de los cuádriceps, con las manos colocadas justo fuera de los",https://www.youtube.com/watch?v=IkDhme258JY
Peso muerto en cuclillas para cuádriceps,hecho,Flexión,Carga externa,Barra,"Cuádriceps, Espinales, isquiotibiales glúteos, erectores Trapecio pies al ancho de las caderas","peso en el centro del pie, rodillas",Sagital,"Una barra sobre la parte superior de los cuádriceps, con las manos colocadas justo fuera",https://www.youtube.com/watch?v=PGUyXmq5aSw
Clean de cuádriceps en cuclillas,hecho,Flexión,Carga externa,Barra,"Cuádriceps, Espinales, trapecio, glúteos, anterior erectores Recto Abdominales,","femoral, tibial oblicuos anterior",Sagital,"Sosteniendo una barra sobre la parte superior de los cuádriceps, con las manos colocadas justo fuera de los hombros, en un Ejercicio Estado Patrón Tipo Implemento principal Músculos principales trabajados Músculos secundarios trabajados Plano Explicación del ejercicio URL de YouTube",https://www.youtube.com/watch?v=5Mnt-EydHF4
Squatting Quad Muscle Snatch,hecho,Flexión,Explosividad,Barra,"Quadriceps, Glutes, Anterior Deltoids, Triceps, Trapez","iEursector Spinae, Rectus Abdominis, Serratus",Sagital,"Deltoides, tríceps, trapecio Abdominales, serrato sosteniendo una barra sobre la parte superior de los cuádriceps, con las manos colocadas",https://www.youtube.com/watch?v=dDBlbot8ZCg
Squatting Quad Power Snatch,hecho,Flexión,Explosividad,Barra,,,Sagital,"Oyc Deltoides, tríceps, trapecio Abdominales, serrato sosteniendo una barra sobre la parte superior de los cuádriceps, con las manos colocadas",https://www.youtube.com/watch?v=pyDj
Squatting Quad Snatch,hecho,Flexión,Explosividad,Barra,"Quadriceps, Glutes, Anterior Deltoids, Triceps, Trapez","iEursector Spinae, Rectus Abdominis, Serratus",Sagital,"Deltoides, tríceps, trapecio Abdominales, serrato barra sobre la parte superior de los cuádriceps, con las manos colocadas anchas,",https://www.youtube.com/watch?v=QVJI3kTQ6kk
Squatting Quad Snatch Deadlift,hecho,Flexión,Carga externa,Barra,"Tibial anterior, trapecio","Tibialis Anterior, Trapezius",Sagital,"Espina, dorsal ancho sosteniendo una barra sobre la parte superior de los cuádriceps, con las manos colocadas",https://www.youtube.com/watch?v=HxU1LNHOMpk
Squatting Quad Snatch Pull,hecho,Flexión,Carga externa,Barra,"Tibial anterior, Trapecio",,Sagital,"HNV6hmiVc Espina, Dorsal ancho barra sobre la parte superior de los cuádriceps, con las manos colocadas en posición amplia,",https://www.youtube.com/watch?v=2
Stability Ball Birddog,hecho,Flexión,Carga externa,Barra,"Tibial anterior, Trapecio Sagital desplazando ligeramente hacia adelante y fuera de los tobillos, pecho arriba y sosteniendo unahttps://www.youtube.com/watch?v=2\_HNV6hmiVc Espina, Dorsal ancho barra sobre la parte superior de los cuádriceps","con las manos colocadas en posición amplia, fuera de los hombros, en El Birddog con balón de estabilidad comienza acostado en posición prona (boca abajo) sobre un balón de estabilidad, con el balón colocado debajo de la cadera, ambas piernas rectas, las puntas de los Deltoides anteriores, Isquiotibiales, Escápulas, Erector de la columna, Recto Birddog con balón de estabilidad volver a grabar Core Estabilidad Balón suizo",Transversal,"Glúteos, Trapecio Abdominales alcanzando el suelo, palmas en contacto.",https://www.youtube.com/watch?v=OXzW2GvB8AE
Deadbug con balón de estabilidad,hecho,Core,Estabilidad,Balón,"suizo Recto abdominal, Flexores de cadera Deltoides anteriores,",Cuádriceps,Sagital,"Rectos, extendiéndose sobre el pecho, aplicando presión al",https://www.youtube.com/watch?v=2WN2Kw2zC80
Deadbug con balón de estabilidad,hecho,Core,Estabilidad,Balón,"suizo Recto abdominal, Flexores de cadera Deltoides anteriores, Cuádriceps Sagital grados","aplicando presión al balón desde la parte inferior, ambos brazoshttps://www.youtube.com/watch?v=2WN2Kw2zC80 rectos, extendiéndose sobre el pecho, aplicando presión al balón desde la parte superior, tu Buenos días con barra en posición escalonada comienza de pie, en una posición escalonada, con un pie justo delante de la cadera, peso en el Dorsal ancho, Escápulas, Recto parte media del pie, el otro pie justo detrás de la cadera, peso en la bola, y una Buenos días con barra en posición escalonada volver a grabar Flexión Carga externa Barra Erector de la columna, Isquiotibiales, Glúteos",Sagital,"Abdominales barra en la posición de soporte trasero, con las manos justo fuera de los",https://www.youtube.com/watch?v=SEFwcIwMBsM
Buenos días con peso corporal en posición escalonada,hecho,Flexión,Peso corporal,Ninguno,"Erector de la columna, Glúteos, Isquiotibiales","Recto abdominal, Cuádriceps",Sagital,Ambos brazos cruzados sobre el pecho.,https://www.youtube.com/watch?v=CJurcCTMWRQ
Peso muerto rumano con mancuerna en stance escalonado,hecho,Doblar,Carga externa,Mancuerna,"Erectores de la columna, glúteos, isquiotibiales","Quadriceps, Rectus Abdominis, Trapezius",Sagital,Trapecio a un lado sosteniendo un par de mancuernas.,https://www.youtube.com/watch?v=tqtPN7tWHy0
Peso muerto rumano con kettlebell en stance escalonado,realizado,Doblar,Carga externa,Kettlebell,"Erectores de la columna, glúteos, isquiotibiales","Quadriceps, Rectus Abdominis, Trapezius",Sagital,Trapecio a un lado sosteniendo un par de kettlebells.,https://www.youtube.com/watch?v=9S3PvThW2Kw
Peso muerto con kettlebell en stance escalonado,hecho,Doblar,Carga externa,Kettlebell,"Erectores de la columna, glúteos, isquiotibiales","Quadriceps, Rectus Abdominis, Trapezius",Sagital,Trapecio a un lado sosteniendo un par de kettlebells.,https://www.youtube.com/watch?v=3OB4kKehknw
Pallof Press en stance escalonado,hecho,Empujar,Carga externa,Cable,"Deltoides anterior, tríceps, pectorales Transverso del abdomen,",cuádriceps,Sagital,"Ambas manos sosteniendo el cable con un agarre neutro, pegado al pecho.",https://www.youtube.com/watch?v=4FDdtXxvDB8
"Romaniano con mancuerna única en stance escalonado Cuádriceps, Recto abdominal",hecho,DOBLARSE,Carga externa,Mancuerna,"Erector de la columna, glúteos, isquiotibiales","Quadriceps, Rectus Abdominis, Trapezius",Sagital,Peso muerto Trapecio con el brazo a un lado sosteniendo una mancuerna en la mano contraria al pie,https://www.youtube.com/watch?v=ClBt4aQUSn8
"RDL con mancuerna rumana en posición escalonada Cuádriceps, Recto Abdominis",hecho,Doblar,Carga externa,Mancuerna,"rusa Erector de la columna, glúteos, isquiotibiales","Quadriceps, Rectus Abdominis, Trapezius",Sagital,Peso muerto Trapecio bajo a un lado sosteniendo una mancuerna en la mano contraria al pie,https://www.youtube.com/watch?v=-GKa0-wS5s4
RDL con barra de trampa en posición escalonada,realizado,Doblar,Carga externa,Barra,"de captura Erector de la columna, glúteos, isquiotibiales","Quadriceps, Rectus Abdominis, Trapezius",Sagital,"Trapecio detrás de la cadera, peso en la punta, y ambos brazos hacia abajo a los lados",https://www.youtube.com/watch?v=T8l8KCi9QoA
Jalón en escalera,re-film,Doblar,Explosividad,Barra,"Parte baja de la espalda, isquiotibiales, glúteos Trapecio,",Dorsal ancho,Sagital,"Banco aproximadamente en la parte superior de la rodilla, manos en un doble",https://www.youtube.com/watch?v=dLkph3RnKtM
Monoestructura Stairmaster,re-film,,Peso corporal,Stairmaster,"Cuádriceps, Glúteos, Isquiotibiales Flexores de cadera, pantorrillas",", Erector Spinae",Sagital,Producido por la máquina.,https://www.youtube.com/watch?v=ZcI3KaYykOo
Estopa de barra de estante con limpiaparabrisas a medio,re-film,Núcleo,Peso corporal,Barra,"s Suecas Oblicuos laterales, dorsal ancho","recto abdominal, deltoides, bíceps, transverso extensión, y piernas extendidas, apuntando los pies. El movimiento",,"Inicia flexionando la cadera, manteniendo las piernas rectas, alcanzando los pies altos, hacia la barra",https://www.youtube.com/watch?v=8h9Te3cb4JA
Elevación isométrica de rodillas al pecho en barra sueca,hecho,Core,Peso corporal,Barra,"s Suecas Recto abdominal, flexores de la cadera","Quadriceps, Latissimus Dorsi, Biceps",Sagital,"Bíceps flexionando las caderas, llevando las rodillas a la altura o más allá de las caderas,",https://www.youtube.com/watch?v=zMyjYZ8GmnQ
Elevación de rodillas en barra sueca,hecho,Core,Peso corporal,Barra,"s Suecas Recto abdominal, flexores de la cadera","Quadriceps, Latissimus Dorsi, Biceps",Sagital,"Bíceps llevando las rodillas a la altura o más allá de las caderas, estabilizando, y",https://www.youtube.com/watch?v=4MIgtj9rMxE
Elevación de rodillas en barra sueca con agarre alto-bajo,hecho,Core,Peso corporal,Barra,s Suecas,"Quadriceps, Latissimus Dorsi, Biceps",Sagital,"Deltoides anteriores Bíceps agarre en pronación y piernas en extensión completa, pies en punta. El movimiento inicia flexionando en la",https://www.youtube.com/watch?v=ge1XXycJOB0
Stall Bar Knee to Chest,hecho,Core,Peso corporal,Barra,"s Suecas Recto abdominal, flexores de la cadera Trapecio","dorsal ancho, glúteos,",Sagital,"Llevando las rodillas al pecho, estabilizando y regresando a la extensión bajo control",https://www.youtube.com/watch?v=c8inPETfiXE
Elevación de piernas en barra sueca,hecho,Core,Peso corporal,Barra,"s Suecas Dorsal ancho, bíceps","Latissimus Dorsi, Biceps",Sagital,"Cuádriceps manteniendo las piernas en extensión y elevándolas aproximadamente a la altura de las caderas altura, trabajando la parte baja",https://www.youtube.com/watch?v=u5T-4WjxNHA
Stall Bar Tuck Hang,hecho,Núcleo,Peso corporal,Barra,"s suecas Recto abdominal, flexores de la cadera",,Sagital,Bíceps llevando las rodillas al pecho y estabilizando durante el tiempo prescrito,https://www.youtube.com/watch?v=ZjOpEqu1
Curl alterno de cable de pie,hecho,Jalar,Carga externa,Cable,"Bíceps Deltoides anteriores,",Tríceps,Sagital,Configurado en la posición baja.,https://www.youtube.com/watch?v=G1RsV2596w4
Arnold Press de pie,re-film,Empujar,Carga externa,Mancuerna,"Anterior Deltoids, Rectus Abdominis, Triceps, Pec Min","oTrransverse Abdominis, Trapezius, Latissimus",Sagital,"Abdominales, Tríceps, Pectoral menor Trapecio, Dorsal ancho inicia activando el núcleo y presionando las mancuernas por encima de la cabeza, mientras simultáneamente rota El levantamiento con banda de pie comienza de pie, junto a un rack, con una banda atada abajo, los pies al ancho de las caderas, peso del talón al mediopié, Abdomen transverso, oblicuos, Levantamiento con banda de pie",https://www.youtube.com/watch?v=vJiAyjAMUgQ
Levantamiento con banda de pie,hecho,Núcleo,Carga externa,Banda,"Deltoides anteriores, Tríceps","Anterior Deltoids, Triceps",Transversal,Serrato cadera.,https://www.youtube.com/watch?v=oUluYV7mlnc
Abducción con banda de pie,hecho,,Carga externa,Banda,"Abductores, Glúteos Cuádriceps,",Oblicuos,Frontal,"Inicia apretando los glúteos, flexionando (para apuntar los dedos de los pies hacia la espinilla) y elevando un pie y",https://www.youtube.com/watch?v=DTI8bmilzjY
Abducción con banda de pie,hecho,Flexión,Carga externa,Bandas,"Flexores de cadera, Cuádriceps Glúteos,",Isquiotibiales,Sagital,"Lado. El movimiento inicia equilibrándose sobre un pie, flexionando la cadera y la rodilla, metiendo t Complejo de Hombro con Banda de Pie (T, W, Y) comienza en posición erguida de frente a el soporte de cables, con los pies debajo de las caderas, peso en el talón para Deltoides Anteriores, Trapecio, Complejo de Hombro con Banda de Pie (T,W,Y)",https://www.youtube.com/watch?v=XpU4UCuayxw
"T,W,Y)",hecho,Jalar,Carga externa,Bandas,"Tríceps, Serrato","Triceps, Serratus",Múltiple,Latísimo del dorso bandas de simetría de cruce.,https://www.youtube.com/watch?v=1b27ThDnHOY
Elevación de talones de pie con barra,hecho,Empuje,Carga externa,Barra,"Gastrocnemio, Sóleo Isquiotibiales,",Glúteos,Sagital,"Posición de rack con un agarre por encima, justo fuera de los hombros.",https://www.youtube.com/watch?v=-zJsdaS13fk
Curl de bíceps de pie con barra,hecho,Jalón,Carga externa,Barra,"Bíceps, Braquial Deltoides anteriores,",Tríceps,Sagital,"Llevando la barra al pecho y hombros, apretando los bíceps, estabilizando y luego bajando la barra",https://www.youtube.com/watch?v=WcAYy5UrFUI
Press francés de pie con barra,hecho,Empuje,Carga externa,Barra,"Tríceps Pectorales,",Deltoides anteriores,Sagital,"Que parece un rack frontal modificado, justo delante del hombro,",https://www.youtube.com/watch?v=2hcZY4E4n-o
Respiración abdominal de pie,hecho,Núcleo,Estabilidad,Ninguno,Diafragma Intercostales,Intercostals,Transversal,"Cavidad, luego exhalando por la nariz y relajando el estómago.",https://www.youtube.com/watch?v=X0RaG6uBb7s
Curl de bíceps de pie en la máquina de cable,re-film,Jalar,Carga externa,Cable,"Bíceps, braquial Trapecio",Trapezius,Sagital,"Frente de la cadera, sosteniendo la barra de cable con un agarre en supinación.",https://www.youtube.com/watch?v=obFKEQEAink
El el movimiento,hecho,Empuje,Carga externa,Cable,"Pectorales, Deltoides anteriores, Tríceps Recto Dorsal Abdominal,",Latísimo,Sagital,"Cadera, peso en el medio del pie hacia la punta, ambas manos apiladas frente al",https://www.youtube.com/watch?v=qnzT0Dp-ZPc
Aleteo de cable de pie,hecho,Jalar,Carga externa,Cable,"Pectoral Deltoides mayor, pectoral menor, anterior Bíceps","Trapecio máquina de cable, con un pie delante de las caderas, peso en el medio",Transversal,"Brazos extendidos, sosteniendo las asas de cable con un agarre neutro, paralelas a",https://www.youtube.com/watch?v=ZoKRsg8jNmk
Aleteo trasero de cable,hecho,Jalar,Carga externa,Cable,"Deltoides Latísimo traseros, dorsal romboides, Bíceps","serratos máquina, con los pies debajo de las caderas, peso en los talones hacia el medio",Transversal,"Agarre, con los brazos extendidos frente al cuerpo, aproximadamente a la",https://www.youtube.com/watch?v=6M6-tZ21tYk
Extensión de tríceps con cable de pie con barra en V,re-film,Empujar,Carga externa,Cable,Tríceps Trapecio,,Sagital,"Wtcs la cadera, con las manos sosteniendo el accesorio de barra en V frente a el cuerpo, en 45 grados/sobre",https://www.youtube.com/watch?v=bGyuC
Levantamiento de pantorrilla de pie,re-film,Empujar,Carga externa,Máquina,"Pantorrillas, Isquiotibiales Cuádriceps",Quadriceps,Sagital,"Hombros, con las manos apiladas por fuera, sosteniendo las asas.",https://www.youtube.com/watch?v=ELCimJnir4M
Standing Core Rotation with Handle,hecho,Núcleo,Carga externa,Cable,"Abdomen Transverso, Oblicuos, Cuádriceps","Glúteos, Anterior Serrato Deltoides máquina, mirando hacia atrás, con los pies debajo de las caderas, peso en el Transverso del medio pie al talón, y ambas manos sosteniendo el Asa de cable en una posición neutra",,"Posición, con los brazos extendidos frente al cuerpo a aproximadamente",https://www.youtube.com/watch?v=tZbd1XLXDwc
El m Rotación de núcleo de pie con barra recta,hecho,Núcleo,Carga externa,Cable,"Abdomen Transverso, Oblicuos, Cuádriceps","Glúteos, Anterior Serrato Deltoides posición en zig-zag dentro de la máquina de cable, mirando hacia atrás, con el Transverso pie exterior delante de las caderas, peso en el medio del pie, el pie interior",,"Detrás de las caderas, peso en la bola, y ambas manos sosteniendo la barra recta barra en un agarre por encima, con el Inicio de jalón facial de doble brazo de pie, de pie, mirando al cable Jalar cara a dos brazos de pie con ambos brazos",https://www.youtube.com/watch?v=7zLVTjOJk-c
Jalar cara a dos brazos de pie con ambos brazos,re-film,Jalar,Carga externa,Cable,"Teres Major, Romboides, Dorsal ancho Trapecio","Bíceps máquina, con los pies debajo de las caderas, peso en los talones, ambos",Sagital,Agarre por encima.,https://www.youtube.com/watch?v=tZN8KYDSCRo
Curl con mancuerna de pie a press,hecho,Complejo,Carga externa,Mancuerna,"Bíceps, Tríceps, Deltoides anteriores Trapecio,",Serrato,Múltiple,"Movimiento se inicia flexionando los codos, curling las mancuernas a la hombro, rotando las muñecas hacia Ejercicio Estado Patrón Tipo Implementación Principal Músculos Principales Trabajados Músculos Secundarios Trabajados Plano Explicación del ejercicio URL de YouTube",https://www.youtube.com/watch?v=0SVuq3mKBII
Rotación Externa con Mancuernas de Pie,re-film,Jalar,Carga externa,Mancuernas,"Deltoides Anteriores, Infraespinoso Trapecio,",Dorsal ancho,Sagital,Mancuernas apiladas verticalmente sobre el codo en un agarre por encima de la palma.,https://www.youtube.com/watch?v=jocoGEpV3OY
Vuela con Mancuernas de Pie,hecho,Jalar,Carga externa,Mancuernas,"Deltoides Mediales, Deltoides Posteriores Trapecio, Dorsa",l Ancho,Frontal,"Movimiento inicia tirando las mancuernas hacia arriba y hacia adentro hacia el pecho, encontrándose en el medio o",https://www.youtube.com/watch?v=CSkA78LE5D4
Elevación Lateral con Mancuernas de Pie,hecho,Jalar,Carga externa,Mancuernas,"Deltoides Mediales, Deltoides Posteriores Trapecio, Dorsa",l Ancho,Frontal,"Inicia , al jalar las mancuernas hacia arriba y anchas, lateral al cuerpo, manteniendo los codos rectos, y un",https://www.youtube.com/watch?v=vmDQHXHwllc
La Prensa con Mancuernas de Pie,hecho,Empuje,Carga externa,Mancuernas,"Deltoides Serrato Anteriores, Tríceps, Dorsal Ancho,",Trapecio,Sagital,"Core y presionando las mancuernas por encima en extensión, finalizando",https://www.youtube.com/watch?v=BPZXgwKsph0
Curl EZ Bar de Pie,hecho,Jalar,Carga externa,Barra EZ,"Bíceps, Braquial Deltoides anterior",,Sagital,"Flexionando los codos, curling la barra hacia el pecho y apretando los",https://www.youtube.com/watch?v=v
Flexión de pie,re-film,Doblar,Estabilidad,Ninguno,"Isquiotibiales, Erector de la espalda Gemelos",Calves,Sagital,"Hacia el piso, inclinando la parte superior de la espalda y manteniendo durante el tiempo prescrito.",https://www.youtube.com/watch?v=ibDR0Ql5wGE
Elevación de gemelos en Flexión de pie,hecho,Empujar,Peso corporal,Ninguno,"Gastrocnemio, Soleo Isquiotibiales, Flexore","s Erector de la columna, cadera",Sagital,"Alcanzar las manos hasta el piso, redondeando la parte superior de la espalda. El el movimiento inicia al extenderse en",https://www.youtube.com/watch?v=VnI0LvXposc
Círculo de cadera de pie,re-film,Doblar,Peso corporal,Ninguno,"Erector de la columna, Oblicuos Glúteos, Isquiotibiale",s Transverso cadera movimiento con los circular codos flexionados. de la cadera El movimiento en sentido inicia horario rotando y antihorario en una,,"Direcciones, con una ligera inclinación hacia adelante del pecho a medida que las caderas viajar b",https://www.youtube.com/watch?v=gTnWCdgiAOA
El Sostén Hueco de Pie,re-film,Núcleo,Estabilidad,Ninguno,"Recto Abdominis, Trapecio Deltoides anteriores,",cuádriceps,Sagital,"Luego metiendo la caja torácica hacia la pelvis y la cabeza entre los codos, manteniendo la tensión en el core durante el tiempo prescrito.",https://www.youtube.com/watch?v=1mb6izZ87qI
Remo isométrico de pie con banda,hecho,Jalar,Carga externa,Banda,"Dorsal ancho, bíceps Trapecio,",romboides,Sagital,Con agarre neutro en la banda de simetría.,https://www.youtube.com/watch?v=sv1Fn1EmH7o
Pallof Press de pie con kettlebell por el asa,hecho,Empujar,Carga externa,Kettlebell,"Deltoides anteriores, pectorales, tríceps Bíceps,",glúteos,Sagital,Centro del cuerpo.,https://www.youtube.com/watch?v=HLDEYD3lrls
Remo bajo de pie con cable,hecho,Jalar,Carga externa,Cable,"Dorsal ancho, bíceps Erectores espinales, glúteos",,Sagital,Agarre neutro en el accesorio en V.,https://www.youtube.com/watch?v=ZOh4b1UOf
Marcha de pie,hecho,Una pierna,Estabilidad,Ninguno,"Flexores de cadera, glúteos Isquiotibiales,","Espinales cuádriceps, erectores",Sagital,"Flexionada aproximadamente a 90 grados, luego",https://www.youtube.com/watch?v=Dcmgt-nrnAk
Pallof Press de pie regrabar,,Empujar,Carga externa,Banda,"Tríceps, Mayor deltoides anteriores, pectoral Recto abdominal,",glúteos,Sagital,"Los codos, presionando la banda frente al cuerpo, estabilizándose en el cent",https://www.youtube.com/watch?v=6d0JoQvG-OU
Inclinación Pélvica de Pie,re-film,Núcleo,Estabilidad,Ninguno,"Psoas, iliopsoas Hip Flexors, Erecto","r Spinae, Cuádriceps",Sagital,"Inicia al rodar las caderas hacia adelante, extendiéndose en la región lumbar, viniendo Ejercicio Estado Patrón Tipo Implemento principal Músculos principales trabajados Músculos secundarios trabajados Plano Explicación del ejercicio URL de YouTube",https://www.youtube.com/watch?v=B11wlDmmnxw
Standing Pigeon,hecho,Una pierna,Estabilidad,Caja,"Plyo Glúteos, Erector de la Espina Cuádriceps,",Isquiotibiales,Múltiple,"Rodilla de la pierna única, rotando el tobillo hacia adentro y hacia arriba, reposando el exterior de la pierna",https://www.youtube.com/watch?v=0sQCxJONsvg
Standing Pigeon,hecho,Una pierna,Estabilidad,Caja,"Plyo Glúteos, Erector de la Espina Cuádriceps","Isquiotibiales Múltiple a un lado. El movimiento se inicia elevando y flexionando la cadera https://www.youtube.com/watch?v=0sQCxJONsvg y la rodilla de la pierna única, rotando el tobillo hacia adentro y hacia arriba, reposando el exterior de la pierna Standing Pike Static Hold comienza de pie alto con los pies debajo las caderas, peso en el mediopié y ambos brazos hacia abajo a un lado. El Padraguard refilm Doblar Estabilidad Ninguno Isquiotibiales, Erector de la Espina Gemelos",Sagital,"Alcanzando el pecho a las rodillas y las manos al piso, justo fuera de el pie, con los codos rectos, colocando las palmas en el suelo, w",https://www.youtube.com/watch?v=FMRHzptwyM4
Standing Pike Stretch Toes Heels,hecho,Doblar,Peso corporal,Ninguno,"Isquiotibiales, Gemelos Glúteos",Glutes,Sagital,"Pecho y las manos al piso, justo fuera y delante del pie, con el/la",https://www.youtube.com/watch?v=fITNHCi8pt4
Standing Pike Stretch Toes Heels,hecho,Doblar,Peso corporal,Ninguno,Isquiotibiales,"Gemelos Glúteos Sagital al de lado. los pies, El flexionando movimiento la cadera, inicia con extendiendo flexión suave los de tobillos las rodillas, hacia alcanzando la bola https://www.youtube.com/watch?v=fITNHCi8pt4 el pecho y las manos al piso, justo fuera y delante del pie, con el/la Standing Reverse Grip Cable Tricep Extension comienza de pie alto mirando hacia la máquina de cables, con los pies debajo de las caderas, peso en Extensión de tríceps con agarre inverso en cablerefilm Empujar Carga externa Cable Tríceps Trapecio, Latísimo del dorso",Sagital,"Cadera, con la mano sosteniendo el asa del cable frente al cuerpo, en un agarre supino y Curl de bíceps con cuerda en máquina de cable es un movimiento de tracción Curl de bíceps con cuerda",https://www.youtube.com/watch?v=nXjMCrdYVro
Press Francés con cuerda de pie,hecho,Empujar,Carga externa,Cable,"Tríceps, Serrato Deltoides anteriores",Anterior Deltoids,Sagital,"Agarre, detrás de la cabeza, con los codos altos y la cuerda configurada en la posición baja configuración.",https://www.youtube.com/watch?v=iSC42Fn4VT0
Extensión de tríceps con cuerda de pie,re-film,Empujar,Carga externa,Cable,"Tríceps Trapecio,",Deltoides,Sagital,"Las manos sosteniendo el accesorio de la cuerda frente al cuerpo, en una agarre neutro.",https://www.youtube.com/watch?v=z7gqbcjkzU0
Standing Shoulder External Rotation AAROM with Dowel,hecho,Jalar,Estabilidad,Tubo,"de PVC Deltoides anteriores, Pectorales Bíceps de pie","con los pies debajo de las caderas, peso en los talones, Transverso codos flexionados a 90 grados, pegados al costado, y sosteniendo un",,Tope en un agarre mixto (uno por debajo y otro por encima) a,https://www.youtube.com/watch?v=8hFpttM00B8
Estiramiento de rotación interna del hombro con toalla,hecho,Empujar,Estabilidad,Toalla,"Teres menor, Subescapular Infraespinoso, Supraespinoso de pie, con los pies debajo de las caderas","peso en los talones y aBtuicseps, Deltoides anteriores, Pecs Transverso ambas manos detrás del cuerpo en una posición alta-baja, arriba-abajo,",,"Sosteniendo una toalla. La mano superior está justo detrás de la cabeza, sosteniendo la",https://www.youtube.com/watch?v=EbXSRBEFYp4
Curl de bícep abducto de un solo brazo,hecho,Jalar,Carga externa,Cable,"Bíceps Glúteo máximo, Aductores",,Sagital,FmEY4S\_s (abducto) sosteniendo el asa de la cuerda con un agarre por debajo y la,https://www.youtube.com/watch?v=c
Press Arnold de un solo brazo,hecho,Empujar,Carga externa,Pesa,"(mancuerna) Deltoides anteriores, Tríceps Recto Abdominal, Oblicuo",s Sagital el otro cargado con una mancuerna en la posición de rack,Frontal,Agarre supinado (muñeca mirando hacia dentro).,https://www.youtube.com/watch?v=THNyH2E9mDI
Curl de Bíceps con Cable de un solo brazo,re-film,Jalar,Carga externa,Cable,"Bíceps, Braquial Trapecio,",Deltoides,Sagital,Agarre en pronación en la configuración baja.,https://www.youtube.com/watch?v=Q-wMUbwAkNc
Fly con Cable de un solo brazo,hecho,Jalar,Carga externa,Cable,"Pectorales, Deltoides anteriores, Bíceps Dorsal Transverso Ancho, Abdominal Serrato, la máquina de cables, con la pierna interior del brazo que trabaja, detrás de la Transverso cadera con el peso en el medio hasta la punta del pie, y el",,,LLTE pierna externa delante de la cadera con el peso en medio pie hasta,https://www.youtube.com/watch?v=r0o54R
Press de Cable de un Solo Brazo,hecho,Empujar,Carga externa,Cable,"Pectorales, Deltoides anteriores, Tríceps Serrato, Transverso Abdominal",,Sagital,DhQQ pierna externa delante de la cadera con el peso en medio del pie para,https://www.youtube.com/watch?v=w6dObU
Fila de Cable de un Solo Brazo,hecho,Jalar,Carga externa,Cable,"Dorsal ancho, Bíceps Glúteo Mayor,",Isquiotibiales,Frontal,"Frente del cuerpo, sosteniendo la asa de cable con un agarre neutral, en extensión, y el otro ar",https://www.youtube.com/watch?v=36woeKuHAVk
Levantamiento de pantorrilla con una pierna y mancuerna,hecho,Empujar,Carga externa,Mancuerna,"Gastrocnemio, sóleo Isquiotibiales,",glúteos,Sagital,"Brazo que sostiene el soporte para apoyo y brazo externo hacia abajo a un lado,",https://www.youtube.com/watch?v=Bm4gNwc0YjY
Lanzamiento de balón medicinal en postura de zancada de pie,hecho,Núcleo,Carga externa,Balón medicinal,"Transverso Deltoides anteriores del abdomen, Serrato, Bíceps, glúteos posición escalonada, junto a una pared, con el pie interior delante de Transverso la cadera, peso en el medio del pie, pie exterior detrás de la cadera,",,,"Peso en la bola y ambas manos sosteniendo un balón medicinal, junto al cuerpo, centro del cuerpo, con el elb Ejercicio Estado Patrón Tipo Implemento principal Músculos principales trabajados Músculos secundarios trabajados Plano Explicación del ejercicio URL de YouTube",https://www.youtube.com/watch?v=ND0
Press Pallof en posición dividida de pie,hecho,Empuje,Carga externa,Polea,"Pectorales, deltoides anteriores, tríceps","Transverse Abdominis, Biceps, Glutes",Transversal,"Glúteos el mediopié, y ambas manos firmes al centro del cuerpo, sosteniendo",https://www.youtube.com/watch?v=lqn8Z329Rko
Press Pallof en posición dividida de pie,hecho,Empuje,Carga externa,Polea,"Pectorales, deltoides anteriores","tríceps Transversal de la cadera, peso en la punta, pie externo delante de la cadera, peso en https://www.youtube.com/watch?v=lqn8Z329Rko Glúteos el mediopié, y ambas manos firmes al centro del cuerpo, sosteniendo la empuñadura de la polea en posición neutral El estiramiento de piernas abiertas de pie comienza de pie con los pies separados, fuera de los hombros, peso en el talón al mediopié y ambos brazos extendidos al frente del cuerpo. El movimiento inicia flexionando las caderas, Estiramiento de piernas abiertas de pie regrabar Flexión Estabilidad Ninguno Isquiotibiales, aductores Gemelos, erectores espinales, cuádriceps",Sagital,"Llevando el pecho al suelo, terminando aproximadamente paralelo a",https://www.youtube.com/watch?v=vWw2ISphDP4
Crunch de pie con barra recta en polea,hecho,Núcleo,Carga externa,Polea,"Recto abdominal Cuádriceps,",glúteos,Sagital,"Frente al pecho, aproximadamente a la altura de la clavícula, en un agarre supino, sujeto a la",https://www.youtube.com/watch?v=gl22qCqz4lo
Extensión terminal de rodilla de pie,hecho,Pierna única,Estabilidad,Banda,"Isquiotibiales, cuádriceps Glúteos",Glutes,Sagital,"Las caderas, peso en el talón.",https://www.youtube.com/watch?v=j6s9FIGWOPE
Extensión torácica de pie,hecho,Núcleo,Estabilidad,Ninguno,"Erectores espinales, flexores de cadera Glúteos",,Sagital,"IcazDG7Y el movimiento comienza extendiendo a través de la parte superior de la espalda, alcanzando el",https://www.youtube.com/watch?v=uI
Colgar Pike con peso de pie,hecho,Doblar,Carga externa,Pesa rusa,"Isquiotibiales, Erector de la columna Gastrocnemio, Rect",o Abdominal,Sagital,"Movimiento se inicia flexionando las caderas y alcanzando la pesa rusa al suelo, justo más allá de t",https://www.youtube.com/watch?v=7r46yutO3ns
Colgar Pike con peso de pie,hecho,Doblar,Carga externa,Pesa rusa,"Isquiotibiales, Erector de la columna Gastrocnemio, Recto Abdominal Sagital manos sosteniendo una pesa rusa delante del cuerpo","con brazos largos. El https://www.youtube.com/watch?v=7r46yutO3ns el movimiento se inicia flexionando las caderas y alcanzando la pesa rusa al suelo, justo más allá de t Star Plank comienza de lado, con el brazo inferior en extensión, palma plano contra el suelo, ambas piernas rectas y pie superior apilado encima del Tríceps, Cuádriceps, Anterior Star Plank resfílmar Núcleo Peso corporal Ninguno Glúteos, Recto Abdominal",Frontal,"Deltoides techo, perpendicular al cuerpo, y levantando la pierna superior alejándose de",https://www.youtube.com/watch?v=WL6N6U3UNfc
Star Plank Hip Tap,hecho,Núcleo,Peso corporal,Ninguno,"Oblicuos, Glúteos Serratos",Serratus,Frontal,Parte superior de la parte inferior.,https://www.youtube.com/watch?v=tZmm3TzLris
Star Plank Hip Tap,hecho,Núcleo,Peso corporal,Ninguno,"Oblicuos, Glúteos Serratos Frontal https://www.youtube.com/watch?v=tZmm3TzLris parte superior de la parte inferior. El movimiento inicia levantando la pierna superior hacia del cuerpo, manteniendo la rodilla recta","manteniendo el puente lateral, luego bajo Starfish comienza de lado, con el brazo inferior en extensión, palma plana hacia el suelo, ambas piernas rectas y el pie superior apilado encima del Tríceps, Cuádriceps, Anterior abajo. El movimiento inicia al alcanzar la mano superior hacia el Estrella de mar resfílmar Núcleo Peso corporal Ninguno Glúteos, Recto Abdominal",Frontal,"Deltoides techo, perpendicular al cuerpo, y levantando la pierna superior alejándose de el cuerpo, manteniendo la rodilla recta, creando lo que parece una estrella shap",https://www.youtube.com/watch?v=nSUBKwg7XIs
Espalda estática,hecho,Doblar,Estabilidad,Caja,"de plyo Flexores de la cadera, Erector de la columna Glúteos",Glutes,Sagital,"Inicia con respiración abdominal en la posición estática, inhalando a través de la nariz, expandiendo el estómago, ex",https://www.youtube.com/watch?v=LE4QHouNkNI
El Sostén Pistola Estática,hecho,Una pierna,Peso corporal,Ninguno,"Cuádriceps, Glúteos Flexores de cadera",Hip Flexors,Sagital,"Suelo, manteniendo el peso en la mitad del pie opuesto, flexionando en la rodilla y sentando las caderas st",https://www.youtube.com/watch?v=BOqV735gkBc
"Flexión de hombro sentada estática con peso Deltoides anteriores, Tríceps",re-film,Empujar,Carga externa,Barra,Escápulas,Scapulars,Sagital,Barra Trapecio las manos justo fuera de los hombros.,https://www.youtube.com/watch?v=ixyIlgm9BHs
El Paso Sobre,hecho,Una pierna,Estabilidad,Ninguno,Glúteos Cuádriceps,Quadriceps,Múltiple,"Movimiento se inicia alternando pasos, girando la cadera, hacia afuera y",https://www.youtube.com/watch?v=D2SLKcvBZVw
Stone to Shoulder,re-film,Flexión,Carga externa,Piedra,"Atlas Isquiotibiales, Glúteos, Cuádriceps","Hamstrings, Glutes, Quadriceps",Sagital,"Bíceps inicia flexionando las caderas, flexionando las rodillas, manteniendo la espalda",https://www.youtube.com/watch?v=LakxKWapzm4
Superman Arrestado en Split,re-film,Núcleo,Peso corporal,Ninguno,"Erector de la columna, Escápulas, GlúteosHombros, Isquiotibiales",", Trapecio",Transversal,"Movimiento inicia apretando los glúteos, levantando la cabeza, el pecho y los pies del suelo, y sostener durante el tiempo establecido. La posición de glúteos en straddle comienza tumbado boca abajo con el pecho en la parte superior de una caja de pliometría y las piernas colgando, caderas flexionadas, pies en contacto con el suelo y ambas manos cruzadas frente a la caja para apoyo Sostén de glúteos en straddle reanudar Films Núcleo Peso corporal Caja pliométrica Erector de la columna, glúteos, isquiotibiales, deltoides anteriores Sagital",https://www.youtube.com/watch?v=UtRSnxFFxqg
Split,re-film,Núcleo,Peso corporal,Ninguno,"Erector de la columna, Escápulas, GlúteosHombros","Isquiotibiales, Trapecio Transversal grados, y ambas manos detrás de la cabeza, codos abiertos hacia un lado. https://www.youtube.com/watch?v=UtRSnxFFxqg El movimiento inicia apretando los glúteos, levantando la cabeza, el pecho y los pies del suelo, y sostener durante el tiempo establecido. La posición de glúteos en straddle comienza tumbado boca abajo con el pecho en la parte superior de una caja de pliometría y las piernas colgando, caderas flexionadas, pies en contacto con el suelo y ambas manos cruzadas frente a la caja para apoyo Sostén de glúteos en straddle reanudar Films Núcleo Peso corporal Caja pliométrica Erector de la columna, glúteos, isquiotibiales, deltoides anteriores",Sagital,"Contrapeso. El movimiento inicia levantando las piernas, apretando los glúteos y manteniéndose aproximadamente paralelos para el prescrito Ejercicio Estado Patrón Tipo Implementación Principal Músculos Primarios Trabajados Músculos Secundarios Trabajados Plano Explicación del Ejercicio URL de YouTube La Rotación Rusa con Kettlebell de Brazo Recto comienza sentada en el suelo con",https://www.youtube.com/watch?v=JfJPwDmzyKM
Rotación Rusa con Kettlebell de Brazo Recto,hecho,Núcleo,Carga externa,Kettlebell,"Transverso Deltoides del abdomen, Anterior Oblicuos, Glúteos una columna erguida, rodillas flexionadas, pies en contacto con el suelo y una Transverso kettlebell pegado al cuerpo. El movimiento se inicia al",,,"KXgofEAxY empujar el kettlebell hacia la extensión, delante del cuerpo, elevando",https://www.youtube.com/watch?v=R
Marcha de Puente de Cadera con Pierna Recta,hecho,Núcleo,Peso corporal,Caja pliométrica,"Glúteos, Erector de la columna, Isquiotibiales",Cuádriceps,Sagital,"Través del banco y las caderas hacia la extensión, manteniendo el puente posición, luego flexionando una",https://www.youtube.com/watch?v=SfxiYTdSPgM
Rotación Rusa con Kettlebell de Pierna Recta,hecho,Núcleo,Carga externa,Kettlebell,"Transverso Deltoides del abdomen, Anterior Oblicuos","Glúteos, Isquiotibiales Transverso una columna recta, rodillas rectas, pies en contacto con el suelo y una kettlebell pegado al cuerpo. El movimiento se inicia al elevando los talones desde el suelo, manteniendo las piernas rectas y",,Girando a través del tronco y alcanzando,https://www.youtube.com/watch?v=wO0ybO1qPrg
Sit-Up Anclado Fijo,hecho,Núcleo,Peso corporal,Mancuernas,"Recto Abdominal Flexor de cadera,",Psoas,Sagital,"Sentando el pecho hacia las rodillas, luego extendiéndose de vuelta a la supino, configurar po",https://www.youtube.com/watch?v=F56ixR54w68
Butterfly Chest to Bar,hecho,Jalar,Peso corporal,barra de dominadas,"Dorsal ancho, Bíceps Recto Abdominal, Erector de l",a Espina,Sagital,"Barra, recibiendo la barra en una posición hueca (la cabeza detrás de las manos,",https://www.youtube.com/watch?v=bXZh9au4Mx8
Push-up de parada de manos estricto,re-film,Empuje,Peso corporal,Pared,"Deltoides anteriores, Tríceps Pectoral menor, Trapecio, Escápulas",,Sagital,"Hmg el movimiento inicia golpeando hacia la pared hasta la posición invertida (articulación de la cadera, flexión de la cintura, extiende las manos hacia el suelo, brazos",https://www.youtube.com/watch?v=Y5bm2s
Elevación de piernas colgando estricta,hecho,Núcleo,Peso corporal,Barra de dominadas,"Flexores de cadera, Recto Abdominal Dorsal ancho, Bíceps",", Glúteos",Sagital,"Barra de arriba, recibiendo la barra con las manos justo fuera de los hombros en una",https://www.youtube.com/watch?v=z1oF36cdb4w
Knee to Elbow colgante estricto,hecho,Núcleo,Peso corporal,Barra de dominadas,"Flexores de cadera, Recto abdominal Dorsal ancho, Bíceps",", Glúteos",Sagital,"Barra superior, recibiendo la barra con las manos justo fuera de los hombros en un agarre a doble pronación",https://www.youtube.com/watch?v=jR1I03aEb1g
Knee to Tricep colgante estricto,hecho,Núcleo,Peso corporal,Barra de dominadas,"Flexores de cadera, Recto abdominal Dorsal ancho, Bíceps, Glúteos",,Sagital,"IZq7lXQ barra superior, recibiendo la barra con las manos justo fuera de los hombros en un agarre a doble pronación",https://www.youtube.com/watch?v=GPD
Muscle-Up estricto,re-film,Complejo,Peso corporal,Aros,"Dorsal ancho, Bíceps Escapulares, Pectora","l Mayor, Tríceps",Sagital,"Aros, recibiendo los aros en un agarre falso ( nudillos through the ring) y colgando en extensión, con los brazos largos. Luego flexionando en los codos, tirando",https://www.youtube.com/watch?v=721soPhMhs8
Press estricto,re-film,Empujar,Carga externa,Barra,"Deltoides anterior, Tríceps Trapecio,",Pectoral menor,Sagital,"Braceando el core y empujando la barra por encima de la cabeza, hacia la extensión, terminando con los bíceps junto a las orejas y las muñecas apiladas verticalmente",https://www.youtube.com/watch?v=uPhkTOQ4wek
Pull-up pronado detrás del cuello estricto,re-film,Jalar,Peso corporal,Barra de dominadas,"Dorsal ancho Núcleo, Bíceps",", Escapulares",Sagital,"Fuera de los hombros, en un agarre a doble pronación. Luego tirando hacia abajo y hacia atrás en El ,",https://www.youtube.com/watch?v=xDZ38NvRcBY
Dominada con pronación estricta,re-film,Jalar,Peso corporal,Barra de dominadas,"Latísimo dorsal, Bíceps Escapulares",Scapulars,Sagital,"Manos, la caja torácica metida hacia la pelvis y los dedos de los pies por delante de las caderas) con el Ejercicio Estado Patrón Tipo Implemento principal Músculos principales trabajados Músculos secundarios trabajados Plano Explicación del ejercicio URL de YouTube",https://www.youtube.com/watch?v=7ht8tmdAyqw
Burpee con flexión estricta,hecho,Complejo,Peso corporal,Ninguno,"Recto abdominal, cuádriceps, Glúteos, isquiotibiales, Deltoides anteriores, pectora",l Gastrocnemio,Sagital,"Suelo frente al cuerpo, manteniendo los brazos extendidos, saltando los",https://www.youtube.com/watch?v=yeafo1CIWMg
Fondo estricto en anillas regrabar,,Empuje,Peso corporal,Anillas,"Pectoral mayor, deltoides anteriores Tríceps",Triceps,Sagital,Hombro y controlando el pecho hacia abajo y ligeramente hacia adelante en,https://www.youtube.com/watch?v=4X9fFSTMDJ4
Elevación estricta de pierna,hecho,Núcleo,Peso corporal,Barra de dominadas,"Flexores de cadera, recto abdominal, Dorsal ancho","bíceps, Cuádriceps Isquiotibiales con los pies debajo de las caderas, el peso en la parte media del pie y",Sagital,Recibiendo la barra con las manos justo fuera de los hombros en un,https://www.youtube.com/watch?v=E9bZ2deHyP0
Strict Toe to Bar,hecho,Núcleo,Peso corporal,Barra de dominadas,"Flexores de cadera, recto abdominal","Dorsal ancho, bíceps, Cuádriceps Isquiotibiales con los pies debajo de las caderas, el peso en la parte media del pie y Sagital brazos a los lados. El movimiento inicia saltando a la barra de dominadashttps://www.youtube.com/watch?v=E9bZ2deHyP0 recibiendo la barra con las manos justo fuera de los hombros en un agarre doble prono, El Toes to Bar estricto comienza de pie debajo de la barra de dominadas, con los pies debajo de las caderas, el peso en la parte media del pie y los brazos abajo Toes to Bar estricto regrabar Núcleo Peso corporal Barra de dominadas Recto abdominal, flexores de cadera Dorsal ancho, cuádriceps",Sagital,"Recibiendo la barra con las manos justo fuera de los hombros en un agarre doble prono, manteniendo los",https://www.youtube.com/watch?v=6l5B35GtoJg
Toes to Bar estricto regrabar,,Núcleo,Peso corporal,Barra de dominadas,"Recto abdominal, flexores de cadera Dorsal ancho, cuádriceps Sagital a","los lados. El movimiento inicia saltando a la barra de dominadas, https://www.youtube.com/watch?v=6l5B35GtoJg recibiendo la barra con las manos justo fuera de los hombros en un agarre doble prono, manteniendo los El Toes Through Rings estricto comienza de pie debajo de las Dedos de los pies estrictos a través de anillos reeditar Núcleo Propio peso Anillos Flexores de cadera, recto abdominal, Dorsal ancho, bíceps, Cuádriceps Isquiotibiales anillas de gimnasia, con los pies debajo de las caderas, el peso en la parte media",Sagital,"Hasta los anillos, recibiendo los anillos con un agarre neutro, manteniendo los brazos",https://www.youtube.com/watch?v=PrL7m43WCTE
Flexión de pino de pared estricta de cara a la pared,re-film,Empujar,Propio peso,Pared,"Deltoides Trapecio anteriores, Tríceps, Deltoides posteriores",Rear Deltoids,Sagital,"Manos hacia atrás hasta alcanzar la posición invertida (de cara a la pared), con piernas rectas,",https://www.youtube.com/watch?v=Dd4uflLAlw0
Pull-Up Subescapular,re-film,Jalar,Propio peso,Barra de dominadas,"Dorsal ancho, Bíceps Escápulas, Rect",o Abdominis,Sagital,"Llevando la barbilla por encima de la barra, luego haciendo una pausa, empujando la cabeza y pecho lejos de la barra hacia una posición de palanca, extendiendo el el",https://www.youtube.com/watch?v=gFcNeNhu0VM
Pull-Up Subescapular negativa,re-film,Jalar,Propio peso,Barra de dominadas,"Dorsal ancho, Bíceps Escápulas, Rect",o Abdominis,Sagital,"Dominada, empujando la cabeza y el pecho lejos de la barra hacia una posición de palanca posición",https://www.youtube.com/watch?v=GJ2pqbawf5Y
Porteo de maletín,re-film,Locomoción,Carga externa,Barra,"Dorsal ancho, Trapecio, Antebrazos, Deltoides anteriores Cuádriceps, Erector de la column","a Isquiotibiales, Glúteos,",Sagital,"Movimiento inicia tensando el core, resistiendo la flexión lateral (lado",https://www.youtube.com/watch?v=P6QN472jxUE
UE el movimiento,,Core,Carga externa,Barra,"Dorsal Antebrazos, ancho, deltoides trapecio, anteriores Cuádriceps,","Erectores espinales isquiotibiales, glúteos,",Sagital,"Barra cargada, lateral al cuerpo, con agarre neutro.",https://www.youtube.com/watch?v=b72FEx6GLUg
Sentadilla ciclista con mancuerna tipo maleta,hecho,Sentadilla,Carga externa,Mancuerna,"Cuádriceps, glúteos, flexores de cadera Isquiotibiales,","Trapecio recto abdominal,",Sagital,Sosteniendo un par de mancuernas.,https://www.youtube.com/watch?v=6Odkbnp-WrI
Suitcase Rear Foot Elevated Kettlebell Split Squat,hecho,Una pierna,Carga externa,Kettlebell,"Cuádriceps, glúteos, flexores de cadera Isquiotibiales,","Trapecio recto abdominal,",Sagital,"Rodilla, peso en la parte media del pie, y ambos brazos a los lados,",https://www.youtube.com/watch?v=-Pj6wHdwB7A
Sentadilla dividida tipo maleta,hecho,Una pierna,Carga externa,Kettlebell,"Cuádriceps, glúteos, flexores de cadera Isquiotibiales,","Trapecio recto abdominal,",Sagital,"Ambos brazos a los lados, sosteniendo una sola mancuerna en la mano",https://www.youtube.com/watch?v=7EziKna25lU
La zancada caminando tipo maleta,hecho,Una pierna,Carga externa,Mancuerna,"Cuádriceps, glúteos, flexores de cadera Isquiotibiales,","Trapecio recto abdominal,",Sagital,"Movimiento inicia dando un paso con un pie adelantado respecto a la cadera,",https://www.youtube.com/watch?v=jrTAPRwDAZs
Sumo Air Squat,hecho,Sentadilla,Peso corporal,Ninguno,"Cuádriceps, glúteos, aductores Flexores de cadera,",isquiotibiales,Sagital,"Caderas hacia atrás y hacia abajo hasta estar aproximadamente paralelas o por debajo de ella, luego extendiendo las",https://www.youtube.com/watch?v=bFJ9uHP-Tmo
Peso Muerto Sumo,re-film,Doblar,Carga externa,Barra,"Isquiotibiales, Erector de la Columna, Cuádriceps Adductores,",Latísimo dorsal,Sagital,"Los talones a través del suelo, manteniendo las escápulas hacia atrás y abajo, y Ejercicio Estado Patrón Tipo Implementación principal Músculos principales trabajados Músculos secundarios trabajados Plano Explicación del ejercicio URL de YouTube",https://www.youtube.com/watch?v=q4iR6UTFw-o
Arranque de peso muerto sumo alto,re-film,Doblar,Carga externa,Barra,"Isquiotibiales, Erector de la columna, Aductores, Cuádriceps, Trapeci","o Bíceps Latissimo Dorsi,",Sagital,"Los talones a través del suelo, manteniendo los omóplatos retraídos y d",https://www.youtube.com/watch?v=96LYzIm8Pz0
Sumo Goodmorning,hecho,Doblar,Carga externa,Barra,"Isquiotibiales, Abdominales Glúteos, Recto Erectores espinales fuera de las caderas","peso en los talones, y una barra en la rejilla de espalda",Sagital,"Agarrar. El movimiento se inicia flexionando las caderas, con flexión suave en las rodillas, manteniendo el peso Peso muerto sumo con kettlebell comienza de pie recto con una base amplia, pies fuera de las caderas, peso en los talones y una kettlebell entre Peso muerto sumo con kettlebell",https://www.youtube.com/watch?v=jTNe-ZZUMeY
Peso muerto sumo con kettlebell,re-film,Doblar,Carga externa,Kettlebell,"Isquiotibiales, Erector de la columna, Cuádriceps Aductores, Latissimu",s Dorsi,Sagital,"Agarre por encima, bajando las caderas, levantando el pecho, manteniendo el espalda plana y",https://www.youtube.com/watch?v=3lVA-pvV6fg
Sentadilla sumo,hecho,Sentadilla,Peso corporal,Ninguno,"Cuádriceps, Glúteos, Aductores Flexores de cadera,",Isquiotibiales,Sagital,"Caderas hacia atrás y abajo hasta justo a la paralelo o por debajo, para luego extender",https://www.youtube.com/watch?v=sEviwjy7k-w
Caminata de plancha con postura de sumo,hecho,Empuje,Peso corporal,Ninguno,"Cuádriceps, Tríceps Deltoides anteriores Recto abdominal, glúteos,",pectorales,Sagital,"Llevando el pecho al suelo y las manos al piso, justo delante de",https://www.youtube.com/watch?v=d2v13DgAeOM
Empuje con banda en supinación,hecho,Empuje,Carga externa,Banda,"Tríceps Deltoides anteriores,",bíceps,Sagital,"Grados, frente a la cadera, sujetando una mano atada a la barra de dominadas con un agarre en supinación.",https://www.youtube.com/watch?v=vHf0fVqO-W4
Remo con banda en supinación,hecho,Jalón,Carga externa,Banda,"Dorsal ancho, bíceps Romboides,",trapecio,Sagital,"Atada al rack aproximadamente a la altura del pecho, en un",https://www.youtube.com/watch?v=urPZtLMy8so
Supinated Barbell Bent Over Row,hecho,Jalón,Carga externa,Banda,"Dorsal ancho, bíceps Romboides, trapecio Sagital frente al cuerpo","codos extendidos, frente a la cadera, sujetando una manohttps://www.youtube.com/watch?v=urPZtLMy8so atada al rack aproximadamente a la altura del pecho, en un agarre en supinación. El movimiento inicia El remo inclinado con barra en supinación comienza de pie, con los pies debajo de las caderas, el peso en el talón hasta la parte media del pie, sujetando una barra Remo inclinado con barra en supinación regrabar Jalón Carga externa Barra Dorsal ancho, bíceps, Isquiotibiales Escápulas, erectores espinales",Sagital,"Espalda recta y los brazos largos, y guiando la barra hasta la parte superior de las rodillas",https://www.youtube.com/watch?v=8ajG0DGCoLU
Empuje de tríceps en polea con agarre supino,hecho,Empujar,Carga externa,Cable,Tríceps Bíceps,Biceps,Sagital,"Grados, delante de la cadera, sujetando la fijación de barra recta hacia adentro y agarre en pronación. El m Supinado ,",https://www.youtube.com/watch?v=tndXsXjc3mQ
Supinado Pecho a Barra,re-film,Jalar,Peso corporal,Barra de dominadas,"Bíceps, Latísimo Dorsi Escápulas, Rect",o Abdominis,Sagital,"Barra de subida, recibiendo la barra en un agarre en pronación, brazos extendidos, y",https://www.youtube.com/watch?v=X79fhGl9bn0
Luego flexionando,hecho,Jalar,Peso corporal,Barra de dominadas,"Bíceps, Latíssimo Dorsi Escápulas, Recto Abdominis",,Sagital,"Barra de dominadas, recibiendo la barra en un agarre en pronación, brazos extendidos, y piernas rectas.",https://www.youtube.com/watch?v=Q-ZZ8x
Sostén Supinado de Mentón sobre Anillo,hecho,Jalar,Peso corporal,Anillas,"Trapecio, Bíceps Recto Abdominis",Rectus Abdominus,Sagital,"Saltando hacia las anillas, recibiendo las anillas en un agarre neutro, brazos extendidos, y piernas rectas. El",https://www.youtube.com/watch?v=FmqbqFenntg
Sostén Supinado de Mentón sobre Plano Vertical,re-film,Jalar,Peso corporal,Barra de dominadas,"Bíceps, Latísimo Dorsi Escápulas, Rect",o Abdominis,Sagital,"Inicia saltando hacia el mencionado plano vertical, recibiendo en un",https://www.youtube.com/watch?v=jBbgioY1O1A
Sostén de Mentón Supinado sobre Plano Vertical en Tuck,hecho,Jalar,Peso corporal,Barra de dominadas,"Bíceps, Latísimo Dorsi Escápulas, Recto Abdominis",,Sagital,"ELUg plano, recibiendo en un agarre de pronación, brazos extendidos y piernas rectos. Luego flexionando",https://www.youtube.com/watch?v=D5drhq
Supinated Dumbbell Bench Press,hecho,Empujar,Carga externa,Mancuerna,"Pectorales, Deltoides anteriores, Tríceps Bíceps",Biceps,Sagital,Poco por encima del hombro con un agarre supinado (la muñeca mirando hacia dentro).,https://www.youtube.com/watch?v=Es1Urxbpr0M
Sujeción de fila invertida supinada,hecho,Jalar,Peso corporal,Barra,"Latissimus Dorsi, Glúteo Máximo, Deltoides posteriores Recto Abdominis,",Bíceps,Sagital,"Extensión para la barra, con las manos justo fuera de los hombros",https://www.youtube.com/watch?v=6pgCGmdZN5Y
El mo,hecho,Jalar,Peso corporal,Barra de dominadas,"Latissimus Dorsi, Recto Bíceps, Tríceps Abdominis,",Flexores de cadera,Frontal,"Saltar y elevar el mentón sobre la barra (o plano vertical), flexionando en la cintura y",https://www.youtube.com/watch?v=wHRALwvcrls
Dominadas Sujeción L supinadas con mentón sobre plano vertical,hecho,Jalar,Peso corporal,Barra de dominadas,"Latissimus Dorsi, Recto Abdominis, Flexores de cadera Bíceps, Tríceps",,Frontal,"ZnfE y elevar el mentón sobre la barra (o plano vertical), flexionando en la cintura y r",https://www.youtube.com/watch?v=UkCSUd
Dominada L supinada negativa,hecho,Jalar,Peso corporal,Barra de dominadas,"Latissimus Dorsi, Recto Bíceps, Tríceps Abdominis,",Flexores de cadera,Frontal,"Mentón sobre la barra (o plano vertical), flexionando la cintura y elevando las piernas a la",https://www.youtube.com/watch?v=bqCjl5c2frw
Domino de L Supinada,re-film,Jalar,Peso corporal,Barra de dominadas,"Bíceps, dorsal ancho Escápulas,",Recto abdominal,Frontal,"Agarre en pronación, con los brazos extendidos y ambas piernas rectas. Luego flexionando en t",https://www.youtube.com/watch?v=uwabVEF5QEs
Supinated Lat Pulldown,hecho,Jalar,Carga externa,Cable,"Dorsal ancho, Bíceps Romboides",Rhomboids,Sagital,"Agarre en pronación, en la configuración alta.",https://www.youtube.com/watch?v=zKgHppdVnZM
Supinated Narrow Grip Hang From Bar,re-film,Jalar,Estabilidad,Barra de dominadas,"Dorsal ancho Escápulas, Braquiorradia","l Palmar Largo,",Sagital,Para el dominio de tiempo prescrito.,https://www.youtube.com/watch?v=XheGJkKETJ8
Dominada con agarre estrecho supinado,re-film,Jalar,Peso corporal,Barra de dominadas,"Bíceps, Dorsal ancho Escápulas, Palma","r Largo, Recto Bra abdominal,",Sagital,"Hombros, flexionando los codos, tirando hacia abajo de la barra de dominadas, y tirando el chi",https://www.youtube.com/watch?v=dN5DqMhO18s
Colgado pasivo supinado,re-film,Jalar,Estabilidad,Barra de dominadas,"Dorsal ancho Palmar Largo,",Braquiorradial,Sagital,Dominio de tiempo prescrito.,https://www.youtube.com/watch?v=PP-pktbKDjI
Dominadas supinadas,hecho,Jalar,Peso corporal,barra de dominadas,"Bíceps, Latísimo Dorsi Deltoides,",Transverso del abdomen,Sagital,"Flexionando los codos, tirando hacia abajo de la barra de dominadas, levantando la barbilla sobre t",https://www.youtube.com/watch?v=6Jb1J3eqxqc
Negativa de dominada supinada,hecho,Jalar,Peso corporal,barra de dominadas,"Latísimo Dorsi, Bíceps Romboides, escapulas",,Sagital,"TnEZQ apretando los bíceps en la parte superior de la dominada, estabilizando y sosteniendo por la prescri",https://www.youtube.com/watch?v=bib
Dominada supinada en anillos,hecho,Jalar,Peso corporal,Anillos,"Latísimo Dorsi, Bíceps Braquial,",Romboides,Sagital,"Recto. El movimiento se inicia saltando y levantando la barbilla hacia la barra en entre y sobre la r La fila supinada en anillos comienza sentado en el suelo debajo de un par de anillos de gimnasia bajos, con las piernas rectas y los brazos extendiéndose hacia dentro Remo en anillos supinado",https://www.youtube.com/watch?v=XxQaiPb2qfs
Remo en anillos supinado,re-film,Jalar,Peso corporal,Anillos,"Bíceps, Latísimo Dorsi Escapulares, Longus, Braquiorradial Isquiotibiales, Palmaris",,Sagital,"JmmRaigY las rodillas rectas y colgando con los brazos largos, debajo de los anillos, pa",https://www.youtube.com/watch?v=yX
Remo con cable de un solo brazo en posición sentada,hecho,Jalar,Carga externa,Cable,"Latísimo Dorsi, Bíceps Romboides",Rhomboids,Sagital,"Agarre en supinación, con el brazo extendido frente al cuerpo.",https://www.youtube.com/watch?v=zyJHTED1xZo
Remo con cable de un solo brazo supinado,hecho,Tirar,Carga externa,Cable,"Latissimus Dorsi, Bíceps Romboides",Rhomboids,Sagital,"Agarre en pronación, con el brazo extendido frente al cuerpo.",https://www.youtube.com/watch?v=8vpFqzimLyg
El Bajada de una pierna en posición supina,hecho,Una pierna,Estabilidad,Ninguno,"Flexores de la cadera, Recto abdominal Glúteos,",Isquiotibiales,Sagital,"Aproximadamente 90 grados o perpendicular con las caderas, manteniendo el las rodillas extendidas. Luego alternando o Ejercicio Estado Patrón Tipo Implemento principal Músculos principales trabajados Músculos secundarios trabajados Plano Explicación del ejercicio URL de YouTube",https://www.youtube.com/watch?v=CNt8PrpR79M
T Bar Row,re-film,Jalar,Carga externa,Máquina,"Latísimo Dorsi, Bíceps Erectores de la columna,",Redondo mayor,Sagital,"Barra en T hacia la caja torácica, manteniendo los codos altos y ajustados a un lado, luego extendiendo el codo",https://www.youtube.com/watch?v=AgxCPp37waQ
Push Up en T,hecho,Empujar,Peso corporal,Ninguno,"Tríceps, Deltoides posteriores, Trapecio Recto Abdominis","externo Oblicuos ambos brazos extendidos, debajo del pecho, con las palmas en la Transverso suelo, piernas rectas y columna neutral. El movimiento inicia al",,"Sacando una mano del piso, alcanzando alto y amplio y",https://www.youtube.com/watch?v=NW86tPhCWTc
Levantamiento de banda en rodillas altas,hecho,Núcleo,Carga externa,Banda,"Transverso Serrato del abdomen, Oblicuos, Deltoides anteriores","Bíceps debajo de las caderas, flexionadas a 90 grados, con las caderas extendidas y Transverso columna, vertical) junto a un soporte con una banda unida en una configuración baja,",,"Con brazos largos y ambas manos sujetando la banda en agarre neutro,",https://www.youtube.com/watch?v=SP6DoszGLQo
Press detrás del cuello en rodillas altas,hecho,Empujar,Carga externa,Barra,"Deltoides Romboides anteriores, Tríceps, Trapecio, Abdominale","s Serrato, Recto",Frontal,"Ambas manos sujetando la barra por fuera de los hombros, con un",https://www.youtube.com/watch?v=fPcWTocTvDI
Tall Kneeling Dumbbell Push Press,realizado,Empuje,Carga externa,Mancuerna,"Glúteos, Tríceps, Deltoides Anteriores","Recto Abdominal, Isquiotibiales Sagital extendidos y columna vertebral vertical) con un par de mancuernas en la posición de soporte",Frontal,"Posición, con un agarre neutro.",https://www.youtube.com/watch?v=ysZ8hzQEo6E
Filly Press en Rodillas Altas,realizado,Empuje,Carga externa,Kettlebell,"Deltoides Anteriores Glúteos, Recto Abdominal Frontal columna vertebral vertical), sosteniendo una mancuerna en la posición de soporte",,Frontal,"Acw lado con un agarre supinado (muñeca hacia adentro), y una kettlebell en la posición de soporte frontal",https://www.youtube.com/watch?v=yenEUut
Curl de Cuerno con Kettlebell en Rodillas Altas,realizado,Jalón,Carga externa,Kettlebell,"Bíceps, Deltoides Anteriores Tríceps, Pectorales",", Recto Abdominal",Sagital,"Por los cuernos con un agarre neutro y brazos extendidos, frente a las caderas.",https://www.youtube.com/watch?v=dy9clsmIO34
Landmine Press en Rodillas Altas,realizado,Empuje,Carga externa,Barra Landmine,"Deltoides Serrato Anteriores, Tríceps, Recto Abdominal,",Glúteos,Sagital,"Manguito, sosteniendo la cabeza de la barra frente al pecho con ambas",https://www.youtube.com/watch?v=zUUQenp3Lk8
Pallof Press en Rodillas Altas,realizado,Empuje,Carga externa,Banda,"Deltoides Anteriores, Pectorales, Tríceps Abdominal Transverso,",Glúteos,Sagital,"Banda de simetría, o cable conectado, ambas manos sujetando el cable agarradera con un agarre neutro, con los codos",https://www.youtube.com/watch?v=XfshkjWTDQE
Press de Empuje en Rodillas Altas,hecho,Empuje,Carga externa,Barra,"Glúteos, Tríceps, Deltoides Anteriores","Recto Abdominal, Isquiotibiales Sagital columna vertical), con una barra en la posición de rack",Frontal,Fuera de los hombros con un agarre prono.,https://www.youtube.com/watch?v=TmJ5OvnOcA8
Half Kneeling Single Arm Dumbbell Press,hecho,Empuje,Carga externa,Mancuerna,"Deltoides Anteriores, Tríceps Recto Glúteos Abdominal, Flexores d","e Cadera,",Sagital,"Otro cargado con una mancuerna en la posición de rack frontal, con un",https://www.youtube.com/watch?v=dvbutfYH2JU
Remo con Kettlebell a Tres Apoyos,hecho,Jalar,Carga externa,Kettlebell,"Dorsal Ancho, Bíceps Erectores Espinales, Glúteos",", Isquiotibiales",Sagital,"Mano sujetando una kettlebell con agarre neutro, con el codo recto, alineado debajo del homb",https://www.youtube.com/watch?v=wQC4xIxyb-o
Elevación de Tibial,hecho,Jalar,Peso corporal,Caja Pliométrica,Tibial Anterior Cuádriceps,Quadriceps,Sagital,"Dedos de los pies al suelo, alargando y elevando el tibial (parte de la pantorrilla",https://www.youtube.com/watch?v=nn0avIe473A
Toes to Bar,re-film,Núcleo,Peso corporal,Barra de dominadas,"Dorsal Ancho, Recto Cuádriceps Abdomen, flexores de la cadera",Quadriceps,Sagital,"Barra con los brazos extendidos, metiendo las costillas hacia la pelvis y los dedos de los pies hacia adentro adelanto de",https://www.youtube.com/watch?v=TqvyzFu7B9Q
Fila alterna con mancuerna de arriba hacia abajo realizada,,Jalar,Carga externa,Mancuerna,"Dorsal ancho, Bíceps Erectores de la columna,",Glúteos,Sagital,Alcanzando el piso.,https://www.youtube.com/watch?v=efHqVJ1FewU
Peso Muerto Rumano con Barra de arriba hacia abajo vuelve a filmar,,Doblar,Carga externa,Barra,"Erector de la Espina, Glúteos, Isquiotibiales Trapezio, Latísim",o Dorsi,Sagital,"Agarrar, justo fuera de los hombros.",https://www.youtube.com/watch?v=85oqdXbfjVc
Peso Muerto con Barra de Trampa volverse a filmar,,Doblar,Carga externa,Barra de Trampa,"Isquiotibiales, Erector de la Espina, Glúteos Cuádriceps, Latísim",o Dorsi,Sagital,Las rodillas flexionadas y una columna neutra.,https://www.youtube.com/watch?v=lcaWjAw75vw
Trap Bar Farmers Walk,hecho,Locomoción,Carga externa,Barra de Trampa,"Trapecio, Cuádriceps Recto Abdominis, Glúteos, Oblicuos",", Braquiorradial",Sagital,Agarre neutro y las escápulas hacia atrás y hacia abajo. El movimiento inicia al caminar un pie hacia adentro,https://www.youtube.com/watch?v=eVCwgklgFG8
Remo con Barra de Trampa,hecho,Jalar,Carga externa,Barra de Trampa,"Latísimo Dorsi, Bíceps Glúteos, Erector de l","a Espina, Isquiotibiales",Sagital,"Movimiento se inicia flexionando la cadera, con flexión suave en el rodilla, manteniendo la espalda fl El Trap Bar Shrug empieza de pie alto con los pies debajo de las caderas, peso en la mitad del pie hacia los talones, de pie dentro de la barra de trampa, con ambos Shrug con Barra de Trampa",https://www.youtube.com/watch?v=XOKsr0bpYZg
Shrug con Barra de Trampa,hecho,Jalar,Carga externa,Barra de Trampa,"Trapecio Braquiorradial,",Romboides,Frontal,"Movimiento comienza encogiendo los hombros hacia arriba y hacia atrás, apretando los trapecios, y el Aumento del Trap 3 comienza de pie alto con los pies debajo de las caderas, peso en la mitad del pie hasta los talones y ambos brazos hacia abajo a los lados Aumento de Trap-3",https://www.youtube.com/watch?v=vEpnOixbilA
Aumento de Trap-3,re-film,Jalar,Carga externa,Disco,"Escápulas, Deltoides dorsal ancho, trasero Isquiotibiales",,Sagital,"LmYhc la espalda plana y levantando los discos alto, paralelos al hombro, con brazos rectos, en",https://www.youtube.com/watch?v=sh-tM
Tuck Hang,re-film,Núcleo,Peso corporal,Barra de dominadas,"flexores de cadera, recto abdominal, Escápulas, Palmari","s Longus, Dorso ancho Braquirradial",Sagital,"Cuchillas, metiendo las rodillas al pecho y manteniendo el tiempo prescrito",https://www.youtube.com/watch?v=XWIXu6EJzd0
Turkish Get-Up,re-film,Complejo,Carga externa,Kettlebell,"Deltoides anteriores, Tríceps, Trapecio Cuádriceps,","Abdominales glúteos, recto",Múltiple,Apilados horizontalmente al cuerpo.,https://www.youtube.com/watch?v=ixEdyKBR6zY
Turkish Get-Up con Holds y Presses,re-film,Complejo,Carga externa,Kettlebell,"Deltoides, Tríceps, anteriores, Pectoral mayor","Pec menor, Cuádriceps, Cadera Trapecio Flexores",Múltiple,Mismo brazo que la rodilla flexionada sosteniendo una kettlebell extendida sobre el,https://www.youtube.com/watch?v=5CyzlZYWR3g
Fila con kettlebell única blanco etiqueta,,Jalar,Carga externa,Pesas rusas,"Latísimos del dorsal, Bíceps Erector de la columna, Glúteos",", Isquiotibiales",Sagital,"Movimiento se inicia al flexionar las caderas con una ligera flexión de la rodilla,",https://www.youtube.com/watch?v=fo-JbxrvwCM
JbxrvwCM el movimiento,,Flexionar,Peso corporal,Ninguno,"Glúteos, Deltoides anterior, Erector Pectorales, Tríceps",", Cuádriceps",Múltiple,Espina dorsal /,https://www.youtube.com/watch?v=eaDsGSqdP2Y
Salto vertical,re-film,Doblar,Explosividad,Ninguno,"Cuádriceps, Glúteos, Isquiotibiales Gastrocnemio",Gastrocnemius,Sagital,Aterriza suavemente en el suelo con un poco de flexión de las rodillas para absorb th,https://www.youtube.com/watch?v=UH-3LUWzBpU
Salto vertical,re-film,Doblar,Explosividad,Ninguno,"Cuádriceps, Glúteos, Isquiotibiales Gastrocnemio Sagital cargando para impulsarte resorte","luego lo más salta alto recto posible, hacia arriba o tan llevando alto como los brazos sea por seguro encima para de la ti, cabeza luego https://www.youtube.com/watch?v=UH-3LUWzBpU aterriza suavemente en el suelo con un poco de flexión de las rodillas para absorb th Waiters Bow empieza en una posición de pie alta, con las manos detrás de Waiters Bow blanco etiqueta Doblar Peso corporal Ninguno Erector Spinae, Glúteos, Isquiotibiales Deltoides anteriores la parte baja de la espalda, nudillos mirando hacia el cuerpo. Para iniciar el",Sagital,"Parte superior del cuerpo hacia adelante, bajando a aproximadamente paralela al suelo, o",https://www.youtube.com/watch?v=dedQnxfE7Ks
Walking Lunge,re-film,Una pierna,Peso corporal,Ninguno,"Cuádriceps, Glúteos Gemelos, Erector de la columna",", Psoas",Sagital,"Con el pie opuesto adelantándose esta vez, doblando ambas rodillas, y luego dando el paso a la b Ejercicio Estado Patrón Tipo Implementación principal Músculos principales trabajados Músculos secundarios trabajados Plano Explicación del ejercicio URL de YouTube",https://www.youtube.com/watch?v=zsy1vvEPyik
Wall Ball,re-film,Complejo,Explosividad,Pelota,"medicinal Cuádriceps, Deltoides anteriores Glúteos, Isquiotibiales, Pantorrillas, Trapeci","o Erector de la espina, Tríceps,",Sagital,"Una posición de sentadilla, luego impulsa a través de los talones para extender las piernas y volver a ponerse de pie, y lanzar la pelota de inmediato",https://www.youtube.com/watch?v=Z0FEpeCyFJs
Wall Deadbug,re-film,Núcleo,Estabilidad,Pared,"Recto Abdominal, Flexores de la cadera Glúteos,",Cuádriceps,Sagital,"Para iniciar el movimiento, aplica algo de presión de las manos hacia la pared, la pared, luego extiende una pierna",https://www.youtube.com/watch?v=HMqiTgJf0T0
Wall Facing Handstand Hold,re-film,Empujar,Peso corporal,Pared,"Deltoides anteriores, Tríceps Trapecio",Trapezius,Sagital,"Elevando las escápulas y trapecios hacia las orejas, manteniendo los brazos rectos, co",https://www.youtube.com/watch?v=h2z0Y0NAetM
Facing Hip Tap,hecho,Empujar,Peso corporal,Pared,"Deltoides Trapecio anteriores, Tríceps, Oblicuos, Deltoide","s Mediales, Pectorales",Frontal,Otra mano lejos del suelo y rápidamente alcanza a tocar la misma,https://www.youtube.com/watch?v=BRxsqgRYfQs
Wall Psoas March,re-film,Empujar,Peso corporal,Pared,"Deltoides anteriores, Tríceps Trapecio Sagital movimiento, incline el peso más hacia una mano","luego retire con la otra mano lejos del suelo y rápidamente alcanza para tocar lo mismo hombro lateral, luego baja la mano por debajo del hombro. Luego, altera La Marcha Psoas en la Pared empieza acostado de espaldas con una pared detrás de ti, Marcha Psoas de Pared blanco etiqueta Una Pierna Estabilidad Banda Psoas, Flexores de la cadera, Recto Abdomen Cuádriceps, Glúteos manos sobre la cabeza tocando la pared detrás de ti con codos flexionados, como",Sagital,"Una banda pequeña enredada alrededor de los pies. Para iniciar el movimiento,",https://www.youtube.com/watch?v=kjNJhsd1X3Y
Flexión de Brazos en Pared,hecho,Empujar,Peso corporal,Pared,"Pectorales, Deltoides anteriores, Tríceps Recto Abdominis",Rectus Abdominis,Sagital,"Punta de los pies. Para iniciar el movimiento, flexiona los codos y lentamente acerca el cuerpo hacia el",https://www.youtube.com/watch?v=QktjpR1sYhk
Sentadilla en Pared,re-film,Sentadilla,Peso corporal,Pared,"Cuádriceps, Isquiotibiales, Glúteos Gastronemio",,Sagital,"Caderas en línea con las rodillas, donde las rodillas están flexionadas a aproximadamente 90 grados. Mantén la parte baja de la espalda en contacto con la pared en todo momento mover",https://www.youtube.com/watch?v=DggraO72
Wall Sit with Banded Abduction,hecho,Sentadilla,Estabilidad,Banda,"Abductores, Cuádriceps, Glúteos Erector de la espina, Rect",o Abdominis,Frontal,"Llegar a la posición, deslizar el cuerpo verticalmente hacia abajo para llevar las caderas alineadas con las rodillas, para",https://www.youtube.com/watch?v=5yp2lV7v5jg
"Deslizamiento en la Pared , .",re-film,Empujar,Estabilidad,Pared,"Escápulas, trapecio, romboides Deltoides anteriores",Anterior Deltoids,Sagital,"Exagerar la elevación del trapecio y los hombros. Sentadilla en la pared volver a grabar Sentadilla Peso corporal Pared Cuádriceps, glúteos, isquiotibialesGemelos, erectores espinales",https://www.youtube.com/watch?v=y2hFQEaXUck
"Deslizamiento en la Pared , .",re-film,Empujar,Estabilidad,Pared,"Escápulas, trapecio, romboides Deltoides anteriores Sagital e intenta presionar las manos abiertas hacia el techo sin https://www.youtube.com/watch?v=y2hFQEaXUck exagerar la elevación del trapecio y los hombros. Sentadilla en la pared volver a grabar Sentadilla Peso corporal Pared Cuádriceps","glúteos, isquiotibialesGemelos, erectores espinales",Sagital,"Pared con los brazos colocados por encima de la cabeza. La , dominada lastrada al pecho comienza colgándose de una barra de dominadas, brazos extendidos, con las manos a la anchura de los hombros, con las palmas Dominada lastrada al pecho volver a grabar Jalar Carga externa Barra de dominadas Dorsal ancho, bíceps Escápulas Sagital mirando hacia afuera, y un cinturón de peso alrededor de la cintura con una disco de peso o kettlebell colgando de la cadena del cinturón de peso. Puedes colocar el peso detrás y entre las piernas para mantenerlo estable. Para iniciar",https://www.youtube.com/watch?v=y7BynsP29JI
Para iniciar,hecho,Núcleo,Carga externa,Disco,"Recto abdominal Deltoides anteriores, tríceps",,Sagital,"Qmyw Para iniciar el movimiento, presiona la zona lumbar contra el suelo y enrolla sobre la parte baja de la espalda El fondo lastrado es un movimiento gimnástico en el que el cliente utiliza una barra de fondos Fondo lastrado volver a grabar Empujar Carga externa Barra de fondos Pectorales, deltoides anteriores, trícepsTrapecio Sagital con carga adicional a su peso corporal. El cliente baja en la barra hasta que los codos lleguen a 90 grados o menos y luego empuja",https://www.youtube.com/watch?v=ROlYty
Crunch lastrado,hecho,Núcleo,Carga externa,Disco,"Recto abdominal Deltoides anteriores, tríceps Sagital sujetando un disco de peso por los lados del disco, palmas hacia adentro. https://www.youtube.com/watch?v=ROlYty\_qmyw Para iniciar el movimiento","presiona la zona lumbar contra el suelo y enrolla sobre la parte baja de la espalda El fondo lastrado es un movimiento gimnástico en el que el cliente utiliza una barra de fondos Fondo lastrado volver a grabar Empujar Carga externa Barra de fondos Pectorales, deltoides anteriores, trícepsTrapecio",Sagital,Regreso a la extensión completa.,https://www.youtube.com/watch?v=qEmCuapE3M0
Plancha de antebrazos lastrada,hecho,Núcleo,Carga externa,Disco,"Recto abdominal, glúteos Tríceps,",flexores de la muñeca,Sagital,"Colocado. Activa tu núcleo, manteniendo la espalda recta y los glúteos y",https://www.youtube.com/watch?v=E2pK5NvSxAQ
Weighted GHD Back Extension,hecho,Núcleo,Carga externa,GHD,"Erector de la columna, Glúteos Coleanflexores,",Cuádriceps,Sagital,"Cuello con ambas manos sujetando los lados del peso, palmas",https://www.youtube.com/watch?v=x41VCXfn500
Abrace a un Extensión de cadera con GHD con peso,hecho,Núcleo,Carga externa,GHD,"Erector de la columna, Glúteos Coleanflexores,",Cuádriceps,Sagital,"Con ambas manos sujetando los lados del peso, palmas mirando hacia hacia abajo. Activa tus glúteos y los isquiotibiales Ejercicio Estado Patrón Tipo Implementación Principal Músculos Principales Trabajados Músculos Secundarios Trabajados Plano Explicación del ejercicio URL de YouTube",https://www.youtube.com/watch?v=faAxegiiUKE
Dominada con agarre mixto con peso,hecho,Jalar,Carga externa,Barra de dominadas,"Dorsal ancho, Bíceps","Rectus Abdominis, Rhomboids, Brachialis",Sagital,Braquial con las manos ligeramente más separadas que la anchura de los hombros. Comienza con,https://www.youtube.com/watch?v=QPUCcnBP6C0
Plancha con peso,hecho,Núcleo,Carga externa,Placa,"Recto Abdominal, Pectoral mayor Deltoides anteriores, Tríceps",,Sagital,"EzzspFT4 Activa tu núcleo, manteniendo la espalda plana y los glúteos y muslos tensos.",https://www.youtube.com/watch?v=3T
Plancha con peso,hecho,Núcleo,Carga externa,Placa,"Recto Abdominal, Pectoral mayor Deltoides anteriores, Tríceps Sagital Coloca una placa de peso en tu espalda","asegurándote de que esté bien ubicada. https://www.youtube.com/watch?v=3T\_ezzspFT4 Activa tu núcleo, manteniendo la espalda plana y los glúteos y muslos tensos. Mantén la posición de plancha durante el tiempo deseado, siendo m La dominada negativa pronada comienza al colocar una barra de dominadas a una altura donde puedas colgar libremente con los brazos completamente extendidos. blanco Dominada negativa pronada Jalar Carga externa Barra de dominadas Dorsal ancho, Bíceps, Tríceps Deltoides posteriores, Trapecios",Frontal,Etiqueta el peso esté uniformemente distribuido. Agarra la barra con un agarre pronado (de overhand),https://www.youtube.com/watch?v=vMyEKdTHMXQ
Súbete hacia la barra hasta,re-film,Una pierna,Carga externa,Mancuerna,"Cuádriceps, Glúteos Ciertos,",Psoas,Sagital,"Manteniendo la rodilla delantera flexionada en un ángulo de 90 grados, asegurando que la rodilla delantera no pase de los dedos de los pies. Detente al fondo y luego pre",https://www.youtube.com/watch?v=vPtFZRG3vkA
Zancada inversa con peso,re-film,Una pierna,Carga externa,Mancuerna,"Cuádriceps, Glúteos Ciertos, Psoas Sagital https://www.youtube.com/watch?v=vPtFZRG3vkA manteniendo la rodilla delantera flexionada en un ángulo de 90 grados, asegurando que la rodilla delantera no pase de los dedos de los pies. Detente al fondo y luego pre Las selección de anillos con peso comienza colocando placas de peso en un cinturón de fondo y asegurando el cinturón alrededor de tu cintura. Agarra los anillos y salta, blanco Recto abdominal, Glúteo mayor Dip con peso en anillos Empujar Carga externa Barra de fondos Tríceps, Pectoral mayor",,Sagital,"LtBSx8o etiqueta Máximos, Deltoides posteriores codos hasta que tus hombros queden por debajo de tus codos, luego vuelve a presionar hacia arriba a la posición de inicio.",https://www.youtube.com/watch?v=75
Weighted Russian Step-Up,re-film,Una pierna,Carga externa,Mancuerna,"Géminos, Erector de la columna","Calves, Erector Spinae",Sagital,"Flexores de cadera otro pie en el suelo y mantén una postura erguida. Empuja a través del talón del pie en el banco y ponte de pie, llevando la pierna de atrás",https://www.youtube.com/watch?v=tjuBbhSKaDo
Empuja a través del,re-film,Núcleo,Carga externa,Mancuerna,"Recto abdominal, Deltoides","Rectus Abdominis, Deltoids",Sagital,Glúteos el antebrazo está apoyado en el suelo. Sostén una placa de peso en tu cadera superior,https://www.youtube.com/watch?v=IL2kSuNvrII
Weighted Supinated Pull-Up,hecho,Núcleo,Carga externa,Placa,"Dorsal ancho Sagital sostenido por una correa. Sosteniendo una placa de peso o una mancuerna a través de Abdominis pecho, la parte superior del cuerpo está en una posición horizontal alineada con las piernas. Mantén la cantidad prescrita La dominada supinada cargada comienza al colocar un peso a un peso cinturón","luego de pie debajo de una barra de dominadas y sujetándola con las palmas Romboides, Deltoides posteriores, Dominada supinada con peso hecha Jalar Carga externa Barra de dominadas Dorsal ancho, Bíceps",Sagital,"Recto abdominal escápulas y acercando el pecho a la barra, manteniendo las",https://www.youtube.com/watch?v=utzrUcxP7v0
Zancada caminada con peso,re-film,Una pierna,Carga externa,Mancuerna,"Cuádriceps, Glúteos","Gastrocnemius, Hip Flexors, Hamstrings",Sagital,"Isquiotibiales y tu rodilla trasera casi toca el suelo. Tu rodilla delantera debe estar directamente sobre tu tobillo, y tu rodilla trasera debe quedan en hovering a unos centímetros deLa dominada de agarre ancho con peso empieza colocando un peso a un peso cinturón y asegurándolo alrededor de tu cintura. Toma un agarre ancho en una dominada blanco Romboides, Recto abdominal, Dominada con agarre ancho y peso Jalar Carga externa Barra de dominadas Dorsal ancho, Bíceps Sagital barra con las palmas mirando hacia lejos de ti. Activa tu hombro",https://www.youtube.com/watch?v=11cDML5e7zw
Zancada caminada con peso,re-film,Una pierna,Carga externa,Mancuerna,"Cuádriceps, Glúteos Sagital https://www.youtube.com/watch?v=11cDML5e7zw Isquiotibiales y tu rodilla trasera casi toca el suelo. Tu rodilla delantera debe estar directamente sobre tu tobillo","y tu rodilla trasera debe quedan en hovering a unos centímetros deLa dominada de agarre ancho con peso empieza colocando un peso a un peso cinturón y asegurándolo alrededor de tu cintura. Toma un agarre ancho en una dominada blanco Romboides, Recto abdominal, Dominada con agarre ancho y peso Jalar Carga externa Barra de dominadas Dorsal ancho, Bíceps",Sagital,"Etiqueta Deltoides posteriores, escápulas y eleva tu cuerpo hasta que tu mentón supere la barra. Desciende lentamente",https://www.youtube.com/watch?v=pP2jtrxkB3U
Desciende lentamente,hecho,Jalar,Carga externa,Cable,"Dorsal ancho, Bíceps Romboides,",Deltoides posteriores,Sagital,"Núcleo. Luego, tira de la barra hacia tu pecho manteniendo tus codos hacia abajo y hacia atrás, y",https://www.youtube.com/watch?v=6UQi7ZjVFK8
Jalón al pecho con agarre ancho,hecho,Jalar,Carga externa,Cable,"Dorsal ancho, Bíceps Romboides, Deltoides posteriores Sagital separados, palmas mirando hacia adelante. Siéntate erguido, pecho hacia afuera, y activa tu https://www.youtube.com/watch?v=6UQi7ZjVFK8 núcleo. Luego, tira de la barra hacia tu pecho manteniendo tus codos hacia abajo y hacia atrás, y Sentadilla de amplitud amplia con la caja empieza configurando una barra en un soporte de sentadillas a una altura cercana al pecho. Coloca una caja o banco detrás de ti, asegurando que blanco Sentadilla de amplitud amplia Sentadilla Carga externa Barra Isquiotibiales, Cuádriceps, Glúteos Recto Abdominal, Flexores de la cadera",,Sagital,XwLSzQ etiqueta siéntate sobre ello. Párate con los pies ligeramente más separados que el ancho de los hombros,https://www.youtube.com/watch?v=DUay
Wide Stance Front Squat,hecho,Sentadilla,Carga externa,Barra,"Glúteos, Cuádriceps, Isquiotibiales","Biceps, Latissimus Dorsi, Anterior Deltoids",Sagital,"Deltoides con los codos apuntando hacia adelante, apoyando la barra en la parte frontal de tus hombros. Mantén el pecho erguido y Ejercicio Estado Patrón Tipo Implementación principal Músculos principales trabajados Músculos secundarios trabajados Plano Explicación del ejercicio URL de YouTube",https://www.youtube.com/watch?v=yUc6OjaMt-Q
Wide Stance Leg Press,hecho,Empujar,Carga externa,Prensa,"de piernas cuádriceps, glúteos, isquiotibiales Gastronemios,",flexores de cadera,Sagital,Suelta la palanca de seguridad.,https://www.youtube.com/watch?v=0ebzdLTbj9E
Yoga Push-Up,hecho,Empujar,Peso corporal,Ninguno,"Tríceps, pectorales, glúteos, isquiotibiales Transverso Mantén el núcleo activo y tu cuerpo en una línea recta desde tu","Rectus Abdominis, External Obliques",,"Oblicuos de la cabeza a los talones. Al inhalar, baja tu cuerpo hacia el",https://www.youtube.com/watch?v=0SQoK7VFcz0
Z-Press,re-film,Empujar,Carga externa,Barbilla,"Deltoides anterior, Tríceps","Trapezius, Rectus Abdominis, Hip Flexors, Quadric",Sagital,"Flexores, Cuádrico señalando hacia adelante. Comienza el movimiento presionando el peso sobre la cabeza, manteniendo tu núcleo activo y la espalda recta. A medida que empujar el",https://www.youtube.com/watch?v=hYat2hUpN40
Z-Press,re-film,Empujar,Carga externa,Barbilla,"Deltoides anterior, Tríceps Sagital https://www.youtube.com/watch?v=hYat2hUpN40 Flexores, Cuádrico señalando hacia adelante. Comienza el movimiento presionando el peso sobre la cabeza","manteniendo tu núcleo activo y la espalda recta. A medida que empujar el Zercher Good Morning comienza de pie con los pies a la altura de los hombros- ancho y colocando una barra en el pliegue de tus codos, con blanco Zercher Good Morning Doblar Carga externa Barra Erectores de la columna, Glúteos, Isquiotibiales, Bíceps, Deltoides anteriores",Sagital,"Etiqueta tu pecho superior y hombros. Mantén la espalda recta y el core activo, flexiona desde la cadera hacia adelante en yo",https://www.youtube.com/watch?v=-6RXU8L4eao
Sostenga la barra con un agarre firme Zercher Squat,re-film,Sentadilla,Carga externa,Barra,"Cuádriceps, Glúteos, Isquiotibiales","Calves, Erector Spinae, Biceps, Trapezius",Sagital,Trapecio agarre y levántela hacia el pecho. Retroceda desde el soporte y coloque los pies a la altura de los hombros con los dedos ligeramente girados u o,https://www.youtube.com/watch?v=6vccFiQ0UjA
Retroceda desde el soporte y,hecho,Empujar,Carga externa,Kettlebell,"Latísimo del dorso, flexores de la cadera","Latissimus Dorsi, Hip Flexors",Sagital,"Abdominales, Tríceps una mano hacia el techo, buscando extenderse completamente a través del",https://www.youtube.com/watch?v=0VurPyHoZrk
Repite el movimiento en el segundo,hecho,Una pierna,Peso corporal,Plato,"Isquiotibiales, Erector Spinae","Hamstrings, Erector Spinae",Sagital,"Psoas, Aductores deslizar las caderas hacia adelante y hacia abajo, permitiendo que la rodilla frontal se desplace sobre los dedos de los pies. Luego, con control, deslice hacia atrás y hacia arriba hasta la posición de inicio.",https://www.youtube.com/watch?v=6p-epvBK08Q
Plancha de antebrazo,hecho,Núcleo,Peso corporal,Ninguno,"Glúteos, Bíceps","Glutes, Biceps",Sagital,Deltoides a través del cuerpo frontal. Activa contrayendo los glúteos y parte interna de los muslos y protraer a través de la parte superior de la espalda.,https://www.youtube.com/watch?v=V4yj4uSLpNk
Activa contrayendo los glúteos y,hecho,Empuje,Carga externa,Kettlebell,"Anterior Deltoids, Triceps, Quadriceps, Glutes, Transverse A","bBdoicmepinsi,s ,L Rateiscstuims uAsb Ddoomrsiin, iSserratus",Múltiple,"Cuádriceps, Glúteos, Transverso AuAsb Ddoomrsiin, iSserratus hacia el lado en el suelo. Para iniciar el movimiento, empuje desde la",https://www.youtube.com/watch?v=oJSeED8Rl48
Kettlebell Goblet Sumo Good Morning,hecho,Flexión,Carga externa,Kettlebell,"Isquiotibiales, Cuádriceps,",,Sagital,"Ingle una ligera flexión en las rodillas mientras flexiona y lleva las caderas hacia atrás y Dorsal ancho baje la parte superior del cuerpo hacia adelante, manteniendo la espalda recta y los hombros",https://www.youtube.com/watch?v=4HH-5zjT8
Low Cable Crossover,hecho,Empuje,Carga externa,Cable,"Pectorales, Bíceps, Deltoides anteriores Recto Abdominal",Rectus Abdominis,Sagital,"Supinado. Para iniciar el movimiento (manteniendo los brazos mayormente rectos) tire las palmas hacia adelante, arriba y juntas, terminando al frente del pecho, a",https://www.youtube.com/watch?v=DgP8OVJ6qgI
Plate Sit-Up,hecho,Núcleo,Carga externa,Disco,Dorsal ancho,Latissimus Dorsi,Sagital,"Deltoides anteriores quede vertical, y lleve el disco de peso por encima de la cabeza. Luego, invierta el",https://www.youtube.com/watch?v=xBLZlyKmDUc
Plate Sit-Up,hecho,Núcleo,Carga externa,Disco,"Dorsal ancho Sagital inicie el movimiento, flexione la columna y suba enrollando para que la columnahttps://www.youtube.com/watch?v=xBLZlyKmDUc Deltoides anteriores quede vertical, y lleve el disco de peso por encima de la cabeza. Luego","invierta el movimiento enrollando la columna hacia abajo hasta la posición inicial. El Porteo con mancuerna en posición frontal de un brazo comienza de pie, con uno Deltoides anteriores, Cuádriceps, Porteo con mancuerna en rack frontal de un brazo terminadoLocomoción Carga externa Mancuerna Recto Abdominis Sagital mancuerna sujeta en la posición de rack",Frontal,Bíceps caminar de forma constante hacia adelante.,https://www.youtube.com/watch?v=NFsyLgslccY
Porteo con mancuerna en rack frontal de un brazo terminado,,Locomoción,Carga externa,Mancuerna,"Recto Abdominis Sagital mancuerna sujeta en la posición de rack frontal. Para iniciar el movimiento, https://www.youtube.com/watch?v=NFsyLgslccY Bíceps caminar de forma constante hacia adelante. Sentadilla dividida elevada con el pie trasero tipo maleta, comienza de pie en una división postura","con un pie elevado detrás de ti sobre un banco plano o una caja y Sentadilla dividida elevada con el pie trasero tipo maleta terminadoUna pierna Carga externa Mancuerna Cuádriceps, Glúteos, Trapecio Isquiotibiales, Recto Abdominis",Sagital,"Mancuernas en cada mano colgando a los lados. Para iniciar el movimiento, flexiona hacia t Ejercicio Estado Patrón Tipo Implemento Principal Músculos Principales Trabajados Músculos Secundarios Trabajados Plano Explicación del Ejercicio URL de YouTube",https://www.youtube.com/watch?v=B3xQY554VY4
Buenos Días con postura de sumo,hecho,Flexión,Carga externa,Barra,"Glúteos, erectores de la columna, Isquiotibiales, cuádriceps, dorsales Rectus Abdominis mucho más separados que el ancho de las caderas (1.5 a 2 veces más) y los dedos de los pies apuntando",,Sagital,"PvF1A09bk alrededor de la barra. Para iniciar el movimiento, flexiona ligeramente las",https://www.youtube.com/watch?v=0
Paloma Activa,hecho,Una pierna,Estabilidad,Ninguno,"Glúteos, flexores de cadera, erectores de la columna, abductores Psoas","piriforme y apoyada en la punta del pie, rodilla delantera flexionada y talón abajo, manos",Frontal,"Espalda está recta y el torso activo. Para iniciar el movimiento,",https://www.youtube.com/watch?v=L5bUu1B-MZk
Círculo de brazos,hecho,Jalar,Estabilidad,Ninguno,"Deltoides, pectorales, manguito rotador Recto abdominal",Rectus Abdominis,Transversal,Movilización en los hombros.,https://www.youtube.com/watch?v=hH9Y3UoapS8
Balanceo de brazos,hecho,Jalar,Estabilidad,Ninguno,"Deltoides, pectorales, manguito rotador Romboides,",recto abdominal,Transversal,"Frente al cuerpo, y orienta los brazos como si te estuvieras dando un abrazo, con un brazo por encima del",https://www.youtube.com/watch?v=5r6hf1O4SUc
Paloma elevada con banda,hecho,Una pierna,Estabilidad,Banda,"Piriforme, Flexores abductores, glúteos, cadera Erector Spinae del muslo","cerca del pliegue de la cadera y la ingle interna, con el otro extremo de la",Sagital,"Anudado y atado, coloca el muslo externo de la pierna con banda en un banco, o",https://www.youtube.com/watch?v=JbcB2FI-RVg
Estiramiento de isquiotibiales con banda,hecho,Una pierna,Estabilidad,Banda,"Isquiotibiales, Flexores de cadera Erector Spinae",Erector Spinae,Sagital,"Pierna extendida hacia el techo, con el otro extremo de la banda",https://www.youtube.com/watch?v=PCKtzqSITi8
Elevación de pantorrilla con peso corporal,hecho,Empujar,Peso corporal,Plato,"Gastrocnemio, Sóleo Isquiotibiales",Hamstrings,Sagital,"Objeto frente a ti para apoyar las manos para la estabilidad. Para iniciar el movimiento, eleva los talones, flexionando el",https://www.youtube.com/watch?v=EGwNQn37y-M
Burpee Step-Up,hecho,Complejo,Peso corporal,Caja,"plyo Cuádriceps, Glúteos, Isquiotibiales, Deltoides anterior, Tr icReepcstu, Flexores, Pectorales sP eAcbsdominis, Cadera",,Sagital,"NWvqY las pies de vuelta a una posición de plancha, y luego doblar los codos para bajar",https://www.youtube.com/watch?v=T86U
Descanso frontal elevado,hecho,Empujar,Peso corporal,Ninguno,"Deltoides anteriores, Tríceps, Pectorales Recto Glúteos Abdominis,","Cuádriceps,",Sagital,"PPT (inclinación pélvica posterior), piernas y pies juntos. Para entrar en el",https://www.youtube.com/watch?v=Und54TtDCA4
Para entrar en el,hecho,Empujar,Estabilidad,Ninguno,"Escápulas, Serrato Anterior Deltoides anteriores, tríceps",,Sagital,Mantén los brazos rectos y bloqueados durante todo el movimiento. Para iniciar el movimiento,https://www.youtube.com/watch?v=iYADQFlV
Rower Tuck-Up,hecho,Core,Peso corporal,Rower,"Recto abdominal, flexores de la cadera, Deltoides anteriores Tríceps","pectorales suelo, manos debajo de los hombros y pies elevados en el asiento de un",Sagital,"Rodillas hacia el pecho, permitiendo que el asiento se deslice hacia adelante mientras",https://www.youtube.com/watch?v=LWn3Xe4KbDw
Sentadilla de ciclista con barra de seguridad,hecho,Sentadilla,Carga externa,Barra de seguridad,"Cuádriceps, glúteos Recto abdominal,",isquiotibiales,Sagital,"Hacia el frente. Para iniciar el movimiento, flexiona las rodillas",https://www.youtube.com/watch?v=c03CNfJ2Ctg
Single Leg Good Morning,hecho,Una pierna,Peso corporal,Ninguno,"Glúteos, erectores espinales, isquiotibiales, cuádriceps, flexores de la cadera",,Sagital,RnEhag ligeramente las caderas hacia atrás e inclina el torso hacia adelante tanto como puedas sin permitir que la espalda,https://www.youtube.com/watch?v=y2AV
Top Down Alternating Kettlebell Bench Press,hecho,Empuje,Carga externa,Kettlebell,"Pectorales, deltoides anteriores, trícepsBíceps,",dorsal ancho,Sagital,Con las palmas enfrentadas o ligeramente hacia adelante.,https://www.youtube.com/watch?v=BUFeOwrQ6R8
Hip Tuck,hecho,Core,Estabilidad,Ninguno,"Erectores espinales, glúteos Recto abdominal,",serrato,Sagital,"Las caderas. Para iniciar el movimiento, mete el coxis, aprieta los",https://www.youtube.com/watch?v=xoXg4zkDRZg
Arrastre de trineo hacia atrás,hecho,Locomoción,Carga externa,Trineo,"Tibial anterior, glúteos, Cuádriceps Isquiotibiales,","Dorsal ancho recto abdominal,",Sagital,"Trineo frente a ti. Para iniciar el movimiento, camina hacia atrás de manera constante",https://www.youtube.com/watch?v=Ui0FcOKrypg
Banded Pancake Good Morning,hecho,Flexión,Carga externa,Banda,"Erectores espinales, cuadrado lumbar, Lumbar","flexores de cadera Isquiotibiales, cuádriceps, glúteos",Sagital,Sujetando una banda que está unida a un objeto estable a unos metros frente a ti. Asegúrate de comenzar lo suficientemente atrás Ejercicio Estado Patrón Tipo Implemento principal Músculos principales trabajados Músculos secundarios trabajados Plano Explicación del ejercicio URL de YouTube,https://www.youtube.com/watch?v=OKgj9xWr5g0
Bent Knee Copenhagen Raise,hecho,Núcleo,Peso corporal,Banco,"Aductores, oblicuos TFL","flexores de cadera, recto Abdominal, anterior con la rodilla doblada y la pierna superior sobre un banco plano, con el",Frontal,"Hombro, antebrazo en el suelo. Para iniciar el movimiento, levanta el lateral",https://www.youtube.com/watch?v=dxwY050tp2k
Clean con mancuerna a sentadilla goblet,hecho,Complejo,Carga externa,Mancuerna,"Cuádriceps, Espinales, isquiotibiales glúteos, erectores Recto Dorsal abdominal","ancho, bíceps,",Sagital,"Entre los pies. Para iniciar el movimiento, lleva las caderas hacia atrás",https://www.youtube.com/watch?v=XkwBgO63BoY
Push Jerk con mancuernas,hecho,Complejo,Explosividad,Mancuerna,"Cuádriceps, Isquiotibiales, erectores deltoides anterior espinales, Deltoides Dorsal ancho,","medial, deltoides bíceps, anterior, recto",Sagital,"Mano, palmas mirando hacia el cuerpo. Para iniciar el movimiento,",https://www.youtube.com/watch?v=xNTh7fFXv5g
Good Morning sentado con mancuernas,hecho,Flexión,Carga externa,Mancuerna,"Erectores Lumbar, espinales, glúteos cuadrado lumbar Dorsal Trapecio ancho,","cuádriceps,",Sagital,"Cabeza erguida, y una mancuerna sostenida en cada mano, brazos",https://www.youtube.com/watch?v=KVH1oizjBlg
Buenas mañanas con barra de seguridad sentada,hecho,Doblar,Carga externa,Barra de seguridad,"Esplenio de la Espalda, Cuadrado Lumbar, Glúteos Trapecio,",Latísimo dorsal,Sagital,"Coronilla de la cabeza alta, y una barra de seguridad colocada en la parte superior de la espalda,",https://www.youtube.com/watch?v=e1UBNo5UZq8
Filas Meadows con landmine de un solo brazo,hecho,Jalar,Carga externa,Mancuerna,"LandmineLatísimo dorsal, Bíceps, SerratoErector Spinae, Glúteos",,Sagital,"GVu-U mano pronada, brazo extendido hacia abajo por debajo del hombro. Para iniciar el movimiento, jala el h",https://www.youtube.com/watch?v=vHU
Prensa de empuje con landmine de un solo brazo,hecho,Empujar,Explosividad,Mancuerna,"Landmine Deltoides Tríceps, Recto anterior, Deltoides medio, dQuoi... Trapecio (texto inválido en inglés proporcionado)","dQoumaidnrisiceps, Glutes, Trapezius",Sagital,"Agarrado neutro, codo flexionado y codo por debajo de la muñeca. Para iniciar el",https://www.youtube.com/watch?v=few9YmEErXc
Sentadilla de ciclista por encima de la cabeza con un solo brazo,hecho,Sentadilla,Carga externa,Mancuerna,"Cuádriceps, Glúteos, Anterior Deltoides, Serrato, Tríceps pH Recto samstrings, Abdomi","n Erector Spinae,",Sagital,"Iniciar el movimiento, doblar las rodillas hacia adelante mientras hundes las caderas",https://www.youtube.com/watch?v=I55mb6rZgKM
Paso sobre caja con mancuerna,hecho,Una pierna,Carga externa,Mancuerna,"Cuádriceps, Glúteos, Flexores de cadera Isquiotibiales, Abdomi","n Erector Spinae, Recto",Múltiple,"Palmas mirando hacia el cuerpo, y una caja de plyo corta a solo unos pulgadas delante de ti. Para iniciar el movimiento, da un paso",https://www.youtube.com/watch?v=03Oghddz01o
Paseo con kettlebell a un lado,hecho,Locomoción,Carga externa,Kettlebell,"Cuádriceps, Trapecio glúteos, oblicuos, Recto Abdominales abdominal,",transverso,Sagital,"Para iniciar el movimiento, camina hacia adelante de forma constante.",https://www.youtube.com/watch?v=4MZqOsaG80M
Sentadilla frontal ATG,hecho,Sentadilla,Carga externa,Barra,"Cuádriceps, glúteos, recto Erectores espinales","Abdominales Serrato, C deltoides anteriores, Sagital o un poco más, el core activado y la cabeza erguida, y una barra sostenida en la posición de rack",Frontal,"Manos sujetando con agarre prono, separadas al ancho de los hombros o un poco más.",https://www.youtube.com/watch?v=7G0991Bv5hw
Elevación lateral con mancuernas inclinado,hecho,Jalar,Carga externa,Mancuerna,"Deltoides Dorsal ancho posteriores, romboides, Erectores espinales","isquiotibiales, glúteos, transverso con los pies al ancho de las caderas, brazos colgando a los lados, una mancuerna en cada mano, sujetadas en posición neutra",,"Palmas enfrentadas). Para adoptar la posición inicial, inclina el torso",https://www.youtube.com/watch?v=5q8i73IyhJA
Remo alterno con mancuernas,hecho,Jalar,Carga externa,Mancuerna,"Dorsal ancho, bíceps, escápulas","glúteos, isquiotibiales, erectores espinales,",Sagital,"Una línea recta, y los brazos extendidos desde los hombros hacia el suelo, cada mano sujetando una",https://www.youtube.com/watch?v=jRCq7WVnWfM
Sentadilla dividida con landmine,hecho,Una pierna,Carga externa,Barra landmine,"Cuádriceps, glúteos, flexores de caderaIsquiotibiales,",recto abdominal,Sagital,"Hacia adelante, y la barra landmine sostenida con la mano interna al costado, brazo extendido.",https://www.youtube.com/watch?v=JrJOv5Exp94
Zancada descendente con un brazo arriba,hecho,Una pierna,Carga externa,Kettlebell,"Cuádriceps, Isquiotibiales flexores de cadera, glúteos, Pantorrillas","Serrato, deltoides anteriores, tríceps,",Sagital,"Extendido hacia arriba por encima de la cabeza, y el bíceps cerca de la oreja. Para iniciar el",https://www.youtube.com/watch?v=xCFsKYb5Igo
Para iniciar el,hecho,Una pierna,Carga externa,Mancuerna,"Cuádriceps, Glúteos, Isquiotibiales, Erector de la Espina, Recto Abdominal Transverso una mancuerna sostenida en una mano, el brazo de la mancuerna colgando tu lado, y situado frente a una caja de plyo. Para iniciar el cerca de",,,"Flexores de la Cadera movimiento, da un paso con un pie sobre la caja, seguido por el segundo pie,",https://www.youtube.com/watch?v=Fp
Puente de Glúteo con Mancuerna en una Pierna,hecho,Una pierna,Carga externa,Mancuerna,"Glúteos, Erector de la Espina, Isquiotibiales, Flexores de la Cadera, Recto Abdominal",,Sagital,"Pierna hacia adelante alejándose del suelo, y manteniéndola levantada del suelo. Para iniciar el movim Ejercicio Estado Patrón Tipo Implementación principal Músculos principales trabajados Músculos secundarios trabajados Plano Explicación del ejercicio URL de YouTube",https://www.youtube.com/watch?v=gkb44Ou8y
Para iniciar el movim,hecho,Empujar,Estabilidad,Ninguno,Palmar Longus,,Sagital,"DghpYfo Ulnaris movimiento, desplace los hombros hacia adelante sobre las muñecas para sentir un estiramiento",https://www.youtube.com/watch?v=wx3
Flexor Levantamiento frontal con barra,hecho,Jalar,Carga externa,Barra,"Recto abdominal, escapulas","Rectus Abdominis, Scapulas",Sagital,"Digitorum iniciar el movimiento, manteniendo los brazos rectos, tirar de la barra hacia adelante",https://www.youtube.com/watch?v=4jLLzkRb390
Curl de isquiotibiales en caja de una pierna,hecho,Una pierna,Peso corporal,Caja pliométrica,"Isquiotibiales, Glúteos, Erector de la columna","Quadriceps, Rectus Abdominis, Hip Flexors",Sagital,"Flexores de cadera a través del talón en la caja, y piensa en traccionar tu apoyado",https://www.youtube.com/watch?v=kNhGEBUAmJY
Mixed Overhead Suitcase Carry,hecho,Locomoción,Carga externa,Mancuerna,con pesa rusa,"Quadriceps, Serratus, Rectus Abdominis, Glu",Sagital,"Oblicuos, Flexores de cadera Abdomen, Glúteos tu otro brazo colgando a un lado. Para iniciar el movimiento,",https://www.youtube.com/watch?v=DHHBK5WwXp0
Deslizamiento escapular sentado en la pared,hecho,Jalar,Estabilidad,Pared,",S Spceacpsulas, Serrato,",Bíceps,Frontal,"Deltoides, Deltoides anteriores vertical, y los dorso de los codos y las muñecas tocando la pared, o lo más cerca posible de la pared",https://www.youtube.com/watch?v=doXqErGSiaQ
