title,meal_block,description,calories_estimate,goal_tags,fitness_level_min,fitness_level_max,nova_max,foods
Arepa con huevo y aguacate,desayuno,Arepa de maíz asada con huevo revuelto y media porción de aguacate,380,general_health|muscle_gain,1,5,2,"Huevo, de gallina, entero, crudo|Aguacate, crudo"
Arepa con queso fresco,desayuno,Arepa de maíz con queso campesino derretido encima,320,general_health,1,5,2,"Queso, minas, meia cura"
Arepa con quesillo y hogao,desayuno,Arepa paisa con quesillo y hogao de tomate y cebolla,410,general_health,1,4,2,"Queso, minas, meia cura|Tomate, con semilla, crudo|Cebolla, cruda"
Arepa antioqueña con huevo frito,desayuno,Arepa blanca asada con huevo frito y sal al gusto,360,general_health|muscle_gain,1,5,2,"Huevo, de gallina, entero, frito"
Arepa de chócolo con queso,desayuno,Arepa dulce de maíz tierno con queso campesino,390,general_health,1,5,2,"Maíz, verde, crudo|Queso, minas, meia cura"
Arepa paisa rellena de pollo,desayuno,Arepa rellena de pollo desmechado y un toque de mayonesa,470,muscle_gain,3,5,2,"Pollo, Pechuga, sin piel, cocido"
Arepa rellena de carne molida,desayuno,Arepa de maíz rellena con carne molida guisada,490,muscle_gain,3,5,2,"Carne, bovina, Aguja de res, molido, cocido"
Arepa con huevos pericos,desayuno,Arepa con huevos revueltos con tomate y cebolla,410,general_health|muscle_gain,1,5,2,"Huevo, de gallina, entero, crudo|Tomate, con semilla, crudo|Cebolla, cruda"
Arepa boyacense con cuajada,desayuno,Arepa amarilla de Boyacá con cuajada fresca,360,general_health,1,5,2,"Queso, minas, meia cura"
Arepa santandereana con chicharrón,desayuno,Arepa de maíz con chicharrón crocante de la región,520,general_health|muscle_gain,1,3,3,
Arepa de huevo costeña,desayuno,"Arepa frita rellena de huevo, típica del Caribe",430,general_health,1,3,3,"Huevo, de gallina, entero, crudo"
Arepa con suero costeño y queso,desayuno,Arepa con suero atollabuey y queso costeño,400,general_health,1,4,2,"Queso, minas, meia cura"
Arepa con aguacate y tomate,desayuno,Arepa asada con láminas de aguacate y tomate fresco,340,general_health|fat_loss,1,5,2,"Aguacate, crudo|Tomate, con semilla, crudo"
Arepa integral con clara de huevo,desayuno,Arepa integral con tres claras de huevo y espinaca,280,fat_loss,2,5,2,"Huevo, de gallina, clara, cocida/10minutos|Espinaca, Nova Zelândia, crudo"
Arepa con atún,desayuno,Arepa rellena de atún en agua con cebolla y limón,350,fat_loss|muscle_gain,2,5,3,"Atún, conserva en Aceite vegetal|Cebolla, cruda"
Mini arepas con hogao,desayuno,Cuatro mini arepas con hogao casero,300,general_health,1,5,2,"Tomate, con semilla, crudo|Cebolla, cruda"
Arepa con frijoles refritos,desayuno,Arepa de maíz con frijoles paisa refritos,420,general_health|muscle_gain,1,5,2,"Frijol, carioca, cocido"
Arepa con jamón y queso,desayuno,Arepa rellena de jamón pavo y queso mozzarella,430,general_health|muscle_gain,1,5,3,"Queso, mozarela"
Arepa con pollo y aguacate,desayuno,Arepa rellena de pollo a la plancha y aguacate,460,muscle_gain,3,5,2,"Pollo, Pechuga, sin piel, a la plancha|Aguacate, crudo"
Arepa con sardina y limón,desayuno,"Arepa con sardinas en lata, cebolla morada y limón",380,general_health|muscle_gain,2,5,3,"Sardina, conserva en Aceite vegetal|Cebolla, cruda"
Arepa de yuca con queso,desayuno,Arepa hecha con harina de yuca y queso fresco,360,general_health,1,5,2,"Queso, minas, meia cura"
Arepa con huevo cocido y aguacate,desayuno,Arepa con huevo duro picado y aguacate machacado,370,general_health|fat_loss,1,5,2,"Huevo, de gallina, entero, cocido/10minutos|Aguacate, crudo"
Arepa con champiñones salteados,desayuno,Arepa con champiñones salteados al ajillo,310,general_health|fat_loss,2,5,2,"Ajo, crudo"
Arepa con tomate y albahaca,desayuno,"Arepa caprese con tomate fresco, queso y albahaca",340,general_health,1,5,2,"Tomate, con semilla, crudo|Queso, mozarela"
Arepa con espinaca y queso,desayuno,Arepa rellena de espinaca salteada con queso,330,general_health|fat_loss,1,5,2,"Espinaca, Nova Zelândia, salteado|Queso, minas, meia cura"
Calentado paisa tradicional,desayuno,"Arroz, frijoles y huevo frito recalentados del día anterior",450,general_health|muscle_gain,1,3,2,"Arroz, tipo 1, cocido|Frijol, carioca, cocido|Huevo, de gallina, entero, frito"
Calentado con carne molida,desayuno,Calentado tradicional acompañado de carne molida guisada,540,muscle_gain,3,5,2,"Arroz, tipo 1, cocido|Frijol, carioca, cocido|Carne, bovina, Aguja de res, molido, cocido"
Calentado con chorizo y arepa,desayuno,"Arroz, frijoles, chorizo dorado y arepa antioqueña",580,general_health|muscle_gain,1,3,3,"Arroz, tipo 1, cocido|Frijol, carioca, cocido"
Calentado con huevo pericos,desayuno,"Arroz, frijoles y huevos pericos con tomate y cebolla",470,general_health|muscle_gain,1,5,2,"Arroz, tipo 1, cocido|Frijol, carioca, cocido|Huevo, de gallina, entero, crudo|Tomate, con semilla, crudo"
Casado costeño con huevo,desayuno,"Arroz con coco, frijol y huevo frito al estilo costeño",500,general_health,1,4,2,"Arroz, tipo 1, cocido|Frijol, carioca, cocido|Huevo, de gallina, entero, frito|Leche, de coco"
Casado vallecaucano,desayuno,"Arroz, lentejas guisadas, plátano maduro y huevo",510,general_health,1,5,2,"Arroz, tipo 1, cocido|Lenteja, cocida|Banano, de la terra, cruda|Huevo, de gallina, entero, frito"
Calentado liviano con claras,desayuno,Calentado bajo en grasa con claras de huevo y arroz integral,380,fat_loss,3,5,2,"Arroz, integral, cocido|Frijol, carioca, cocido|Huevo, de gallina, clara, cocida/10minutos"
Bandeja paisa de desayuno,desayuno,"Versión liviana con frijol, arroz, huevo y trozo de carne",600,muscle_gain,3,5,3,"Arroz, tipo 1, cocido|Frijol, carioca, cocido|Huevo, de gallina, entero, frito|Carne, bovina, Aguja de res, molido, cocido"
Frijoles con huevo y arepa,desayuno,Frijoles paisa cremosos con huevo frito y arepa,480,general_health|muscle_gain,1,5,2,"Frijol, carioca, cocido|Huevo, de gallina, entero, frito"
Calentado santandereano,desayuno,"Arroz con lenteja, huevo y arepa santandereana",520,general_health|muscle_gain,1,4,2,"Arroz, tipo 1, cocido|Lenteja, cocida|Huevo, de gallina, entero, crudo"
Huevos pericos con tomate,desayuno,"Huevos revueltos con tomate y cebolla, estilo paisa",280,general_health|muscle_gain,1,5,2,"Huevo, de gallina, entero, crudo|Tomate, con semilla, crudo|Cebolla, cruda"
Huevos revueltos con espinaca,desayuno,Tres huevos revueltos con espinaca salteada,320,general_health|muscle_gain,1,5,2,"Huevo, de gallina, entero, crudo|Espinaca, Nova Zelândia, salteado"
Huevos revueltos con cebolla larga,desayuno,Huevos revueltos con cebolla larga y un toque de mantequilla,290,general_health,1,5,2,"Huevo, de gallina, entero, crudo|Cebolla, cruda|Mantequilla, sin sal"
Omelet de queso y tomate,desayuno,Omelet con queso mozzarella y tomate cherry,340,general_health|muscle_gain,1,5,2,"Huevo, de gallina, entero, crudo|Queso, mozarela|Tomate, con semilla, crudo"
Omelet de jamón y queso,desayuno,Omelet relleno de jamón pavo y queso fundido,380,general_health|muscle_gain,1,5,3,"Huevo, de gallina, entero, crudo|Queso, mozarela"
Omelet de champiñones,desayuno,Omelet con champiñones salteados y queso,320,general_health|fat_loss,2,5,2,"Huevo, de gallina, entero, crudo|Queso, mozarela"
Omelet de espinaca y queso ricota,desayuno,Omelet relleno de espinaca y queso ricota,310,general_health|fat_loss,2,5,2,"Huevo, de gallina, entero, crudo|Espinaca, Nova Zelândia, salteado|Queso, ricota"
Omelet vegetariano completo,desayuno,"Omelet con pimentón, cebolla, tomate y queso",360,general_health,1,5,2,"Huevo, de gallina, entero, crudo|Pimiento, vermelho, crudo|Cebolla, cruda|Tomate, con semilla, crudo"
Huevos tibios con tostadas,desayuno,Dos huevos tibios servidos con pan integral tostado,310,general_health,1,5,2,"Huevo, de gallina, entero, cocido/10minutos|Pan, Trigo, forma, integral"
Huevos pochados sobre arepa,desayuno,Dos huevos pochados sobre arepa con sal en escamas,320,general_health|muscle_gain,2,5,2,"Huevo, de gallina, entero, crudo"
Huevos cocidos con aguacate,desayuno,Dos huevos duros picados con aguacate y limón,330,general_health|fat_loss,1,5,2,"Huevo, de gallina, entero, cocido/10minutos|Aguacate, crudo"
Claras revueltas con vegetales,desayuno,"Cuatro claras de huevo con espinaca, tomate y cebolla",180,fat_loss,2,5,2,"Huevo, de gallina, clara, cocida/10minutos|Espinaca, Nova Zelândia, salteado|Tomate, con semilla, crudo|Cebolla, cruda"
Claras con jamón pavo y tostada,desayuno,Tres claras revueltas con jamón pavo y pan integral,220,fat_loss|muscle_gain,3,5,3,"Huevo, de gallina, clara, cocida/10minutos|Pan, Trigo, forma, integral"
Huevos rancheros colombianos,desayuno,Huevos fritos sobre arepa con salsa de tomate y frijol,480,general_health|muscle_gain,1,4,2,"Huevo, de gallina, entero, frito|Tomate, con semilla, crudo|Frijol, carioca, cocido"
Huevos al horno con queso,desayuno,Huevos horneados en cocotte con queso y tomate,350,general_health|muscle_gain,2,5,2,"Huevo, de gallina, entero, crudo|Queso, mozarela|Tomate, con semilla, crudo"
Huevos a la mexicana,desayuno,"Huevos revueltos con tomate, cebolla y pimiento verde picante",310,general_health|muscle_gain,1,5,2,"Huevo, de gallina, entero, crudo|Tomate, con semilla, crudo|Cebolla, cruda|Pimiento, verde, crudo"
Tortilla española colombiana,desayuno,"Tortilla de huevo con papa y cebolla, porción individual",380,general_health,1,5,2,"Huevo, de gallina, entero, crudo|Papa, baroa, cocida|Cebolla, cruda"
Huevos con chorizo desmenuzado,desayuno,Huevos revueltos con chorizo paisa desmenuzado,440,general_health|muscle_gain,1,4,3,"Huevo, de gallina, entero, crudo"
Huevos benedictinos arepa,desayuno,Arepa con huevo pochado y salsa holandesa ligera,410,general_health,2,5,3,"Huevo, de gallina, entero, crudo"
Huevos al ajillo,desayuno,Huevos fritos con láminas de ajo y aceite de oliva,320,general_health,1,5,2,"Huevo, de gallina, entero, frito|Ajo, crudo|Aceite de oliva, de oliva, extra virgen"
Huevos con plátano maduro,desayuno,Huevos revueltos con tajadas de plátano maduro asado,420,general_health|muscle_gain,1,4,2,"Huevo, de gallina, entero, crudo|Banano, de la terra, cruda"
Huevos con frijol negro,desayuno,Huevos fritos sobre frijoles negros con tortilla,460,general_health|muscle_gain,1,4,2,"Huevo, de gallina, entero, frito|Frijol, preto, cocido"
Tostadas francesas con huevo,desayuno,"Pan empapado en huevo y leche, dorado en sartén",360,general_health,1,5,2,"Huevo, de gallina, entero, crudo|Leche, de vaca, integral|Pan, Trigo, francês"
Huevos al curry colombiano,desayuno,Huevos cocidos en salsa de curry suave con leche de coco,340,general_health,2,5,2,"Huevo, de gallina, entero, cocido/10minutos|Leche, de coco"
Huevos motuleños,desayuno,Huevos fritos sobre tortilla con frijol y plátano,470,general_health|muscle_gain,1,4,3,"Huevo, de gallina, entero, frito|Frijol, carioca, cocido|Banano, de la terra, cruda"
Tostadas con aguacate y huevo,desayuno,Pan integral con aguacate machacado y huevo pochado,380,general_health|fat_loss,1,5,2,"Pan, Trigo, forma, integral|Aguacate, crudo|Huevo, de gallina, entero, crudo"
Tostadas con queso y tomate,desayuno,Pan integral tostado con queso fresco y tomate,290,general_health|fat_loss,1,5,2,"Pan, Trigo, forma, integral|Queso, minas, meia cura|Tomate, con semilla, crudo"
Tostadas con atún,desayuno,"Pan integral con atún en agua, cebolla y limón",320,fat_loss|muscle_gain,2,5,3,"Pan, Trigo, forma, integral|Atún, conserva en Aceite vegetal|Cebolla, cruda"
Tostadas con mermelada de fresa,desayuno,Pan integral con mermelada casera de fresa sin azúcar,240,general_health,1,5,2,"Pan, Trigo, forma, integral|Fresa, crudo"
Tostadas con mantequilla de maní y banano,desayuno,Pan integral con maní triturado y rodajas de banano,350,general_health|muscle_gain,1,5,3,"Pan, Trigo, forma, integral|Maní, tostado, salado|Banano, Manzana, cruda"
Tostadas con requesón y miel,desayuno,Pan integral con queso requesón y un hilo de miel,310,general_health,1,5,2,"Pan, Trigo, forma, integral|Queso, Requesón, cremoso"
Tostadas con hummus casero,desayuno,Pan integral con hummus de garbanzo y aceite de oliva,320,general_health|fat_loss,2,5,2,"Pan, Trigo, forma, integral|Garbanzo, crudo|Aceite de oliva, de oliva, extra virgen"
Tostadas con salmón ahumado,desayuno,Pan integral con salmón a la plancha y aguacate,380,fat_loss|muscle_gain,3,5,2,"Pan, Trigo, forma, integral|Salmón, sin piel, fresco, a la plancha|Aguacate, crudo"
Tostadas de centeno con queso,desayuno,Pan de centeno con queso fresco y tomate cherry,280,general_health|fat_loss,2,5,2,"Queso, minas, meia cura|Tomate, con semilla, crudo"
Tostadas con sardinas,desayuno,"Pan integral con sardinas, cebolla morada y limón",350,general_health|muscle_gain,2,5,3,"Pan, Trigo, forma, integral|Sardina, conserva en Aceite vegetal|Cebolla, cruda"
Tostadas con champiñones al ajillo,desayuno,Pan integral con champiñones salteados y ajo,270,general_health|fat_loss,1,5,2,"Pan, Trigo, forma, integral|Ajo, crudo"
Tostadas con tomate y aceite de oliva,desayuno,Pan de pueblo con tomate rallado y aceite de oliva,250,general_health|fat_loss,1,5,2,"Pan, Trigo, forma, integral|Tomate, con semilla, crudo|Aceite de oliva, de oliva, extra virgen"
Tostadas con clara de huevo y queso,desayuno,Pan integral con claras revueltas y queso bajo en grasa,280,fat_loss|muscle_gain,3,5,2,"Pan, Trigo, forma, integral|Huevo, de gallina, clara, cocida/10minutos|Queso, minas, meia cura"
Tostadas con plátano y canela,desayuno,Pan integral con plátano maduro y canela,290,general_health,1,5,2,"Pan, Trigo, forma, integral|Banano, de la terra, cruda"
Tostadas francesas con frutos rojos,desayuno,Pan dorado en huevo y leche con fresas frescas,360,general_health,1,5,2,"Pan, Trigo, francês|Huevo, de gallina, entero, crudo|Leche, de vaca, integral|Fresa, crudo"
Avena con leche y banano,desayuno,Avena cocida en leche con rodajas de banano,350,general_health|fat_loss,1,5,2,"Avena, hojuelas, cruda|Leche, de vaca, integral|Banano, Manzana, cruda"
Avena con manzana y canela,desayuno,Avena cocida con manzana picada y canela,320,general_health|fat_loss,1,5,2,"Avena, hojuelas, cruda|Manzana, Fuji, con casca, cruda"
Avena con fresas y miel,desayuno,Avena en leche con fresas frescas y un toque de miel,340,general_health,1,5,2,"Avena, hojuelas, cruda|Leche, de vaca, integral|Fresa, crudo"
Avena con maní y banano,desayuno,Avena con mantequilla de maní casera y banano,410,general_health|muscle_gain,1,5,3,"Avena, hojuelas, cruda|Leche, de vaca, integral|Maní, tostado, salado|Banano, Manzana, cruda"
Avena con proteína y frutos rojos,desayuno,Avena cocida con proteína en polvo y fresas,320,fat_loss|muscle_gain,3,5,3,"Avena, hojuelas, cruda|Fresa, crudo"
Avena fría con cacao,desayuno,Overnight oats con cacao y leche descremada,280,general_health|fat_loss,2,5,3,"Avena, hojuelas, cruda|Leche, de vaca, desnatado, UHT"
Avena con coco y mango,desayuno,Avena cocida con leche de coco y mango fresco,360,general_health,1,5,2,"Avena, hojuelas, cruda|Leche, de coco|Mango, Tommy Atkins, cruda"
Avena con marañón y banano,desayuno,Avena con castañas de marañón y banano laminado,380,general_health|muscle_gain,1,5,2,"Avena, hojuelas, cruda|castaña-de-Marañón, tostada, salada|Banano, Manzana, cruda"
Cereal integral con leche y fruta,desayuno,Cereal de avena integral con leche y banano,320,general_health,1,5,3,"Avena, hojuelas, cruda|Leche, de vaca, integral|Banano, Manzana, cruda"
Avena con yogur y granola,desayuno,Avena cocida fría servida con yogur y granola,330,general_health|fat_loss,1,5,2,"Avena, hojuelas, cruda|Yogur, natural"
Avena con kiwi y semillas,desayuno,Avena en leche con kiwi laminado y semillas de chía,290,general_health|fat_loss,1,5,2,"Avena, hojuelas, cruda|Leche, de vaca, integral|Kiwi, crudo"
Avena con papaya y miel,desayuno,Avena cocida con papaya fresca y miel de abejas,310,general_health,1,5,2,"Avena, hojuelas, cruda|Papaya, Formosa, crudo"
Avena con piña y coco,desayuno,Avena tropical con piña fresca y coco rallado,320,general_health,1,5,2,"Avena, hojuelas, cruda|Piña, crudo|Coco, crudo"
Crema de arroz con canela,desayuno,Crema de arroz cocida con leche y canela,280,general_health,1,5,2,"Arroz, tipo 1, cocido|Leche, de vaca, integral"
Avena cocida con guayaba,desayuno,Avena en leche con trozos de guayaba fresca,300,general_health,1,5,2,"Avena, hojuelas, cruda|Leche, de vaca, integral|Guayaba, vermelha, con casca, cruda"
Batido de mango con avena,desayuno,Smoothie de mango maduro con avena y leche,280,general_health|fat_loss,1,5,2,"Mango, Tommy Atkins, cruda|Avena, hojuelas, cruda|Leche, de vaca, integral"
Batido de banano y maní,desayuno,Batido de banano con leche y mantequilla de maní,400,general_health|muscle_gain,1,5,3,"Banano, Manzana, cruda|Leche, de vaca, integral|Maní, tostado, salado"
Batido de fresa con leche,desayuno,Licuado de fresas con leche y sin azúcar añadida,220,general_health|fat_loss,1,5,2,"Fresa, crudo|Leche, de vaca, integral"
Batido tropical,desayuno,"Mango, piña y maracuyá licuados con agua",180,general_health|fat_loss,1,5,2,"Mango, Tommy Atkins, cruda|Piña, crudo|Maracuyá, crudo"
Smoothie verde detox,desayuno,"Espinaca, manzana, apio y limón licuados con agua",150,fat_loss,1,5,1,"Espinaca, Nova Zelândia, crudo|Manzana, Fuji, con casca, cruda|Apio, crudo"
Batido de proteína con banano,desayuno,Shake de proteína de suero con banano y leche,320,fat_loss|muscle_gain,3,5,3,"Leche, de vaca, integral|Banano, Manzana, cruda"
Smoothie de papaya con yogur,desayuno,Papaya fresca licuada con yogur natural,200,general_health|fat_loss,1,5,2,"Papaya, Formosa, crudo|Yogur, natural"
Batido de mora con leche,desayuno,Moras frescas licuadas con leche y un toque de panela,240,general_health,1,5,2,"Leche, de vaca, integral"
Batido de guanábana,desayuno,Pulpa de guanábana licuada con leche descremada,220,general_health|fat_loss,1,5,2,"Guanábana, cruda|Leche, de vaca, desnatado, UHT"
Smoothie de kiwi y manzana,desayuno,"Kiwi, manzana verde y limón licuados con agua",160,fat_loss,1,5,1,"Kiwi, crudo|Manzana, Fuji, con casca, cruda"
Batido de naranja y zanahoria,desayuno,Jugo de naranja con zanahoria fresca licuada,170,general_health|fat_loss,1,5,1,"Naranja, Pera, cruda|Zanahoria, cruda"
Smoothie de avena y cacao,desayuno,"Avena, banano, cacao y leche descremada licuados",290,general_health|fat_loss,1,5,3,"Avena, hojuelas, cruda|Banano, Manzana, cruda|Leche, de vaca, desnatado, UHT"
Batido proteico de frutos rojos,desayuno,"Proteína, fresa, mora y leche descremada",280,fat_loss|muscle_gain,3,5,3,"Fresa, crudo|Leche, de vaca, desnatado, UHT"
Smoothie de mango y coco,desayuno,Mango maduro licuado con leche de coco y hielo,250,general_health,1,5,2,"Mango, Tommy Atkins, cruda|Leche, de coco"
Batido de banano con espinaca,desayuno,"Banano, espinaca, leche y avena para post entreno",310,general_health|muscle_gain,2,5,2,"Banano, Manzana, cruda|Espinaca, Nova Zelândia, crudo|Leche, de vaca, integral|Avena, hojuelas, cruda"
Yogur natural con granola,desayuno,Yogur natural con granola casera y fresas,280,general_health|fat_loss,1,5,2,"Yogur, natural|Fresa, crudo"
Yogur griego con mango,desayuno,Yogur griego sin azúcar con trozos de mango,240,general_health|fat_loss,1,5,2,"Yogur, natural|Mango, Tommy Atkins, cruda"
Yogur con frutos secos,desayuno,"Yogur con mix de marañón, almendras y pasas",320,general_health|muscle_gain,2,5,2,"Yogur, natural|castaña-de-Marañón, tostada, salada"
Yogur con avena y miel,desayuno,Yogur natural con avena cruda y miel de abejas,290,general_health,1,5,2,"Yogur, natural|Avena, hojuelas, cruda"
Yogur con papaya y semillas,desayuno,Yogur con papaya fresca y semillas de chía,220,general_health|fat_loss,1,5,2,"Yogur, natural|Papaya, Formosa, crudo"
Yogur descremado con fresa,desayuno,"Yogur descremado con fresas frescas, opción ligera",160,fat_loss,1,5,2,"Yogur, natural, desnatado|Fresa, crudo"
Yogur con piña y coco,desayuno,Yogur tropical con piña fresca y coco rallado,250,general_health,1,5,2,"Yogur, natural|Piña, crudo|Coco, crudo"
Yogur con guayaba y miel,desayuno,Yogur natural con guayaba madura y miel,230,general_health,1,5,2,"Yogur, natural|Guayaba, vermelha, con casca, cruda"
Bowl de yogur con kiwi,desayuno,"Bowl de yogur griego con kiwi, manzana y granola",300,general_health|fat_loss,1,5,2,"Yogur, natural|Kiwi, crudo|Manzana, Fuji, con casca, cruda"
Yogur con maní y banano,desayuno,Yogur natural con maní triturado y banano,320,general_health|muscle_gain,1,5,3,"Yogur, natural|Maní, tostado, salado|Banano, Manzana, cruda"
Tamal tolimense,desayuno,"Tamal tradicional con masa de maíz, pollo y cerdo",490,general_health,1,3,3,"Pollo, Pechuga, con piel, asado|Maíz, verde, crudo"
Tamal valluno,desayuno,"Tamal del Valle con achiote, pollo y zanahoria",470,general_health,1,3,3,"Pollo, Pechuga, con piel, asado|Zanahoria, cocida"
Tamal santafereño,desayuno,"Tamal bogotano con carne, pollo y arveja",510,general_health|muscle_gain,1,3,3,"Pollo, Pechuga, con piel, asado|Carne, bovina, contra-filé, con gordura, a la plancha|Arveja, enlatada, escurrida"
Tamal costeño con bollo,desayuno,Tamal caribeño servido con bollo de mazorca,530,general_health,1,3,3,"Maíz, verde, crudo"
Empanada de carne,desayuno,Empanada de maíz rellena con carne molida guisada,280,general_health,1,4,3,"Carne, bovina, Aguja de res, molido, cocido"
Empanada de pollo,desayuno,Empanada con pollo desmenuzado guisado,270,general_health,1,4,3,"Pollo, Pechuga, sin piel, cocido"
Empanada de queso,desayuno,Empanada con queso costeño derretido,290,general_health,1,4,3,"Queso, minas, meia cura"
Empanada de papa y carne,desayuno,Empanada tradicional con papa y carne picada,320,general_health,1,4,3,"Papa, baroa, cocida|Carne, bovina, Aguja de res, molido, cocido"
Pastel de pollo,desayuno,Pastel hojaldrado de pollo desmenuzado,360,general_health,1,4,3,"Pollo, Pechuga, sin piel, cocido"
Pastel de yuca con queso,desayuno,Pastel relleno de yuca y queso campesino,340,general_health,1,4,2,"Yuca/mandioca, cocida|Queso, minas, meia cura"
Hojaldras con queso,desayuno,Hojaldras dulces con queso fresco,380,general_health,1,4,3,"Queso, minas, meia cura"
Empanada de pipián,desayuno,Empanada caucana rellena de papa y maní,310,general_health,1,4,3,"Papa, baroa, cocida|Maní, tostado, salado"
Buñuelos paisas,desayuno,"Buñuelos fritos de queso y harina, típicos de diciembre",320,general_health,1,3,3,"Queso, minas, meia cura"
Almojábanas con café,desayuno,Almojábanas de queso recién horneadas,280,general_health,1,5,3,"Queso, minas, meia cura"
Empanadas de cambray,desayuno,"Empanadas dulces rellenas de queso, típicas valluna",300,general_health,1,4,3,"Queso, minas, meia cura"
Changua con huevo,desayuno,"Caldo bogotano de leche con cebolla, cilantro y huevo pochado",290,general_health,1,5,2,"Leche, de vaca, integral|Cebolla, cruda|Huevo, de gallina, entero, crudo"
Caldo de costilla con papa,desayuno,Caldo paisa con costilla de res y papa criolla,280,general_health,1,5,2,"Papa, baroa, cocida"
Caldo de pajarilla,desayuno,Caldo bogotano con vísceras de res y papa,310,general_health,1,5,2,"Papa, baroa, cocida"
Caldo de papa con huevo,desayuno,Caldo ligero de papa con cilantro y huevo pochado,240,general_health|fat_loss,1,5,2,"Papa, baroa, cocida|Huevo, de gallina, entero, crudo"
Caldo de pescado bogotano,desayuno,Caldo de pescado con papa y cilantro al estilo andino,290,general_health|fat_loss,1,5,2,"Merluza, filete, asado|Papa, baroa, cocida"
Caldo de pollo con cilantro,desayuno,Caldo casero de pollo con papa y cilantro fresco,270,general_health,1,5,2,"Pollo, Pechuga, sin piel, cocido|Papa, baroa, cocida"
Caldo de huesos con verduras,desayuno,"Caldo de huesos de res con zanahoria, apio y cebolla",260,general_health|fat_loss,1,5,2,"Zanahoria, cocida|Apio, crudo|Cebolla, cruda"
Mute santandereano matutino,desayuno,"Sopa contundente con mazorca, garbanzo y carne",510,general_health|muscle_gain,1,3,3,"Maíz, verde, crudo|Garbanzo, crudo"
Caldo verde con espinaca,desayuno,Caldo de pollo con espinaca picada y papa,250,general_health|fat_loss,1,5,2,"Pollo, Pechuga, sin piel, cocido|Espinaca, Nova Zelândia, salteado|Papa, baroa, cocida"
Sancochito de costilla,desayuno,Sancocho pequeño de costilla con papa y yuca,380,general_health,1,5,2,"Papa, baroa, cocida|Yuca/mandioca, cocida"
Bowl proteico de desayuno,desayuno,"Yogur, proteína, granola, maní y fresas",440,fat_loss|muscle_gain,3,5,3,"Yogur, natural|Maní, tostado, salado|Fresa, crudo"
Bowl de avena tropical,desayuno,"Avena cocida con mango, piña y coco",380,general_health,1,5,2,"Avena, hojuelas, cruda|Mango, Tommy Atkins, cruda|Piña, crudo|Coco, crudo"
Bowl verde matutino,desayuno,"Smoothie bowl de espinaca, banano, leche y granola",360,general_health|fat_loss,2,5,2,"Espinaca, Nova Zelândia, crudo|Banano, Manzana, cruda|Leche, de vaca, integral"
Bowl de quinua y frutos rojos,desayuno,"Quinua cocida con leche, fresas y miel",340,general_health|fat_loss,1,5,2,"Leche, de vaca, integral|Fresa, crudo"
Bowl de yogur y granola,desayuno,Yogur griego con granola casera y banano,320,general_health|fat_loss,1,5,2,"Yogur, natural|Banano, Manzana, cruda"
Bowl acai colombiano,desayuno,"Pulpa de frutas con granola, banano y coco",340,general_health,1,5,2,"Banano, Manzana, cruda|Coco, crudo"
Bowl de huevo y palta,desayuno,"Bowl con huevos pochados, aguacate y tomate",380,general_health|muscle_gain,2,5,2,"Huevo, de gallina, entero, crudo|Aguacate, crudo|Tomate, con semilla, crudo"
Bowl de arroz integral matutino,desayuno,"Arroz integral con huevo, aguacate y semillas",420,general_health|muscle_gain,2,5,2,"Arroz, integral, cocido|Huevo, de gallina, entero, crudo|Aguacate, crudo"
Bowl de chía y frutas,desayuno,"Pudín de chía con leche, mango y kiwi",280,general_health|fat_loss,1,5,2,"Leche, de vaca, integral|Mango, Tommy Atkins, cruda|Kiwi, crudo"
Bowl de banano y maní,desayuno,"Yogur con banano, maní triturado y avena",380,general_health|muscle_gain,1,5,3,"Yogur, natural|Banano, Manzana, cruda|Maní, tostado, salado|Avena, hojuelas, cruda"
Bowl proteico salado,desayuno,"Quinua con clara de huevo, aguacate y espinaca",350,fat_loss|muscle_gain,3,5,2,"Huevo, de gallina, clara, cocida/10minutos|Aguacate, crudo|Espinaca, Nova Zelândia, crudo"
Bowl de frutos secos y leche,desayuno,"Leche tibia con marañón, almendras y banano",360,general_health|muscle_gain,1,5,2,"Leche, de vaca, integral|castaña-de-Marañón, tostada, salada|Banano, Manzana, cruda"
Bowl tropical de papaya,desayuno,"Papaya rellena con yogur, granola y miel",280,general_health|fat_loss,1,5,2,"Papaya, Formosa, crudo|Yogur, natural"
Bowl de coco y mango,desayuno,"Avena con leche de coco, mango y coco rallado",340,general_health,1,5,2,"Avena, hojuelas, cruda|Leche, de coco|Mango, Tommy Atkins, cruda|Coco, crudo"
Bowl ranchero,desayuno,"Frijol negro, huevo, aguacate y arroz para empezar el día",480,general_health|muscle_gain,2,5,2,"Frijol, preto, cocido|Huevo, de gallina, entero, crudo|Aguacate, crudo|Arroz, tipo 1, cocido"
Pandebono con café,desayuno,Pandebono recién horneado con café tinto,280,general_health,1,5,3,"Queso, minas, meia cura"
Pandequeso con chocolate,desayuno,Pandequeso valluno con bebida de chocolate,320,general_health,1,5,3,"Queso, minas, meia cura"
Almojábana boyacense,desayuno,Almojábana tradicional con queso campesino,260,general_health,1,5,3,"Queso, minas, meia cura"
Roscón con arequipe,desayuno,Roscón con arequipe y café tinto,360,general_health,1,3,4,
Mogolla santafereña,desayuno,Pan integral bogotano con mantequilla,290,general_health,1,5,3,"Pan, Trigo, forma, integral|Mantequilla, sin sal"
Pan con quesillo costeño,desayuno,Pan blanco con quesillo y suero,310,general_health,1,5,3,"Queso, minas, meia cura"
Pan árabe con hummus,desayuno,Pan árabe tostado con hummus de garbanzo,320,general_health|fat_loss,2,5,2,"Garbanzo, crudo"
Pan integral con huevo cocido,desayuno,Pan integral con huevo duro y aguacate,340,general_health|muscle_gain,1,5,2,"Pan, Trigo, forma, integral|Huevo, de gallina, entero, cocido/10minutos|Aguacate, crudo"
Pan de bono con suero,desayuno,Pandebono con suero costeño tradicional,290,general_health,1,5,3,"Queso, minas, meia cura"
Galletas saladas con queso,desayuno,Galletas cream cracker con queso fresco,250,general_health,1,5,3,"Queso, minas, meia cura"
Colada de maíz con leche,desayuno,Colada tradicional de maíz tierno con leche y canela,290,general_health,1,5,2,"Maíz, verde, crudo|Leche, de vaca, integral"
Mazamorra paisa,desayuno,Mazamorra de maíz con leche y panela,310,general_health,1,5,2,"Maíz, verde, crudo|Leche, de vaca, integral"
Peto de maíz,desayuno,Bebida andina de maíz tierno con leche y azúcar,280,general_health,1,5,2,"Maíz, verde, crudo|Leche, de vaca, integral"
Champús vallecaucano,desayuno,"Bebida con maíz, lulo y panela típica del Valle",260,general_health,1,5,3,"Maíz, verde, crudo"
Aguapanela con queso,desayuno,Bebida de panela con limón y queso fresco,230,general_health,1,5,2,"Queso, minas, meia cura"
Atol de plátano,desayuno,Bebida espesa de plátano verde con leche,270,general_health,1,5,2,"Banano, de la terra, cruda|Leche, de vaca, integral"
Crema de avena tibia,desayuno,Avena cocida espesa con canela y leche,310,general_health,1,5,2,"Avena, hojuelas, cruda|Leche, de vaca, integral"
Crema de maíz,desayuno,Crema espesa de maíz con leche y canela,290,general_health,1,5,3,"Maíz, verde, crudo|Leche, de vaca, integral"
Bebida de arroz con leche,desayuno,Arroz cocido en leche con canela y azúcar mínimo,290,general_health,1,5,2,"Arroz, tipo 1, cocido|Leche, de vaca, integral"
Cuchuco con leche,desayuno,Bebida boyacense de trigo cocido con leche,280,general_health,1,5,2,"Leche, de vaca, integral"
Salpicón colombiano,desayuno,Mix de frutas tropicales con jugo de naranja,200,general_health|fat_loss,1,5,1,"Mango, Tommy Atkins, cruda|Piña, crudo|Papaya, Formosa, crudo|Naranja, baía, Jugo"
Ensalada de frutas con yogur,desayuno,"Mango, papaya y banano con yogur natural",240,general_health|fat_loss,1,5,2,"Mango, Tommy Atkins, cruda|Papaya, Formosa, crudo|Banano, Manzana, cruda|Yogur, natural"
Frutas frescas con miel,desayuno,Plato de frutas tropicales con un toque de miel,180,general_health|fat_loss,1,5,1,"Mango, Tommy Atkins, cruda|Papaya, Formosa, crudo|Piña, crudo"
Mango con yogur griego,desayuno,Mango maduro picado con yogur sin azúcar,200,general_health|fat_loss,1,5,2,"Mango, Tommy Atkins, cruda|Yogur, natural"
Papaya rellena de yogur,desayuno,Mitad de papaya rellena con yogur y granola,220,general_health|fat_loss,1,5,2,"Papaya, Formosa, crudo|Yogur, natural"
Frutas con queso costeño,desayuno,Mango y guayaba con láminas de queso fresco,240,general_health,1,5,2,"Mango, Tommy Atkins, cruda|Guayaba, vermelha, con casca, cruda|Queso, minas, meia cura"
Banano con maní y miel,desayuno,Banano en rodajas con maní triturado y miel,280,general_health|muscle_gain,1,5,3,"Banano, Manzana, cruda|Maní, tostado, salado"
Fresas con leche condensada,desayuno,Fresas frescas con un hilo de leche condensada,220,general_health,1,5,2,"Fresa, crudo"
Macedonia tropical,desayuno,Frutas variadas con jugo de maracuyá natural,190,general_health|fat_loss,1,5,1,"Mango, Tommy Atkins, cruda|Piña, crudo|Maracuyá, crudo"
Frutos rojos con yogur,desayuno,"Fresas, moras y yogur natural sin azúcar",200,general_health|fat_loss,1,5,2,"Fresa, crudo|Yogur, natural"
Shake de proteína post entreno,desayuno,Proteína de suero con leche descremada y banano,290,fat_loss|muscle_gain,3,5,3,"Leche, de vaca, desnatado, UHT|Banano, Manzana, cruda"
Claras con espinaca y arepa,desayuno,Cuatro claras revueltas con espinaca y arepa pequeña,240,fat_loss,2,5,2,"Huevo, de gallina, clara, cocida/10minutos|Espinaca, Nova Zelândia, salteado"
Huevos revueltos con 3 proteínas,desayuno,"Huevos con jamón, queso y pimentón",480,muscle_gain,4,5,3,"Huevo, de gallina, entero, crudo|Queso, mozarela|Pimiento, vermelho, crudo"
Quinua proteica con pollo y huevo,desayuno,"Quinua con pollo a la plancha, huevo y aguacate",480,muscle_gain,3,5,2,"Pollo, Pechuga, sin piel, a la plancha|Huevo, de gallina, entero, crudo|Aguacate, crudo"
Avena con caseína nocturna,desayuno,Avena cocida con caseína y maní,380,muscle_gain,4,5,3,"Avena, hojuelas, cruda|Maní, tostado, salado"
Yogur griego con proteína,desayuno,Yogur griego con cacao y proteína en polvo,270,fat_loss|muscle_gain,3,5,3,"Yogur, natural"
Tortilla de claras con queso,desayuno,Tortilla de cuatro claras con queso fresco,260,fat_loss|muscle_gain,3,5,2,"Huevo, de gallina, clara, cocida/10minutos|Queso, minas, meia cura"
Pollo desmechado con arepa,desayuno,Pechuga desmechada con arepa pequeña,380,muscle_gain,3,5,2,"Pollo, Pechuga, sin piel, cocido"
Atún con tostada integral,desayuno,Atún en agua con pan integral y aguacate,360,fat_loss|muscle_gain,3,5,3,"Atún, conserva en Aceite vegetal|Pan, Trigo, forma, integral|Aguacate, crudo"
Salmón ahumado con huevo,desayuno,Salmón a la plancha con huevo pochado y aguacate,420,fat_loss|muscle_gain,3,5,2,"Salmón, sin piel, fresco, a la plancha|Huevo, de gallina, entero, crudo|Aguacate, crudo"
Carne magra con arroz integral,desayuno,Filete magro con arroz integral y huevo,460,muscle_gain,3,5,2,"Carne, bovina, capa de contra-filé, sin gordura, a la plancha|Arroz, integral, cocido|Huevo, de gallina, entero, crudo"
Sardinas con tostadas y limón,desayuno,Sardinas asadas con pan integral y limón,360,general_health|muscle_gain,3,5,3,"Sardina, asada|Pan, Trigo, forma, integral"
Camarones con arroz blanco,desayuno,Camarones salteados con arroz y limón,380,general_health|muscle_gain,3,5,2,"Camarón, Rio Grande, grande, cocido|Arroz, tipo 1, cocido"
Pollo con verduras al vapor,desayuno,Pechuga con brócoli y zanahoria al vapor,320,fat_loss|muscle_gain,3,5,2,"Pollo, Pechuga, sin piel, cocido|Brócoli, cocido|Zanahoria, cocida"
Pavo con espinaca y huevo,desayuno,Pavo molido con espinaca salteada y huevo,360,fat_loss|muscle_gain,3,5,2,"Espinaca, Nova Zelândia, salteado|Huevo, de gallina, entero, crudo"
Mango maduro en trozos,media_manana,Porción de mango Tommy Atkins fresco,120,general_health|fat_loss,1,5,1,"Mango, Tommy Atkins, cruda"
Mango Haden con limón,media_manana,Mango variedad Haden con jugo de limón,110,general_health|fat_loss,1,5,1,"Mango, Haden, cruda"
Papaya en cubos,media_manana,Cubos de papaya formosa fresca,80,general_health|fat_loss,1,5,1,"Papaya, Formosa, crudo"
Papaya papaia con limón,media_manana,Papaya papaia con un toque de limón,75,general_health|fat_loss,1,5,1,"Papaya, Papaia, crudo"
Piña fresca con menta,media_manana,Rodajas de piña con hojas de menta,90,general_health|fat_loss,1,5,1,"Piña, crudo"
Fresas con yogur,media_manana,Fresas frescas con cucharada de yogur natural,130,general_health|fat_loss,1,5,2,"Fresa, crudo|Yogur, natural"
Banano solo,media_manana,Un banano mediano maduro,100,general_health,1,5,1,"Banano, Manzana, cruda"
Banano nanica con canela,media_manana,Banano nanica con espolvoreado de canela,100,general_health,1,5,1,"Banano, nanica, cruda"
Banano prata pequeño,media_manana,Banano prata más dulce y pequeño,85,general_health,1,5,1,"Banano, prata, cruda"
Manzana fresca,media_manana,Una manzana Fuji con cáscara,95,general_health|fat_loss,1,5,1,"Manzana, Fuji, con casca, cruda"
Manzana con maní,media_manana,Manzana en gajos con maní triturado,200,general_health|muscle_gain,1,5,3,"Manzana, Fuji, con casca, cruda|Maní, tostado, salado"
Naranja en gajos,media_manana,Una naranja Pera en gajos,80,general_health|fat_loss,1,5,1,"Naranja, Pera, cruda"
Kiwi en rodajas,media_manana,Dos kiwis pelados en rodajas,100,general_health|fat_loss,1,5,1,"Kiwi, crudo"
Guayaba con queso,media_manana,Guayaba madura con láminas de queso fresco,180,general_health,1,5,2,"Guayaba, vermelha, con casca, cruda|Queso, minas, meia cura"
Mango y maracuyá,media_manana,Mango maduro con jugo de maracuyá natural,130,general_health|fat_loss,1,5,1,"Mango, Tommy Atkins, cruda|Maracuyá, crudo"
Salpicón de frutas,media_manana,"Mix de mango, papaya, piña y banano",150,general_health|fat_loss,1,5,1,"Mango, Tommy Atkins, cruda|Papaya, Formosa, crudo|Piña, crudo|Banano, Manzana, cruda"
Guanábana en trozos,media_manana,Pulpa de guanábana fresca,110,general_health|fat_loss,1,5,1,"Guanábana, cruda"
Frutas tropicales con miel,media_manana,"Mango, papaya y piña con un toque de miel",160,general_health,1,5,1,"Mango, Tommy Atkins, cruda|Papaya, Formosa, crudo|Piña, crudo"
Fresas naturales solas,media_manana,Porción de fresas frescas lavadas,60,general_health|fat_loss,1,5,1,"Fresa, crudo"
Manzana con canela horneada,media_manana,Manzana al horno con canela y un toque de miel,130,general_health,1,5,1,"Manzana, Fuji, con casca, cruda"
Kiwi y fresa,media_manana,Mix refrescante de kiwi y fresa,90,general_health|fat_loss,1,5,1,"Kiwi, crudo|Fresa, crudo"
Mango verde con sal y limón,media_manana,Mango biche con sal y jugo de limón,70,general_health|fat_loss,1,5,1,
Banano con maní en cucharada,media_manana,Banano con una cucharada de maní triturado,180,general_health|muscle_gain,1,5,3,"Banano, Manzana, cruda|Maní, tostado, salado"
Piña con coco rallado,media_manana,Piña fresca con coco rallado natural,130,general_health,1,5,2,"Piña, crudo|Coco, crudo"
Macedonia con yogur,media_manana,Frutas variadas con yogur natural,180,general_health|fat_loss,1,5,2,"Mango, Tommy Atkins, cruda|Piña, crudo|Fresa, crudo|Yogur, natural"
Papaya con miel,media_manana,Cubos de papaya con un hilo de miel,100,general_health,1,5,1,"Papaya, Formosa, crudo"
Guayaba en mitades,media_manana,Guayaba con cáscara cortada en mitades,80,general_health|fat_loss,1,5,1,"Guayaba, vermelha, con casca, cruda"
Naranja en jugo natural,media_manana,Vaso de jugo de naranja recién exprimido,90,general_health,1,5,1,"Naranja, baía, Jugo"
Mango con yogur griego,media_manana,Cubos de mango con yogur griego sin azúcar,180,general_health|fat_loss,1,5,2,"Mango, Tommy Atkins, cruda|Yogur, natural"
Fresas con canela,media_manana,Fresas frescas con espolvoreo de canela,70,general_health|fat_loss,1,5,1,"Fresa, crudo"
Maní tostado solo,media_manana,Porción de maní tostado salado,160,general_health|muscle_gain,1,5,2,"Maní, tostado, salado"
Mix de maní y pasas,media_manana,Mezcla de maní y pasas para energía rápida,180,general_health|muscle_gain,1,5,2,"Maní, tostado, salado"
Marañón tostado,media_manana,Porción de marañón tostado y salado,170,general_health|muscle_gain,1,5,2,"castaña-de-Marañón, tostada, salada"
Castaña del Brasil,media_manana,Tres castañas de brasil crudas,200,general_health|muscle_gain,1,5,1,"castaña-do-Brasil, cruda"
Mix de frutos secos,media_manana,"Maní, marañón y castaña del brasil",200,general_health|muscle_gain,1,5,1,"Maní, tostado, salado|castaña-de-Marañón, tostada, salada|castaña-do-Brasil, cruda"
Maní con banano,media_manana,Banano con maní en cucharada,200,general_health|muscle_gain,1,5,3,"Maní, tostado, salado|Banano, Manzana, cruda"
Frutos secos con yogur,media_manana,Yogur natural con mix de marañón y castaña,220,general_health|muscle_gain,1,5,2,"Yogur, natural|castaña-de-Marañón, tostada, salada|castaña-do-Brasil, cruda"
Maní crudo natural,media_manana,Maní en grano sin tostar ni salar,160,general_health|muscle_gain,1,5,1,"Maní, tostado, salado"
Marañón con fruta seca,media_manana,Marañón tostado con pasas y arándanos,200,general_health|muscle_gain,1,5,2,"castaña-de-Marañón, tostada, salada"
Coco rallado con frutos,media_manana,Coco rallado con marañón y banano,220,general_health|muscle_gain,1,5,2,"Coco, crudo|castaña-de-Marañón, tostada, salada|Banano, Manzana, cruda"
Snack de almendras y semillas,media_manana,Mix de marañón y semillas de girasol,180,general_health|muscle_gain,1,5,1,"castaña-de-Marañón, tostada, salada"
Maní y chocolate amargo,media_manana,Maní tostado con cuadritos de chocolate al 70%,200,general_health,1,5,3,"Maní, tostado, salado"
Granola con marañón,media_manana,Avena con marañón y miel,220,general_health|muscle_gain,1,5,2,"Avena, hojuelas, cruda|castaña-de-Marañón, tostada, salada"
Trail mix energético,media_manana,"Marañón, castaña, maní y pasas",230,general_health|muscle_gain,1,5,1,"castaña-de-Marañón, tostada, salada|castaña-do-Brasil, cruda|Maní, tostado, salado"
Maní con banano deshidratado,media_manana,Maní con chips de banano caseros,220,general_health|muscle_gain,1,5,2,"Maní, tostado, salado"
Castaña con manzana,media_manana,Castaña del brasil con gajos de manzana,220,general_health|muscle_gain,1,5,1,"castaña-do-Brasil, cruda|Manzana, Fuji, con casca, cruda"
Marañón con yogur descremado,media_manana,Yogur descremado con marañón triturado,200,general_health|fat_loss,1,5,2,"Yogur, natural, desnatado|castaña-de-Marañón, tostada, salada"
Mix andino,media_manana,Frutos secos con quinua inflada y miel,230,general_health|muscle_gain,1,5,2,"castaña-de-Marañón, tostada, salada"
Maní y pasas con avena,media_manana,"Avena cruda con maní, pasas y leche",240,general_health|muscle_gain,1,5,2,"Avena, hojuelas, cruda|Maní, tostado, salado|Leche, de vaca, integral"
Coco crudo con miel,media_manana,Trozos de coco fresco con miel,200,general_health,1,5,1,"Coco, crudo"
Yogur natural pequeño,media_manana,Vaso de yogur natural sin azúcar,90,general_health|fat_loss,1,5,2,"Yogur, natural"
Yogur descremado con miel,media_manana,Yogur descremado con miel de abejas,110,general_health|fat_loss,1,5,2,"Yogur, natural, desnatado"
Yogur con avena cruda,media_manana,Yogur natural con avena en hojuelas,180,general_health|fat_loss,1,5,2,"Yogur, natural|Avena, hojuelas, cruda"
Yogur griego puro,media_manana,Yogur griego sin azúcar añadida,100,general_health|fat_loss,1,5,2,"Yogur, natural"
Yogur con miel y semillas,media_manana,Yogur con semillas de chía y miel,160,general_health|fat_loss,1,5,2,"Yogur, natural"
Yogur con fresas naturales,media_manana,Yogur natural con fresas frescas,150,general_health|fat_loss,1,5,2,"Yogur, natural|Fresa, crudo"
Yogur con mango,media_manana,Yogur natural con cubos de mango,170,general_health|fat_loss,1,5,2,"Yogur, natural|Mango, Tommy Atkins, cruda"
Yogur con papaya y chía,media_manana,Yogur con papaya y semillas de chía,180,general_health|fat_loss,1,5,2,"Yogur, natural|Papaya, Formosa, crudo"
Vaso de leche descremada,media_manana,Vaso de leche descremada UHT,90,general_health|fat_loss,1,5,2,"Leche, de vaca, desnatado, UHT"
Leche tibia con miel,media_manana,Leche tibia con miel de abejas,130,general_health,1,5,2,"Leche, de vaca, integral"
Queso fresco con galleta,media_manana,Galleta cream cracker con queso fresco,150,general_health,1,5,3,"Queso, minas, meia cura"
Queso requesón con miel,media_manana,Cucharadas de queso requesón con miel,180,general_health,1,5,2,"Queso, Requesón, cremoso"
Queso mozzarella con tomate,media_manana,Bolitas de mozzarella con tomate cherry,170,general_health|fat_loss,1,5,2,"Queso, mozarela|Tomate, con semilla, crudo"
Yogur con kiwi,media_manana,Yogur natural con kiwi en rodajas,150,general_health|fat_loss,1,5,2,"Yogur, natural|Kiwi, crudo"
Yogur proteico post entreno,media_manana,Yogur griego con proteína en polvo y banano,240,fat_loss|muscle_gain,3,5,3,"Yogur, natural|Banano, Manzana, cruda"
Leche con cacao puro,media_manana,Leche descremada con cacao en polvo sin azúcar,120,general_health|fat_loss,1,5,3,"Leche, de vaca, desnatado, UHT"
Yogur descremado con avena,media_manana,Yogur descremado con avena cruda y canela,160,fat_loss,1,5,2,"Yogur, natural, desnatado|Avena, hojuelas, cruda"
Queso campesino solo,media_manana,Porción de queso campesino fresco,140,general_health,1,5,2,"Queso, minas, meia cura"
Yogur con maní y banano,media_manana,Yogur con banano y maní triturado,240,general_health|muscle_gain,1,5,3,"Yogur, natural|Banano, Manzana, cruda|Maní, tostado, salado"
Queso ricota con tostadas,media_manana,Queso ricota sobre galletas saladas,180,general_health,1,5,3,"Queso, ricota"
Tostada con aguacate,media_manana,Pan integral pequeño con aguacate machacado,160,general_health|fat_loss,1,5,2,"Pan, Trigo, forma, integral|Aguacate, crudo"
Galletas con mermelada,media_manana,Galletas cream cracker con mermelada de fresa,140,general_health,1,5,3,"Fresa, crudo"
Tostada con queso fresco,media_manana,Pan integral con queso campesino,150,general_health,1,5,2,"Pan, Trigo, forma, integral|Queso, minas, meia cura"
Tostada con tomate y aceite,media_manana,Pan integral con tomate rallado y aceite de oliva,130,general_health|fat_loss,1,5,2,"Pan, Trigo, forma, integral|Tomate, con semilla, crudo|Aceite de oliva, de oliva, extra virgen"
Galleta con hummus,media_manana,Galletas saladas con hummus casero,160,general_health|fat_loss,1,5,2,"Garbanzo, crudo"
Tostada con atún,media_manana,Pan integral pequeño con atún en agua,180,fat_loss|muscle_gain,2,5,3,"Pan, Trigo, forma, integral|Atún, conserva en Aceite vegetal"
Tostada con clara de huevo,media_manana,Pan integral con clara revuelta,140,fat_loss|muscle_gain,2,5,2,"Pan, Trigo, forma, integral|Huevo, de gallina, clara, cocida/10minutos"
Galleta de arroz con maní,media_manana,Galletas de arroz con mantequilla de maní,160,general_health|muscle_gain,1,5,3,"Maní, tostado, salado"
Tostada con plátano y canela,media_manana,Pan integral con plátano maduro y canela,170,general_health,1,5,2,"Pan, Trigo, forma, integral|Banano, de la terra, cruda"
Tostada con sardina,media_manana,Pan integral con sardinas en lata y limón,180,general_health|muscle_gain,2,5,3,"Pan, Trigo, forma, integral|Sardina, conserva en Aceite vegetal"
Tostada con queso ricota,media_manana,Pan integral con ricota y miel,170,general_health,1,5,2,"Pan, Trigo, forma, integral|Queso, ricota"
Tostada con palta y tomate,media_manana,Pan integral con aguacate y tomate fresco,180,general_health|fat_loss,1,5,2,"Pan, Trigo, forma, integral|Aguacate, crudo|Tomate, con semilla, crudo"
Tostada con huevo cocido,media_manana,Pan integral con huevo duro picado,200,general_health|muscle_gain,1,5,2,"Pan, Trigo, forma, integral|Huevo, de gallina, entero, cocido/10minutos"
Galletas con queso y guayaba,media_manana,Galletas saladas con queso y bocadillo de guayaba,200,general_health,1,5,3,"Queso, minas, meia cura|Guayaba, vermelha, con casca, cruda"
Tostada con champiñones,media_manana,Pan integral con champiñones salteados,140,general_health|fat_loss,1,5,2,"Pan, Trigo, forma, integral"
Jugo de naranja natural,media_manana,Vaso de jugo de naranja recién exprimido,100,general_health,1,5,1,"Naranja, baía, Jugo"
Jugo de mango sin azúcar,media_manana,Jugo de mango licuado con agua,110,general_health|fat_loss,1,5,1,"Mango, Tommy Atkins, cruda"
Jugo de maracuyá natural,media_manana,Jugo de maracuyá con agua y sin azúcar,80,general_health|fat_loss,1,5,1,"Maracuyá, crudo"
Batido de banano pequeño,media_manana,Banano licuado con leche descremada,150,general_health|fat_loss,1,5,2,"Banano, Manzana, cruda|Leche, de vaca, desnatado, UHT"
Batido de fresa ligero,media_manana,Fresas licuadas con leche descremada,120,general_health|fat_loss,1,5,2,"Fresa, crudo|Leche, de vaca, desnatado, UHT"
Jugo verde detox,media_manana,"Espinaca, manzana y apio licuados con agua",90,fat_loss,1,5,1,"Espinaca, Nova Zelândia, crudo|Manzana, Fuji, con casca, cruda|Apio, crudo"
Limonada natural,media_manana,Vaso de limonada sin azúcar,30,general_health|fat_loss,1,5,1,
Agua de panela con limón,media_manana,Bebida tradicional con panela y limón,80,general_health,1,5,2,
Té frío con limón,media_manana,Té helado sin azúcar con limón,20,general_health|fat_loss,1,5,1,
Café con leche pequeño,media_manana,"Café con leche tibia, porción pequeña",80,general_health,1,5,2,"Leche, de vaca, integral"
Batido tropical chico,media_manana,"Mango, piña y agua licuados",130,general_health|fat_loss,1,5,1,"Mango, Tommy Atkins, cruda|Piña, crudo"
Batido de papaya pequeño,media_manana,Papaya licuada con leche descremada,140,general_health|fat_loss,1,5,2,"Papaya, Formosa, crudo|Leche, de vaca, desnatado, UHT"
Jugo de guayaba con agua,media_manana,Pulpa de guayaba licuada con agua,100,general_health,1,5,1,"Guayaba, vermelha, con casca, cruda"
Jugo de guanábana,media_manana,Pulpa de guanábana con leche descremada,130,general_health|fat_loss,1,5,2,"Guanábana, cruda|Leche, de vaca, desnatado, UHT"
Agua de coco fresca,media_manana,Vaso de agua de coco natural,60,general_health|fat_loss,1,5,1,
Batido de proteína mini,media_manana,Shake pequeño de proteína con agua,130,fat_loss|muscle_gain,3,5,3,
Smoothie de kiwi y manzana,media_manana,"Licuado de kiwi, manzana y agua",120,general_health|fat_loss,1,5,1,"Kiwi, crudo|Manzana, Fuji, con casca, cruda"
Batido de avena y banano,media_manana,"Banano, avena y leche descremada licuados",200,general_health|fat_loss,1,5,2,"Banano, Manzana, cruda|Avena, hojuelas, cruda|Leche, de vaca, desnatado, UHT"
Café americano,media_manana,Café negro sin azúcar,5,general_health|fat_loss,1,5,1,
Té verde con limón,media_manana,Infusión de té verde sin azúcar,5,general_health|fat_loss,1,5,1,
Buñuelo paisa pequeño,media_manana,Buñuelo de queso pequeño tradicional,180,general_health,1,4,3,"Queso, minas, meia cura"
Pandebono mini,media_manana,Mini pandebono recién horneado,150,general_health,1,5,3,"Queso, minas, meia cura"
Pandequeso pequeño,media_manana,Pandequeso valluno pequeño,160,general_health,1,5,3,"Queso, minas, meia cura"
Almojábana pequeña,media_manana,Almojábana boyacense en porción mini,140,general_health,1,5,3,"Queso, minas, meia cura"
Empanada de papa mini,media_manana,Empanada pequeña de papa horneada,180,general_health,1,4,3,"Papa, baroa, cocida"
Empanada de queso horneada,media_manana,"Empanada de queso al horno, no frita",170,general_health,1,5,3,"Queso, minas, meia cura"
Obleas con arequipe,media_manana,Obleas con un toque de arequipe,200,general_health,1,4,4,
Oblea con queso,media_manana,Oblea con queso campesino,180,general_health,1,5,3,"Queso, minas, meia cura"
Mazamorra de maíz,media_manana,Mazamorra paisa con leche y panela,200,general_health,1,5,2,"Maíz, verde, crudo|Leche, de vaca, integral"
Chontaduro con sal,media_manana,Chontaduro cocido con sal de ajo,130,general_health,1,5,1,
Chontaduro con miel,media_manana,Chontaduro con miel de abejas,150,general_health|muscle_gain,1,5,2,
Coco helado,media_manana,Trozos de coco fresco congelado,130,general_health,1,5,1,"Coco, crudo"
Mango biche con sal,media_manana,Mango verde con sal y limón,70,general_health|fat_loss,1,5,1,
Yuca frita pequeña,media_manana,Porción pequeña de yuca frita,200,general_health,1,4,3,"Yuca/mandioca, cocida"
Patacones con guacamole,media_manana,Patacones pequeños con guacamole,220,general_health,1,4,2,"Banano, de la terra, cruda|Aguacate, crudo"
Achiras del Huila,media_manana,Galletas de achira tradicionales,150,general_health,1,5,3,
Galletas de maíz tostado,media_manana,Galletas saladas de maíz,150,general_health,1,5,3,
Bocadillo con queso,media_manana,Bocadillo de guayaba con queso fresco,180,general_health,1,5,3,"Queso, minas, meia cura|Guayaba, vermelha, con casca, cruda"
Cocadas de coco,media_manana,Cocadas tradicionales de coco rallado,200,general_health,1,4,3,"Coco, crudo"
Pastor seco,media_manana,Galleta de masa dulce tradicional,180,general_health,1,5,3,
Galleta dulce de maíz,media_manana,Galleta de maíz horneada,150,general_health,1,5,3,
Manjar blanco con galleta,media_manana,Cucharada de manjar blanco con galleta,200,general_health,1,4,4,
Cuajada con melao,media_manana,Cuajada fresca con melao de panela,180,general_health,1,5,2,"Queso, minas, meia cura"
Pan de yuca,media_manana,Pan de yuca recién horneado,160,general_health,1,5,3,"Queso, minas, meia cura"
Empanadas de pipián,media_manana,Empanada de papa y maní caucana,200,general_health,1,4,3,"Papa, baroa, cocida|Maní, tostado, salado"
Zanahoria con hummus,media_manana,Bastones de zanahoria con hummus de garbanzo,140,general_health|fat_loss,1,5,2,"Zanahoria, cruda|Garbanzo, crudo"
Pepino con limón y sal,media_manana,Rodajas de pepino con limón y sal,30,fat_loss,1,5,1,"Pepino, crudo"
Apio con queso ricota,media_manana,Bastones de apio rellenos de ricota,130,general_health|fat_loss,1,5,2,"Apio, crudo|Queso, ricota"
Tomates cherry con queso,media_manana,Tomates cherry con mozzarella y albahaca,160,general_health|fat_loss,1,5,2,"Tomate, con semilla, crudo|Queso, mozarela"
Pimentón con hummus,media_manana,Bastones de pimentón con hummus casero,130,general_health|fat_loss,1,5,2,"Pimiento, vermelho, crudo|Garbanzo, crudo"
Rábano con sal,media_manana,Rábanos frescos con sal en escamas,30,fat_loss,1,5,1,"Rábano, crudo"
Lechuga con aderezo casero,media_manana,Hojas de lechuga con yogur y limón,60,fat_loss,1,5,2,"Lechuga, americana, cruda|Yogur, natural"
Mix de vegetales crudos,media_manana,"Zanahoria, pepino y apio con dip de yogur",130,general_health|fat_loss,1,5,2,"Zanahoria, cruda|Pepino, crudo|Apio, crudo|Yogur, natural"
Brócoli al vapor con limón,media_manana,Brócoli al vapor con jugo de limón,80,fat_loss,1,5,1,"Brócoli, cocido"
Repollo en ensalada chica,media_manana,Repollo morado y blanco con limón,60,fat_loss,1,5,1,"Repollo, branco, crudo|Repollo, roxo, crudo"
Aguacate con sal y limón,media_manana,Medio aguacate con sal y limón,180,general_health|fat_loss,1,5,1,"Aguacate, crudo"
Remolacha cocida en rodajas,media_manana,Remolacha cocida con un toque de limón,70,general_health|fat_loss,1,5,1,"Remolacha, cocida"
Coliflor con vinagreta,media_manana,Floretes de coliflor con vinagreta de limón,60,fat_loss,1,5,1,"Coliflor, cocida"
Ensalada de pepino y tomate,media_manana,Pepino y tomate con cebolla y limón,80,fat_loss,1,5,1,"Pepino, crudo|Tomate, con semilla, crudo|Cebolla, cruda"
Berenjena salteada chica,media_manana,Cubos de berenjena salteados con ajo,90,general_health|fat_loss,1,5,2,"Berenjena, cocida|Ajo, crudo"
Huevo cocido solo,media_manana,Un huevo cocido duro como snack rápido,80,fat_loss|muscle_gain,1,5,2,"Huevo, de gallina, entero, cocido/10minutos"
Dos huevos cocidos,media_manana,Dos huevos cocidos con sal y pimienta,160,fat_loss|muscle_gain,1,5,2,"Huevo, de gallina, entero, cocido/10minutos"
Pollo desmechado snack,media_manana,Porción pequeña de pollo desmechado,140,fat_loss|muscle_gain,3,5,2,"Pollo, Pechuga, sin piel, cocido"
Atún en agua porción chica,media_manana,Atún en agua escurrido directo,110,fat_loss|muscle_gain,2,5,3,"Atún, conserva en Aceite vegetal"
Sardinas con galleta,media_manana,Sardinas en lata con galletas saladas,200,general_health|muscle_gain,2,5,3,"Sardina, conserva en Aceite vegetal"
Salmón frío en lata,media_manana,Snack rápido de salmón con limón,180,fat_loss|muscle_gain,3,5,3,
Pavo con queso,media_manana,Rollito de pavo con queso bajo en grasa,180,fat_loss|muscle_gain,3,5,3,"Queso, minas, meia cura"
Jamón pavo con tostada,media_manana,Pavo con pan integral pequeño,200,fat_loss|muscle_gain,2,5,3,"Pan, Trigo, forma, integral"
Huevo con aguacate,media_manana,Huevo cocido con cucharada de aguacate,200,general_health|muscle_gain,1,5,2,"Huevo, de gallina, entero, cocido/10minutos|Aguacate, crudo"
Proteína en polvo con agua,media_manana,Shake de proteína mezclado con agua,130,fat_loss|muscle_gain,3,5,3,
Tortilla de claras mini,media_manana,Mini tortilla de claras de huevo,100,fat_loss|muscle_gain,3,5,2,"Huevo, de gallina, clara, cocida/10minutos"
Carne molida porción chica,media_manana,Cucharadas de carne molida guisada,180,muscle_gain,3,5,2,"Carne, bovina, Aguja de res, molido, cocido"
Camarones fríos,media_manana,Camarones cocidos con limón y sal,130,fat_loss|muscle_gain,3,5,2,"Camarón, Rio Grande, grande, cocido"
Pollo grillado en cubos,media_manana,Cubos de pollo a la plancha como snack,160,fat_loss|muscle_gain,3,5,2,"Pollo, Pechuga, sin piel, a la plancha"
Queso parmesano en lascas,media_manana,Lascas de queso curado como snack proteico,150,general_health|muscle_gain,2,5,3,
Granola casera con yogur,media_manana,Granola de avena con yogur natural,220,general_health|muscle_gain,1,5,2,"Avena, hojuelas, cruda|Yogur, natural"
Bola energética de avena,media_manana,"Bolitas de avena, maní y miel",200,general_health|muscle_gain,1,5,2,"Avena, hojuelas, cruda|Maní, tostado, salado"
Pudín de chía,media_manana,Pudín de chía con leche y mango,180,general_health|fat_loss,1,5,2,"Leche, de vaca, integral|Mango, Tommy Atkins, cruda"
Tostada de arroz con mani,media_manana,Galleta de arroz inflado con maní,160,general_health|muscle_gain,1,5,3,"Maní, tostado, salado"
Cucharada de mantequilla de maní,media_manana,Mantequilla de maní pura con manzana,200,general_health|muscle_gain,1,5,3,"Maní, tostado, salado|Manzana, Fuji, con casca, cruda"
Smoothie verde post yoga,media_manana,"Espinaca, kiwi, manzana y agua de coco",130,general_health|fat_loss,1,5,1,"Espinaca, Nova Zelândia, crudo|Kiwi, crudo|Manzana, Fuji, con casca, cruda"
Mini wrap de jamón pavo,media_manana,Tortilla integral con pavo y queso,200,fat_loss|muscle_gain,2,5,3,"Queso, minas, meia cura"
Yogur con cacao puro,media_manana,Yogur natural con cacao en polvo sin azúcar,130,general_health|fat_loss,1,5,3,"Yogur, natural"
Avena con manzana en cubos,media_manana,Avena cruda con manzana picada y canela,180,general_health|fat_loss,1,5,2,"Avena, hojuelas, cruda|Manzana, Fuji, con casca, cruda"
Galleta integral con queso,media_manana,Galleta integral con queso fresco,180,general_health,1,5,3,"Queso, minas, meia cura"
Pan árabe con tomate,media_manana,Pan árabe pequeño con tomate y aceite,160,general_health|fat_loss,1,5,2,"Tomate, con semilla, crudo|Aceite de oliva, de oliva, extra virgen"
Mini omelet de claras,media_manana,Omelet pequeño de claras con tomate,120,fat_loss|muscle_gain,2,5,2,"Huevo, de gallina, clara, cocida/10minutos|Tomate, con semilla, crudo"
Ensalada de quinua chica,media_manana,Quinua cocida con vegetales y limón,200,general_health|fat_loss,2,5,2,"Tomate, con semilla, crudo|Pepino, crudo"
Hummus con galletas integrales,media_manana,Hummus de garbanzo con galletas integrales,200,general_health|fat_loss,1,5,2,"Garbanzo, crudo"
Mini ensalada caprese,media_manana,"Tomate, mozzarella y albahaca en pinchos",180,general_health|fat_loss,1,5,2,"Tomate, con semilla, crudo|Queso, mozarela"
Banano congelado con cacao,media_manana,Banano congelado con cacao en polvo,150,general_health,1,5,3,"Banano, Manzana, cruda"
Fresas congeladas con yogur,media_manana,Fresas congeladas con yogur natural,140,general_health|fat_loss,1,5,2,"Fresa, crudo|Yogur, natural"
Manzana al horno con canela,media_manana,Manzana horneada con canela y nuez,150,general_health,1,5,1,"Manzana, Fuji, con casca, cruda"
Mango congelado batido,media_manana,Mango congelado licuado tipo helado,130,general_health|fat_loss,1,5,2,"Mango, Tommy Atkins, cruda"
Yogur con coco rallado,media_manana,Yogur natural con coco rallado y mango,200,general_health|fat_loss,1,5,2,"Yogur, natural|Coco, crudo|Mango, Tommy Atkins, cruda"
Avena cocida con manzana,media_manana,Avena en leche con manzana y canela,280,general_health,1,5,2,"Avena, hojuelas, cruda|Leche, de vaca, integral|Manzana, Fuji, con casca, cruda"
Snack de palomitas,media_manana,Palomitas de maíz sin sal,90,general_health|fat_loss,1,5,2,"palomitas de maíz, con Aceite vegetal de Soya, sin sal"
Galletas de avena caseras,media_manana,Galletas de avena con miel,180,general_health,1,5,2,"Avena, hojuelas, cruda"
Snack de garbanzo tostado,media_manana,Garbanzos tostados con sal,160,general_health|fat_loss,1,5,2,"Garbanzo, crudo"
Coco helado con miel,media_manana,Trozos de coco congelado con miel,180,general_health,1,5,2,"Coco, crudo"
Tortilla integral con palta,media_manana,Mini tortilla integral con aguacate,200,general_health|fat_loss,1,5,2,"Aguacate, crudo"
Fruta picada con yogur descremado,media_manana,Mango y fresa con yogur descremado,150,general_health|fat_loss,1,5,2,"Mango, Tommy Atkins, cruda|Fresa, crudo|Yogur, natural, desnatado"
Avena con cacao y leche,media_manana,Avena cocida con cacao y leche descremada,220,general_health|fat_loss,1,5,3,"Avena, hojuelas, cruda|Leche, de vaca, desnatado, UHT"
Banano con cacao en polvo,media_manana,Banano cubierto con cacao puro,130,general_health,1,5,3,"Banano, Manzana, cruda"
Mini bowl de fruta,media_manana,"Bowl pequeño con mango, kiwi y yogur",180,general_health|fat_loss,1,5,2,"Mango, Tommy Atkins, cruda|Kiwi, crudo|Yogur, natural"
Smoothie de papaya rojo,media_manana,"Papaya, fresa y leche descremada",170,general_health|fat_loss,1,5,2,"Papaya, Formosa, crudo|Fresa, crudo|Leche, de vaca, desnatado, UHT"
Manzana con mantequilla de maní,media_manana,Rodajas de manzana untadas con maní,220,general_health|muscle_gain,1,5,3,"Manzana, Fuji, con casca, cruda|Maní, tostado, salado"
Snack de zanahoria baby,media_manana,Zanahorias baby con sal en escamas,50,fat_loss,1,5,1,"Zanahoria, cruda"
Tomate cherry con aceite,media_manana,Tomates cherry con aceite de oliva y sal,80,fat_loss,1,5,1,"Tomate, con semilla, crudo|Aceite de oliva, de oliva, extra virgen"
Pepino con yogur y eneldo,media_manana,Rodajas de pepino con yogur y eneldo,80,fat_loss,1,5,2,"Pepino, crudo|Yogur, natural"
Espinaca cruda con limón,media_manana,Hojas de espinaca con limón y aceite,60,fat_loss,1,5,1,"Espinaca, Nova Zelândia, crudo|Aceite de oliva, de oliva, extra virgen"
Apio con maní cremoso,media_manana,Bastones de apio con mantequilla de maní,200,general_health|muscle_gain,1,5,3,"Apio, crudo|Maní, tostado, salado"
Mini wrap de aguacate,media_manana,Tortilla con aguacate y tomate,180,general_health|fat_loss,1,5,2,"Aguacate, crudo|Tomate, con semilla, crudo"
Snack de almendras,media_manana,Porción de marañón sin sal,160,general_health|muscle_gain,1,5,1,"castaña-de-Marañón, tostada, salada"
Yogur con guanábana,media_manana,Yogur con pulpa de guanábana,180,general_health|fat_loss,1,5,2,"Yogur, natural|Guanábana, cruda"
Sancocho de gallina valluno,almuerzo,"Sancocho con gallina, mazorca, yuca, papa y plátano",580,general_health|muscle_gain,1,5,2,"Pollo, Pechuga, con piel, asado|Maíz, verde, crudo|Yuca/mandioca, cocida|Papa, baroa, cocida|Banano, de la terra, cruda"
Sancocho de pescado costeño,almuerzo,"Sancocho con pescado, yuca, plátano y aliños",520,general_health,1,5,2,"Merluza, filete, asado|Yuca/mandioca, cocida|Banano, de la terra, cruda"
Sancocho trifásico paisa,almuerzo,"Sancocho con cerdo, res y pollo, mazorca y plátano",620,general_health|muscle_gain,1,4,2,"Pollo, Pechuga, con piel, asado|Carne, bovina, contra-filé, con gordura, a la plancha|Maíz, verde, crudo|Banano, de la terra, cruda"
Sancocho de costilla,almuerzo,"Sancocho con costilla de res, papa y yuca",540,general_health|muscle_gain,1,5,2,"Papa, baroa, cocida|Yuca/mandioca, cocida|Maíz, verde, crudo"
Ajiaco bogotano tradicional,almuerzo,"Ajiaco con tres papas, pollo, mazorca y crema",480,general_health,1,5,2,"Pollo, Pechuga, con piel, asado|Papa, baroa, cocida|Maíz, verde, crudo"
Mondongo bogotano,almuerzo,"Mondongo de res con garbanzo, papa y zanahoria",480,general_health,1,4,2,"Garbanzo, crudo|Papa, baroa, cocida|Zanahoria, cocida"
Sopa de frijol paisa,almuerzo,Sopa cremosa de frijol cargamanto con costilla,460,general_health|muscle_gain,1,5,2,"Frijol, carioca, cocido|Papa, baroa, cocida"
Sopa de lentejas con chorizo,almuerzo,Guiso de lentejas con chorizo y arroz,480,general_health|muscle_gain,1,4,3,"Lenteja, cocida|Arroz, tipo 1, cocido"
Sopa de garbanzos,almuerzo,Guiso de garbanzos con cerdo y verduras,460,general_health,1,5,2,"Garbanzo, crudo|Zanahoria, cocida"
Sopa de arveja con cerdo,almuerzo,Sopa espesa de arvejas con costilla de cerdo,440,general_health,1,5,2,"Arveja, enlatada, escurrida|Papa, baroa, cocida"
Mute santandereano,almuerzo,"Sopa contundente con mazorca, garbanzo y res",540,general_health|muscle_gain,1,3,3,"Maíz, verde, crudo|Garbanzo, crudo|Carne, bovina, contra-filé, con gordura, a la plancha"
Cuchuco de trigo boyacense,almuerzo,Cuchuco con espinazo de cerdo y verduras,480,general_health,1,4,2,"Arveja, enlatada, escurrida|Papa, baroa, cocida"
Sopa de pasta con pollo,almuerzo,Sopa de fideos con pollo desmenuzado,380,general_health,1,5,2,"Pasta/fideo, Trigo, crudo|Pollo, Pechuga, sin piel, cocido|Papa, baroa, cocida"
Cazuela de mariscos costeña,almuerzo,"Cazuela con camarones, pescado y leche de coco",490,general_health|muscle_gain,2,5,2,"Camarón, Rio Grande, grande, cocido|Merluza, filete, asado|Leche, de coco"
Sopa de arroz con pollo,almuerzo,Sopa cremosa de arroz con pollo desmechado,420,general_health,1,5,2,"Arroz, tipo 1, cocido|Pollo, Pechuga, sin piel, cocido"
Sopa de yuca con pollo,almuerzo,"Sopa con yuca, pollo y cilantro",400,general_health,1,5,2,"Yuca/mandioca, cocida|Pollo, Pechuga, sin piel, cocido"
Sopa de plátano con costilla,almuerzo,Sopa espesa de plátano verde rallado,460,general_health|muscle_gain,1,5,2,"Banano, de la terra, cruda"
Sopa de mazorca con pollo,almuerzo,Sopa cremosa de mazorca con pollo,410,general_health,1,5,2,"Maíz, verde, crudo|Pollo, Pechuga, sin piel, cocido"
Caldo de pescado del Caribe,almuerzo,Caldo de pescado con yuca y plátano,350,general_health|fat_loss,2,5,2,"Merluza, filete, asado|Yuca/mandioca, cocida|Banano, de la terra, cruda"
Sopa de verduras con pollo,almuerzo,Sopa de verduras de temporada con pollo desmechado,310,general_health|fat_loss,1,5,2,"Pollo, Pechuga, sin piel, cocido|Zanahoria, cocida|Espinaca, Nova Zelândia, salteado"
Sopa de champiñones cremosa,almuerzo,Crema de champiñones con papa,290,general_health|fat_loss,1,5,2,"Papa, baroa, cocida"
Crema de auyama,almuerzo,Crema de auyama con leche de coco y jengibre,250,general_health|fat_loss,1,5,2,"Calabaza, moranga, cruda|Leche, de coco"
Crema de espinaca,almuerzo,Crema de espinaca con leche descremada,220,fat_loss,1,5,2,"Espinaca, Nova Zelândia, salteado|Leche, de vaca, desnatado, UHT"
Crema de zanahoria,almuerzo,Crema de zanahoria con jengibre,200,general_health|fat_loss,1,5,2,"Zanahoria, cocida"
Crema de brócoli con queso,almuerzo,Crema de brócoli con queso fresco,240,general_health|fat_loss,1,5,2,"Brócoli, cocido|Queso, minas, meia cura"
Arroz con pollo tradicional,almuerzo,"Arroz con pollo, zanahoria y arveja",480,general_health|muscle_gain,1,5,2,"Arroz, tipo 1, cocido|Pollo, Pechuga, sin piel, cocido|Zanahoria, cocida|Arveja, enlatada, escurrida"
Arroz con pollo y vegetales,almuerzo,"Arroz con pollo, brócoli y pimentón",460,general_health|muscle_gain,1,5,2,"Arroz, tipo 1, cocido|Pollo, Pechuga, sin piel, cocido|Brócoli, cocido|Pimiento, vermelho, crudo"
Arroz con atún en agua,almuerzo,Arroz blanco con atún en agua y tomate,410,fat_loss|muscle_gain,1,5,3,"Arroz, tipo 1, cocido|Atún, conserva en Aceite vegetal|Tomate, con semilla, crudo"
Arroz integral con pollo,almuerzo,Arroz integral con pollo a la plancha y vegetales,440,general_health|muscle_gain,2,5,2,"Arroz, integral, cocido|Pollo, Pechuga, sin piel, a la plancha|Brócoli, cocido"
Arroz con camarones costeño,almuerzo,"Arroz con camarones, leche de coco y pimentón",520,general_health|muscle_gain,2,5,2,"Arroz, tipo 1, cocido|Camarón, Rio Grande, grande, cocido|Leche, de coco|Pimiento, vermelho, crudo"
Arroz con coco y pescado,almuerzo,Arroz con leche de coco y pescado fresco,540,general_health|muscle_gain,1,5,2,"Arroz, tipo 1, cocido|Leche, de coco|Merluza, filete, asado"
Arroz con carne molida,almuerzo,Arroz con carne molida guisada y huevo,500,general_health|muscle_gain,1,5,2,"Arroz, tipo 1, cocido|Carne, bovina, Aguja de res, molido, cocido|Huevo, de gallina, entero, frito"
Arroz con salmón a la plancha,almuerzo,Arroz integral con salmón y espinaca,520,general_health|muscle_gain,3,5,2,"Arroz, integral, cocido|Salmón, sin piel, fresco, a la plancha|Espinaca, Nova Zelândia, salteado"
Arroz con carne asada,almuerzo,Arroz blanco con carne asada y aguacate,580,muscle_gain,3,5,2,"Arroz, tipo 1, cocido|Carne, bovina, contra-filé, con gordura, a la plancha|Aguacate, crudo"
Arroz con frijoles paisa,almuerzo,Arroz blanco con frijoles cargamanto,450,general_health|muscle_gain,1,5,2,"Arroz, tipo 1, cocido|Frijol, carioca, cocido"
Arroz con lentejas,almuerzo,Arroz con lenteja guisada y plátano maduro,480,general_health|muscle_gain,1,5,2,"Arroz, tipo 1, cocido|Lenteja, cocida|Banano, de la terra, cruda"
Arroz con garbanzos,almuerzo,Arroz blanco con garbanzo guisado,420,general_health,1,5,2,"Arroz, tipo 1, cocido|Garbanzo, crudo"
Arroz a la jardinera,almuerzo,"Arroz con zanahoria, arveja y maíz",380,general_health,1,5,2,"Arroz, tipo 1, cocido|Zanahoria, cocida|Arveja, enlatada, escurrida|Maíz, verde, crudo"
Arroz con pollo al curry,almuerzo,Arroz basmati con pollo en curry suave,470,general_health|muscle_gain,2,5,2,"Arroz, tipo 1, cocido|Pollo, Pechuga, sin piel, cocido|Leche, de coco"
Arroz con sardinas,almuerzo,Arroz blanco con sardinas en lata y cebolla,460,general_health|muscle_gain,2,5,3,"Arroz, tipo 1, cocido|Sardina, conserva en Aceite vegetal|Cebolla, cruda"
Arroz con pescado al ajillo,almuerzo,Arroz blanco con merluza al ajillo,450,general_health|muscle_gain,2,5,2,"Arroz, tipo 1, cocido|Merluza, filete, asado|Ajo, crudo"
Arroz integral con verduras,almuerzo,"Arroz integral con brócoli, zanahoria y coliflor",380,general_health|fat_loss,1,5,2,"Arroz, integral, cocido|Brócoli, cocido|Zanahoria, cocida|Coliflor, cocida"
Arroz con pavo y vegetales,almuerzo,Arroz integral con pavo molido y verduras,460,fat_loss|muscle_gain,3,5,2,"Arroz, integral, cocido|Zanahoria, cocida|Brócoli, cocido"
Arroz costeño con plátano,almuerzo,Arroz blanco con plátano maduro frito,480,general_health,1,4,2,"Arroz, tipo 1, cocido|Banano, de la terra, cruda"
Arroz con habichuelas,almuerzo,Arroz blanco con habichuela guisada,380,general_health|fat_loss,1,5,2,"Arroz, tipo 1, cocido|Arveja, en Vainita"
Arroz con champiñones,almuerzo,Arroz integral con champiñones al ajillo,350,general_health|fat_loss,1,5,2,"Arroz, integral, cocido|Ajo, crudo"
Arroz con espinaca y queso,almuerzo,Arroz blanco con espinaca salteada y queso,420,general_health|fat_loss,1,5,2,"Arroz, tipo 1, cocido|Espinaca, Nova Zelândia, salteado|Queso, minas, meia cura"
Arroz oriental con pollo,almuerzo,"Arroz con pollo, vegetales y soya",470,general_health|muscle_gain,2,5,2,"Arroz, tipo 1, cocido|Pollo, Pechuga, sin piel, cocido"
Arroz con cerdo agridulce,almuerzo,Arroz con cerdo en salsa agridulce,540,general_health|muscle_gain,2,5,3,"Arroz, tipo 1, cocido"
Arroz amarillo con pollo,almuerzo,Arroz con pollo en achiote y verduras,480,general_health|muscle_gain,1,5,2,"Arroz, tipo 1, cocido|Pollo, Pechuga, sin piel, cocido"
Arroz negro con calamares,almuerzo,Arroz negro con calamares y pimentón,460,general_health|fat_loss,2,5,2,"Arroz, tipo 1, cocido|Pimiento, vermelho, crudo"
Arroz cremoso con espárragos,almuerzo,Risotto colombiano con espárragos y queso,440,general_health,2,5,2,"Queso, minas, meia cura"
Arroz con carne desmechada,almuerzo,Arroz con carne mechada y aguacate,540,muscle_gain,3,5,2,"Arroz, tipo 1, cocido|Carne, bovina, contra-filé, con gordura, a la plancha|Aguacate, crudo"
Arroz con pollo al limón,almuerzo,Arroz con pollo a la plancha y limón,440,fat_loss|muscle_gain,2,5,2,"Arroz, tipo 1, cocido|Pollo, Pechuga, sin piel, a la plancha"
Arroz con vegetales asados,almuerzo,Arroz integral con berenjena y pimentón asados,360,general_health|fat_loss,1,5,2,"Arroz, integral, cocido|Berenjena, cocida|Pimiento, vermelho, crudo"
Bandeja paisa tradicional,almuerzo,"Frijol, arroz, chicharrón, huevo, arepa y plátano",750,general_health|muscle_gain,1,3,3,"Frijol, carioca, cocido|Arroz, tipo 1, cocido|Huevo, de gallina, entero, frito|Banano, de la terra, cruda"
Bandeja paisa moderada,almuerzo,"Versión más ligera con arroz, frijol, huevo y aguacate",580,general_health|muscle_gain,1,4,2,"Frijol, carioca, cocido|Arroz, tipo 1, cocido|Huevo, de gallina, entero, frito|Aguacate, crudo"
Casado costeño,almuerzo,"Arroz con coco, frijol, pescado y patacones",620,general_health|muscle_gain,1,5,2,"Arroz, tipo 1, cocido|Frijol, carioca, cocido|Merluza, filete, asado|Banano, de la terra, cruda"
Casado paisa pequeño,almuerzo,"Frijol, arroz y carne molida en porción moderada",510,general_health|muscle_gain,1,5,2,"Frijol, carioca, cocido|Arroz, tipo 1, cocido|Carne, bovina, Aguja de res, molido, cocido"
Lechona tolimense,almuerzo,"Cerdo relleno con arroz y arveja, plato fuerte",680,general_health|muscle_gain,1,3,3,"Arroz, tipo 1, cocido|Arveja, enlatada, escurrida"
Mamona llanera,almuerzo,Ternera a la llanera con yuca y patacones,620,general_health|muscle_gain,1,3,2,"Yuca/mandioca, cocida|Banano, de la terra, cruda"
Cocido boyacense,almuerzo,"Puchero con res, papa, mazorca y arveja",580,general_health|muscle_gain,1,4,2,"Carne, bovina, contra-filé, con gordura, a la plancha|Papa, baroa, cocida|Maíz, verde, crudo|Arveja, enlatada, escurrida"
Bandeja huilense,almuerzo,"Asado huilense con arroz, yuca y arepa",620,general_health|muscle_gain,1,3,2,"Arroz, tipo 1, cocido|Yuca/mandioca, cocida"
Plato típico antioqueño,almuerzo,"Frijol, arroz, carne, plátano y aguacate",700,general_health|muscle_gain,1,3,2,"Frijol, carioca, cocido|Arroz, tipo 1, cocido|Carne, bovina, contra-filé, con gordura, a la plancha|Banano, de la terra, cruda|Aguacate, crudo"
Combo de pollo a la plancha,almuerzo,"Pollo, arroz, ensalada y plátano maduro",540,fat_loss|muscle_gain,2,5,2,"Pollo, Pechuga, sin piel, a la plancha|Arroz, tipo 1, cocido|Banano, de la terra, cruda"
Bandeja vegetariana,almuerzo,"Arroz, frijol, plátano, aguacate y huevo",540,general_health,1,5,2,"Arroz, tipo 1, cocido|Frijol, carioca, cocido|Banano, de la terra, cruda|Aguacate, crudo|Huevo, de gallina, entero, frito"
Casado vallecaucano,almuerzo,"Arroz, lenteja, plátano y huevo",520,general_health|muscle_gain,1,5,2,"Arroz, tipo 1, cocido|Lenteja, cocida|Banano, de la terra, cruda|Huevo, de gallina, entero, crudo"
Bandeja santandereana,almuerzo,"Mute, pepitoria y arroz",600,general_health|muscle_gain,1,3,2,"Arroz, tipo 1, cocido|Maíz, verde, crudo"
Bandeja del Pacífico,almuerzo,Encocado de pescado con arroz y patacones,580,general_health|muscle_gain,1,4,2,"Merluza, filete, asado|Leche, de coco|Arroz, tipo 1, cocido|Banano, de la terra, cruda"
Plato típico nariñense,almuerzo,Cuy con papa y maíz al estilo nariñense,580,general_health|muscle_gain,1,3,2,"Papa, baroa, cocida|Maíz, verde, crudo"
Tilapia a la plancha con yuca,almuerzo,Filete de tilapia a la plancha con yuca cocida,420,fat_loss|muscle_gain,2,5,2,"Merluza, filete, asado|Yuca/mandioca, cocida"
Mojarra frita con patacones,almuerzo,Mojarra frita entera con patacones,580,general_health,1,4,3,"Banano, de la terra, cruda"
Salmón al horno con vegetales,almuerzo,Salmón al horno con espárragos y zanahoria,480,fat_loss|muscle_gain,3,5,2,"Salmón, sin piel, fresco, a la plancha|Zanahoria, cocida"
Salmón a la plancha con quinua,almuerzo,Salmón con quinua y aguacate,520,fat_loss|muscle_gain,3,5,2,"Salmón, sin piel, fresco, a la plancha|Aguacate, crudo"
Camarones al ajillo,almuerzo,Camarones salteados con ajo y aceite de oliva,350,fat_loss|muscle_gain,3,5,2,"Camarón, Rio Grande, grande, cocido|Ajo, crudo|Aceite de oliva, de oliva, extra virgen"
Camarones con arroz,almuerzo,Camarones cocidos con arroz blanco y limón,440,general_health|muscle_gain,2,5,2,"Camarón, Rio Grande, grande, cocido|Arroz, tipo 1, cocido"
Pescado en salsa de mango,almuerzo,Filete de pescado con salsa tropical de mango,420,fat_loss|muscle_gain,3,5,2,"Merluza, filete, asado|Mango, Tommy Atkins, cruda"
Encocado de pescado,almuerzo,Pescado en leche de coco con arroz,480,general_health|muscle_gain,1,5,2,"Merluza, filete, asado|Leche, de coco|Arroz, tipo 1, cocido"
Pescado al vapor con brócoli,almuerzo,Tilapia al vapor con brócoli y limón,320,fat_loss,2,5,2,"Merluza, filete, asado|Brócoli, cocido"
Salmón con espinaca cremosa,almuerzo,Salmón con espinaca a la crema y arroz,540,fat_loss|muscle_gain,3,5,2,"Salmón, sin piel, fresco, a la plancha|Espinaca, Nova Zelândia, salteado|Arroz, tipo 1, cocido"
Ceviche de camarón,almuerzo,Camarón en limón con cebolla y cilantro,250,fat_loss,2,5,2,"Camarón, Rio Grande, grande, cocido|Cebolla, cruda"
Atún a la plancha,almuerzo,Filete de atún a la plancha con vegetales,380,fat_loss|muscle_gain,3,5,2,"Merluza, filete, asado"
Pescado en escabeche,almuerzo,Pescado marinado en limón con cebolla y zanahoria,340,general_health|fat_loss,2,5,2,"Merluza, filete, asado|Cebolla, cruda|Zanahoria, cruda"
Sardinas frescas a la plancha,almuerzo,Sardinas asadas con limón y arroz,420,general_health|muscle_gain,2,5,2,"Sardina, asada|Arroz, tipo 1, cocido"
Cazuela de pescado costeña,almuerzo,"Cazuela con merluza, plátano y leche de coco",460,general_health|muscle_gain,1,5,2,"Merluza, filete, asado|Banano, de la terra, cruda|Leche, de coco"
Camarones apanados,almuerzo,Camarones empanizados con arroz y ensalada,480,general_health|muscle_gain,2,5,3,"Camarón, Rio Grande, grande, cocido|Arroz, tipo 1, cocido"
Pescado a la criolla,almuerzo,"Filete con hogao, arroz y plátano",460,general_health,1,5,2,"Merluza, filete, asado|Tomate, con semilla, crudo|Cebolla, cruda|Arroz, tipo 1, cocido|Banano, de la terra, cruda"
Salmón curado con limón,almuerzo,Salmón marinado con limón y aceite de oliva,320,fat_loss|muscle_gain,3,5,2,"Salmón, sin piel, fresco, a la plancha|Aceite de oliva, de oliva, extra virgen"
Camarones criollos,almuerzo,Camarones en salsa de tomate con arroz,460,general_health|muscle_gain,2,5,2,"Camarón, Rio Grande, grande, cocido|Tomate, con semilla, crudo|Arroz, tipo 1, cocido"
Pescado con coco y arroz,almuerzo,Filete en leche de coco con arroz blanco,520,general_health|muscle_gain,1,5,2,"Merluza, filete, asado|Leche, de coco|Arroz, tipo 1, cocido"
Pollo asado con papa,almuerzo,Pollo entero asado con papas al horno,540,general_health|muscle_gain,1,5,2,"Pollo, Pechuga, con piel, asado|Papa, baroa, cocida"
Pollo sudado paisa,almuerzo,Pollo sudado en hogao con papa y arroz,480,general_health,1,5,2,"Pollo, Pechuga, con piel, asado|Papa, baroa, cocida|Arroz, tipo 1, cocido"
Pollo al ajillo,almuerzo,Pollo al ajillo con aceite de oliva y limón,420,general_health|muscle_gain,2,5,2,"Pollo, Pechuga, sin piel, a la plancha|Ajo, crudo|Aceite de oliva, de oliva, extra virgen"
Pollo a la plancha con arroz integral,almuerzo,Pechuga con arroz integral y brócoli,460,fat_loss|muscle_gain,2,5,2,"Pollo, Pechuga, sin piel, a la plancha|Arroz, integral, cocido|Brócoli, cocido"
Pollo a la plancha con ensalada,almuerzo,Pechuga con ensalada de aguacate y tomate,380,fat_loss|muscle_gain,2,5,2,"Pollo, Pechuga, sin piel, a la plancha|Aguacate, crudo|Tomate, con semilla, crudo"
Pollo apanado con papa,almuerzo,Pechuga apanada con papa al horno,540,general_health|muscle_gain,1,5,3,"Pollo, Pechuga, sin piel, cocido|Papa, baroa, cocida"
Pollo al curry colombiano,almuerzo,Pollo en salsa de curry suave con arroz,520,general_health|muscle_gain,2,5,2,"Pollo, Pechuga, sin piel, cocido|Arroz, tipo 1, cocido"
Pollo al limón con vegetales,almuerzo,Pollo marinado en limón con vegetales asados,420,fat_loss|muscle_gain,2,5,2,"Pollo, Pechuga, sin piel, a la plancha|Zanahoria, cocida|Brócoli, cocido"
Pollo en salsa de champiñones,almuerzo,Pollo en crema de champiñones con arroz,540,general_health|muscle_gain,2,5,2,"Pollo, Pechuga, sin piel, cocido|Arroz, tipo 1, cocido"
Pollo BBQ con maíz,almuerzo,Pollo en salsa BBQ con maíz a la parrilla,540,general_health|muscle_gain,1,5,3,"Pollo, Pechuga, con piel, asado|Maíz, verde, crudo"
Pollo desmechado con arepa,almuerzo,Pollo desmechado con arepa y aguacate,460,fat_loss|muscle_gain,2,5,2,"Pollo, Pechuga, sin piel, cocido|Aguacate, crudo"
Pollo en salsa de mango,almuerzo,Pollo a la plancha con salsa tropical de mango,480,fat_loss|muscle_gain,2,5,2,"Pollo, Pechuga, sin piel, a la plancha|Mango, Tommy Atkins, cruda"
Pollo con verduras al wok,almuerzo,Pollo con vegetales salteados al estilo asiático,420,fat_loss|muscle_gain,2,5,2,"Pollo, Pechuga, sin piel, a la plancha|Brócoli, cocido|Pimiento, vermelho, crudo"
Pollo en salsa criolla,almuerzo,Pollo en hogao con arroz blanco,480,general_health,1,5,2,"Pollo, Pechuga, sin piel, cocido|Tomate, con semilla, crudo|Cebolla, cruda|Arroz, tipo 1, cocido"
Pollo al horno con hierbas,almuerzo,Pollo asado con hierbas y aceite de oliva,460,fat_loss|muscle_gain,2,5,2,"Pollo, Pechuga, con piel, asado|Aceite de oliva, de oliva, extra virgen"
Pollo con espinaca cremosa,almuerzo,Pollo con salsa de espinaca y queso,520,general_health|muscle_gain,2,5,2,"Pollo, Pechuga, sin piel, cocido|Espinaca, Nova Zelândia, salteado|Queso, minas, meia cura"
Pollo con plátano y aguacate,almuerzo,Pollo a la plancha con plátano maduro y aguacate,520,general_health|muscle_gain,1,5,2,"Pollo, Pechuga, sin piel, a la plancha|Banano, de la terra, cruda|Aguacate, crudo"
Pollo en salsa de naranja,almuerzo,Pollo a la plancha con jugo de naranja reducido,440,fat_loss|muscle_gain,2,5,2,"Pollo, Pechuga, sin piel, a la plancha|Naranja, baía, Jugo"
Pechuga rellena de queso,almuerzo,Pollo relleno de espinaca y queso,540,muscle_gain,3,5,2,"Pollo, Pechuga, sin piel, cocido|Espinaca, Nova Zelândia, salteado|Queso, minas, meia cura"
Pollo al ajillo con yuca,almuerzo,Pollo al ajillo con yuca cocida,480,general_health|muscle_gain,1,5,2,"Pollo, Pechuga, sin piel, a la plancha|Ajo, crudo|Yuca/mandioca, cocida"
Pollo guisado con papas,almuerzo,Pollo guisado en salsa con papa y arroz,540,general_health,1,5,2,"Pollo, Pechuga, sin piel, cocido|Papa, baroa, cocida|Arroz, tipo 1, cocido"
Pollo teriyaki casero,almuerzo,Pollo en salsa teriyaki con arroz y brócoli,520,general_health|muscle_gain,2,5,3,"Pollo, Pechuga, sin piel, cocido|Arroz, tipo 1, cocido|Brócoli, cocido"
Pechuga con quinua y vegetales,almuerzo,Pechuga con quinua y verduras al vapor,460,fat_loss|muscle_gain,3,5,2,"Pollo, Pechuga, sin piel, a la plancha|Brócoli, cocido|Zanahoria, cocida"
Pollo con coco y arroz,almuerzo,Pollo en leche de coco con arroz amarillo,540,general_health|muscle_gain,1,5,2,"Pollo, Pechuga, sin piel, cocido|Leche, de coco|Arroz, tipo 1, cocido"
Muslos de pollo asados,almuerzo,Muslos asados con papa criolla y ensalada,580,muscle_gain,2,5,2,"Pollo, Pechuga, con piel, asado|Papa, baroa, cocida"
Carne asada con yuca,almuerzo,Lomo de res a la parrilla con yuca cocida,580,muscle_gain,3,5,2,"Carne, bovina, contra-filé, con gordura, a la plancha|Yuca/mandioca, cocida"
Carne molida con papas,almuerzo,Carne molida guisada con papa y arroz,540,general_health|muscle_gain,1,5,2,"Carne, bovina, Aguja de res, molido, cocido|Papa, baroa, cocida|Arroz, tipo 1, cocido"
Bistec encebollado,almuerzo,"Bistec de res con cebolla, papa y arroz",580,general_health|muscle_gain,1,5,2,"Carne, bovina, contra-filé, con gordura, a la plancha|Cebolla, cruda|Papa, baroa, cocida|Arroz, tipo 1, cocido"
Carne desmechada criolla,almuerzo,Carne mechada en hogao con plátano,520,general_health|muscle_gain,2,5,2,"Carne, bovina, contra-filé, con gordura, a la plancha|Tomate, con semilla, crudo|Cebolla, cruda|Banano, de la terra, cruda"
Sobrebarriga al horno,almuerzo,Sobrebarriga horneada con papa y ensalada,580,general_health|muscle_gain,1,5,2,"Carne, bovina, contra-filé, con gordura, a la plancha|Papa, baroa, cocida"
Posta cartagenera,almuerzo,Posta de res en salsa negra con arroz y papa,540,general_health|muscle_gain,1,5,3,"Carne, bovina, contra-filé, con gordura, a la plancha|Arroz, tipo 1, cocido|Papa, baroa, cocida"
Estofado de res,almuerzo,"Estofado de res con papa, zanahoria y arveja",540,general_health|muscle_gain,1,5,2,"Carne, bovina, contra-filé, con gordura, a la plancha|Papa, baroa, cocida|Zanahoria, cocida|Arveja, enlatada, escurrida"
Punta de anca a la parrilla,almuerzo,Punta de anca con yuca y ensalada,620,muscle_gain,3,5,2,"Carne, bovina, contra-filé, con gordura, a la plancha|Yuca/mandioca, cocida"
Churrasco con papa,almuerzo,Churrasco argentino con papa rústica,640,muscle_gain,3,5,2,"Carne, bovina, contra-filé, con gordura, a la plancha|Papa, baroa, cocida"
Carne sudada paisa,almuerzo,Carne sudada con papa y arroz,540,general_health|muscle_gain,1,5,2,"Carne, bovina, contra-filé, con gordura, a la plancha|Papa, baroa, cocida|Arroz, tipo 1, cocido"
Albóndigas en salsa,almuerzo,Albóndigas de res en salsa de tomate con arroz,540,general_health|muscle_gain,1,5,2,"Carne, bovina, Aguja de res, molido, cocido|Tomate, con semilla, crudo|Arroz, tipo 1, cocido"
Pepitoria nariñense,almuerzo,Cuy o cerdo con papa y salsa de maní,580,general_health|muscle_gain,1,4,2,"Papa, baroa, cocida|Maní, tostado, salado"
Cerdo en salsa de piña,almuerzo,Lomo de cerdo agridulce con piña y arroz,580,general_health|muscle_gain,2,5,3,"Arroz, tipo 1, cocido|Piña, crudo"
Costillas de cerdo BBQ,almuerzo,Costillas en salsa BBQ con maíz a la parrilla,680,muscle_gain,3,5,3,"Maíz, verde, crudo"
Lomo de cerdo al horno,almuerzo,Lomo de cerdo horneado con manzana y papa,580,general_health|muscle_gain,2,5,2,"Manzana, Fuji, con casca, cruda|Papa, baroa, cocida"
Chicharrón con frijoles,almuerzo,Chicharrón crocante con frijoles y arroz,720,general_health|muscle_gain,1,3,3,"Frijol, carioca, cocido|Arroz, tipo 1, cocido"
Cerdo con salsa de mango,almuerzo,Lomo de cerdo con salsa tropical,540,fat_loss|muscle_gain,2,5,2,"Mango, Tommy Atkins, cruda"
Goulash colombiano,almuerzo,Estofado de res con pimentón y papa,560,general_health|muscle_gain,1,5,2,"Carne, bovina, contra-filé, con gordura, a la plancha|Pimiento, vermelho, crudo|Papa, baroa, cocida"
Carne mechada llanera,almuerzo,Carne mechada en hogao con arroz y plátano,560,general_health|muscle_gain,1,5,2,"Carne, bovina, contra-filé, con gordura, a la plancha|Tomate, con semilla, crudo|Arroz, tipo 1, cocido|Banano, de la terra, cruda"
Carne en bistec con hogao,almuerzo,"Bistec con hogao casero, arroz y patacones",580,general_health|muscle_gain,1,5,2,"Carne, bovina, contra-filé, con gordura, a la plancha|Tomate, con semilla, crudo|Arroz, tipo 1, cocido|Banano, de la terra, cruda"
Carne asada con chimichurri,almuerzo,Lomo asado con salsa chimichurri y papa,580,muscle_gain,3,5,2,"Carne, bovina, contra-filé, con gordura, a la plancha|Papa, baroa, cocida"
Hígado encebollado,almuerzo,Hígado de res con cebolla y arroz,480,general_health|muscle_gain,1,4,2,"Cebolla, cruda|Arroz, tipo 1, cocido"
Lengua en salsa,almuerzo,Lengua de res en salsa criolla con papa,520,general_health|muscle_gain,1,4,2,"Tomate, con semilla, crudo|Cebolla, cruda|Papa, baroa, cocida"
Picadillo de res,almuerzo,"Carne molida con tomate, cebolla y aceitunas",460,general_health|muscle_gain,1,5,2,"Carne, bovina, Aguja de res, molido, cocido|Tomate, con semilla, crudo|Cebolla, cruda"
Empanadas grandes de carne,almuerzo,Empanadas tamaño almuerzo con carne y papa,540,general_health,1,4,3,"Carne, bovina, Aguja de res, molido, cocido|Papa, baroa, cocida"
Pasta con pollo al pesto,almuerzo,Pasta integral con pollo y pesto casero,540,general_health|muscle_gain,2,5,2,"Pasta/fideo, Trigo, crudo|Pollo, Pechuga, sin piel, cocido"
Pasta con atún,almuerzo,"Pasta con atún en agua, tomate y aceitunas",480,general_health|fat_loss,2,5,3,"Pasta/fideo, Trigo, crudo|Atún, conserva en Aceite vegetal|Tomate, con semilla, crudo"
Pasta con carne molida boloñesa,almuerzo,Pasta con salsa boloñesa de carne molida,580,general_health|muscle_gain,1,5,2,"Pasta/fideo, Trigo, crudo|Carne, bovina, Aguja de res, molido, cocido|Tomate, con semilla, crudo"
Lasaña de carne,almuerzo,"Lasaña con carne molida, salsa y queso",620,general_health|muscle_gain,1,4,3,"Carne, bovina, Aguja de res, molido, cocido|Queso, mozarela"
Pasta con camarones,almuerzo,Pasta con camarones al ajillo y limón,520,general_health|muscle_gain,2,5,2,"Pasta/fideo, Trigo, crudo|Camarón, Rio Grande, grande, cocido|Ajo, crudo"
Espaguetti con albóndigas,almuerzo,Espaguetti con albóndigas en salsa,560,general_health|muscle_gain,1,5,2,"Pasta/fideo, Trigo, crudo|Carne, bovina, Aguja de res, molido, cocido|Tomate, con semilla, crudo"
Pasta con champiñones,almuerzo,Pasta con champiñones y crema ligera,460,general_health,2,5,2,"Pasta/fideo, Trigo, crudo"
Pasta con espinaca y queso,almuerzo,Pasta integral con espinaca salteada y queso,460,general_health|fat_loss,2,5,2,"Pasta/fideo, Trigo, crudo|Espinaca, Nova Zelândia, salteado|Queso, minas, meia cura"
Macarrones con queso,almuerzo,Macarrones con salsa de queso cremosa,540,general_health,1,5,3,"Pasta/fideo, Trigo, crudo|Queso, mozarela"
Pasta primavera,almuerzo,Pasta con vegetales variados de temporada,440,general_health|fat_loss,1,5,2,"Pasta/fideo, Trigo, crudo|Brócoli, cocido|Zanahoria, cocida|Pimiento, vermelho, crudo"
Pasta con salmón y limón,almuerzo,Pasta con salmón a la plancha y crema de limón,540,fat_loss|muscle_gain,3,5,2,"Pasta/fideo, Trigo, crudo|Salmón, sin piel, fresco, a la plancha"
Pasta con pollo al curry,almuerzo,Pasta con pollo en salsa de curry suave,520,general_health|muscle_gain,2,5,2,"Pasta/fideo, Trigo, crudo|Pollo, Pechuga, sin piel, cocido"
Ñoquis de papa con salsa,almuerzo,Ñoquis con salsa de tomate y albahaca,480,general_health,1,5,2,"Papa, baroa, cocida|Tomate, con semilla, crudo"
Pasta con verduras asadas,almuerzo,Pasta con berenjena y pimentón asados,420,general_health|fat_loss,1,5,2,"Pasta/fideo, Trigo, crudo|Berenjena, cocida|Pimiento, vermelho, crudo"
Pasta integral con atún,almuerzo,Pasta integral con atún y tomate cherry,460,fat_loss|muscle_gain,2,5,3,"Pasta/fideo, Trigo, crudo|Atún, conserva en Aceite vegetal|Tomate, con semilla, crudo"
Bowl de pollo y aguacate,almuerzo,"Bowl de arroz integral con pollo, aguacate y huevo",520,fat_loss|muscle_gain,3,5,2,"Arroz, integral, cocido|Pollo, Pechuga, sin piel, a la plancha|Aguacate, crudo|Huevo, de gallina, entero, crudo"
Bowl de salmón teriyaki,almuerzo,Arroz integral con salmón y vegetales asados,540,fat_loss|muscle_gain,3,5,3,"Arroz, integral, cocido|Salmón, sin piel, fresco, a la plancha|Brócoli, cocido"
Ensalada César con pollo,almuerzo,"Lechuga, pollo, queso y crutones",420,fat_loss|muscle_gain,2,5,2,"Lechuga, americana, cruda|Pollo, Pechuga, sin piel, a la plancha|Queso, minas, meia cura"
Ensalada de quinua con pollo,almuerzo,"Quinua con pollo, tomate y aguacate",440,fat_loss|muscle_gain,2,5,2,"Pollo, Pechuga, sin piel, a la plancha|Tomate, con semilla, crudo|Aguacate, crudo"
Ensalada de atún,almuerzo,"Atún con lechuga, tomate, pepino y aceitunas",320,fat_loss|muscle_gain,1,5,3,"Atún, conserva en Aceite vegetal|Lechuga, americana, cruda|Tomate, con semilla, crudo|Pepino, crudo"
Ensalada de garbanzo y pollo,almuerzo,"Garbanzo con pollo, vegetales y aceite de oliva",460,fat_loss|muscle_gain,2,5,2,"Garbanzo, crudo|Pollo, Pechuga, sin piel, a la plancha|Aceite de oliva, de oliva, extra virgen"
Bowl mediterráneo,almuerzo,"Quinua, tomate, pepino, queso y aceitunas",380,general_health|fat_loss,2,5,2,"Tomate, con semilla, crudo|Pepino, crudo|Queso, minas, meia cura"
Bowl mexicano,almuerzo,"Arroz, frijol negro, aguacate, huevo y maíz",540,general_health|muscle_gain,1,5,2,"Arroz, tipo 1, cocido|Frijol, preto, cocido|Aguacate, crudo|Huevo, de gallina, entero, crudo|Maíz, verde, crudo"
Ensalada Niçoise,almuerzo,"Atún, huevo, papa, judías y aceitunas",460,fat_loss|muscle_gain,2,5,3,"Atún, conserva en Aceite vegetal|Huevo, de gallina, entero, cocido/10minutos|Papa, baroa, cocida"
Buddha bowl vegetariano,almuerzo,"Quinua, garbanzo, aguacate, espinaca y zanahoria",460,general_health|fat_loss,2,5,2,"Garbanzo, crudo|Aguacate, crudo|Espinaca, Nova Zelândia, crudo|Zanahoria, cruda"
Bowl thai de pollo,almuerzo,"Pollo con verduras, arroz y leche de coco",520,general_health|muscle_gain,2,5,2,"Pollo, Pechuga, sin piel, a la plancha|Arroz, tipo 1, cocido|Leche, de coco"
Poke bowl de salmón,almuerzo,"Salmón fresco con arroz, aguacate y soya",480,fat_loss|muscle_gain,3,5,3,"Salmón, sin piel, fresco, a la plancha|Arroz, tipo 1, cocido|Aguacate, crudo"
Bowl de camarón y mango,almuerzo,"Camarones con mango, arroz y aguacate",460,general_health|muscle_gain,2,5,2,"Camarón, Rio Grande, grande, cocido|Mango, Tommy Atkins, cruda|Arroz, tipo 1, cocido|Aguacate, crudo"
Ensalada caprese con pollo,almuerzo,"Pollo, tomate, mozzarella y albahaca",380,fat_loss|muscle_gain,2,5,2,"Pollo, Pechuga, sin piel, a la plancha|Tomate, con semilla, crudo|Queso, mozarela"
Bowl de carne y aguacate,almuerzo,"Arroz, carne magra, aguacate y huevo",540,muscle_gain,3,5,2,"Arroz, tipo 1, cocido|Carne, bovina, capa de contra-filé, sin gordura, a la plancha|Aguacate, crudo|Huevo, de gallina, entero, crudo"
Ensalada de salmón ahumado,almuerzo,"Salmón con espinaca, aguacate y huevo",380,fat_loss|muscle_gain,3,5,2,"Salmón, sin piel, fresco, a la plancha|Espinaca, Nova Zelândia, crudo|Aguacate, crudo|Huevo, de gallina, entero, cocido/10minutos"
Wrap de pollo con vegetales,almuerzo,"Tortilla con pollo, lechuga y aguacate",460,fat_loss|muscle_gain,2,5,3,"Pollo, Pechuga, sin piel, a la plancha|Lechuga, americana, cruda|Aguacate, crudo"
Wrap de atún con verduras,almuerzo,"Tortilla con atún, lechuga y tomate",420,fat_loss|muscle_gain,2,5,3,"Atún, conserva en Aceite vegetal|Lechuga, americana, cruda|Tomate, con semilla, crudo"
Ensalada de pollo con frutos secos,almuerzo,"Pollo con espinaca, manzana y marañón",420,fat_loss|muscle_gain,2,5,2,"Pollo, Pechuga, sin piel, a la plancha|Espinaca, Nova Zelândia, crudo|Manzana, Fuji, con casca, cruda|castaña-de-Marañón, tostada, salada"
Bowl de lentejas y pollo,almuerzo,Lenteja con pollo desmechado y aguacate,460,fat_loss|muscle_gain,2,5,2,"Lenteja, cocida|Pollo, Pechuga, sin piel, cocido|Aguacate, crudo"
Frijoles paisa con arroz,almuerzo,Frijol cargamanto con arroz y aguacate,480,general_health|muscle_gain,1,5,2,"Frijol, carioca, cocido|Arroz, tipo 1, cocido|Aguacate, crudo"
Lentejas guisadas con arroz,almuerzo,Lenteja en hogao con arroz y plátano,460,general_health|muscle_gain,1,5,2,"Lenteja, cocida|Arroz, tipo 1, cocido|Banano, de la terra, cruda"
Garbanzos con espinaca,almuerzo,Garbanzos guisados con espinaca y comino,380,general_health|fat_loss,1,5,2,"Garbanzo, crudo|Espinaca, Nova Zelândia, salteado"
Frijol negro con arroz,almuerzo,"Frijol negro con arroz, plátano y aguacate",480,general_health|muscle_gain,1,5,2,"Frijol, preto, cocido|Arroz, tipo 1, cocido|Banano, de la terra, cruda|Aguacate, crudo"
Hamburguesa de lentejas,almuerzo,Hamburguesa vegetariana con lenteja y vegetales,420,general_health|fat_loss,2,5,2,"Lenteja, cocida|Zanahoria, cruda"
Curry de garbanzos,almuerzo,Garbanzos en salsa de curry con leche de coco,440,general_health|muscle_gain,2,5,2,"Garbanzo, crudo|Leche, de coco"
Falafel con tabule,almuerzo,Falafel de garbanzo con ensalada de tabule,460,general_health|fat_loss,2,5,2,"Garbanzo, crudo"
Quinua con vegetales asados,almuerzo,"Quinua con berenjena, pimentón y zanahoria",380,general_health|fat_loss,1,5,2,"Berenjena, cocida|Pimiento, vermelho, crudo|Zanahoria, cocida"
Tortilla de papa española,almuerzo,Tortilla de huevo con papa y cebolla,460,general_health|muscle_gain,1,5,2,"Huevo, de gallina, entero, crudo|Papa, baroa, cocida|Cebolla, cruda"
Berenjenas rellenas,almuerzo,Berenjenas rellenas de quinua y vegetales,360,general_health|fat_loss,2,5,2,"Berenjena, cocida"
Pimentones rellenos de quinua,almuerzo,Pimentones rellenos con quinua y vegetales,380,general_health|fat_loss,2,5,2,"Pimiento, vermelho, crudo|Tomate, con semilla, crudo|Cebolla, cruda"
Hummus con pan árabe,almuerzo,Hummus de garbanzo con pan árabe y vegetales,420,general_health|fat_loss,1,5,2,"Garbanzo, crudo|Pimiento, vermelho, crudo|Pepino, crudo"
Estofado de lentejas,almuerzo,"Lenteja con zanahoria, papa y cebolla",380,general_health|fat_loss,1,5,2,"Lenteja, cocida|Zanahoria, cocida|Papa, baroa, cocida|Cebolla, cruda"
Frijoles con plátano,almuerzo,Frijol carioca con plátano maduro y queso,460,general_health,1,5,2,"Frijol, carioca, cocido|Banano, de la terra, cruda|Queso, minas, meia cura"
Garbanzos al curry con arroz,almuerzo,Garbanzo en curry con arroz basmati,460,general_health|fat_loss,2,5,2,"Garbanzo, crudo|Arroz, tipo 1, cocido"
Posta negra cartagenera,almuerzo,Posta de res en salsa oscura típica caribeña,540,general_health|muscle_gain,1,5,3,"Carne, bovina, contra-filé, con gordura, a la plancha"
Mote de queso costeño,almuerzo,Sopa espesa con ñame y queso costeño,460,general_health,1,5,2,"Queso, minas, meia cura"
Tucupí amazónico,almuerzo,Caldo amazónico con yuca y pescado,380,general_health,1,4,2,"Yuca/mandioca, cocida|Merluza, filete, asado"
Hayaca llanera,almuerzo,Hayaca con masa de maíz y carne,540,general_health|muscle_gain,1,3,3,"Carne, bovina, Aguja de res, molido, cocido|Maíz, verde, crudo"
Pirarucú al horno,almuerzo,Pescado amazónico al horno con yuca,460,fat_loss|muscle_gain,2,5,2,"Yuca/mandioca, cocida"
Sopa de tortilla colombiana,almuerzo,Caldo de pollo con tiras de tortilla y aguacate,360,general_health|fat_loss,1,5,2,"Pollo, Pechuga, sin piel, cocido|Aguacate, crudo"
Quibbe costeño,almuerzo,Quibbe de trigo con carne molida,380,general_health|muscle_gain,1,4,3,"Carne, bovina, Aguja de res, molido, cocido"
Cuy frito con papa,almuerzo,Cuy frito al estilo nariñense con papa,580,general_health|muscle_gain,1,3,3,"Papa, baroa, cocida"
Pepián de cuy nariñense,almuerzo,"Pepitoria nariñense con papa, salsa de maní y cuy",540,general_health|muscle_gain,1,3,2,"Papa, baroa, cocida|Maní, tostado, salado"
Sopita gnocchi de yuca,almuerzo,Sopa con gnocchi de yuca y pollo,380,general_health,1,5,2,"Yuca/mandioca, cocida|Pollo, Pechuga, sin piel, cocido"
Mango fresco tarde,merienda,Porción de mango Tommy Atkins en la tarde,110,general_health|fat_loss,1,5,1,"Mango, Tommy Atkins, cruda"
Manzana con miel,merienda,Manzana en gajos con miel de abejas,110,general_health,1,5,1,"Manzana, Fuji, con casca, cruda"
Banano con canela,merienda,Banano maduro con canela espolvoreada,110,general_health,1,5,1,"Banano, Manzana, cruda"
Fresas frescas merienda,merienda,Porción de fresas frescas lavadas,70,general_health|fat_loss,1,5,1,"Fresa, crudo"
Papaya con limón tarde,merienda,Cubos de papaya con jugo de limón,90,general_health|fat_loss,1,5,1,"Papaya, Formosa, crudo"
Piña con menta tarde,merienda,Rodajas de piña con menta fresca,100,general_health|fat_loss,1,5,1,"Piña, crudo"
Kiwi con yogur descremado,merienda,Kiwi en rodajas con yogur descremado,130,general_health|fat_loss,1,5,2,"Kiwi, crudo|Yogur, natural, desnatado"
Mix de frutas tropicales tarde,merienda,"Salpicón de mango, piña y papaya",140,general_health|fat_loss,1,5,1,"Mango, Tommy Atkins, cruda|Piña, crudo|Papaya, Formosa, crudo"
Naranja en gajos tarde,merienda,Naranja Pera fresca en gajos,80,general_health|fat_loss,1,5,1,"Naranja, Pera, cruda"
Mango Haden maduro,merienda,Mango variedad Haden bien maduro,120,general_health|fat_loss,1,5,1,"Mango, Haden, cruda"
Guayaba con queso fresco,merienda,Guayaba madura con láminas de queso,200,general_health,1,5,2,"Guayaba, vermelha, con casca, cruda|Queso, minas, meia cura"
Macedonia con miel y limón,merienda,Mix de frutas con miel y un toque de limón,160,general_health,1,5,1,"Mango, Tommy Atkins, cruda|Piña, crudo|Fresa, crudo"
Guanábana con leche descremada,merienda,Guanábana con leche descremada licuada,160,general_health|fat_loss,1,5,2,"Guanábana, cruda|Leche, de vaca, desnatado, UHT"
Frutos rojos con yogur tarde,merienda,Fresas y moras con yogur natural,180,general_health|fat_loss,1,5,2,"Fresa, crudo|Yogur, natural"
Banano prata con maní,merienda,Banano prata con maní triturado,200,general_health|muscle_gain,1,5,3,"Banano, prata, cruda|Maní, tostado, salado"
Manzana Fuji con canela,merienda,Manzana Fuji con canela espolvoreada,100,general_health|fat_loss,1,5,1,"Manzana, Fuji, con casca, cruda"
Mango deshidratado,merienda,Chips de mango deshidratado natural,130,general_health,1,5,2,
Papaya con yogur griego tarde,merienda,Papaya con yogur griego y semillas,200,general_health|fat_loss,1,5,2,"Papaya, Formosa, crudo|Yogur, natural"
Mango con maracuyá tarde,merienda,Mango con jugo de maracuyá fresco,140,general_health|fat_loss,1,5,1,"Mango, Tommy Atkins, cruda|Maracuyá, crudo"
Piña con jengibre,merienda,Rodajas de piña con jengibre fresco,90,general_health|fat_loss,1,5,1,"Piña, crudo"
Naranja con queso fresco,merienda,Naranja con láminas de queso campesino,200,general_health,1,5,2,"Naranja, Pera, cruda|Queso, minas, meia cura"
Frutas asadas con canela,merienda,Manzana y banano asados con canela,180,general_health,1,5,1,"Manzana, Fuji, con casca, cruda|Banano, Manzana, cruda"
Coco fresco merienda,merienda,Trozos de coco fresco crudo,160,general_health,1,5,1,"Coco, crudo"
Mix de frutas con yogur descremado,merienda,Frutas variadas con yogur sin azúcar,180,general_health|fat_loss,1,5,2,"Mango, Tommy Atkins, cruda|Fresa, crudo|Yogur, natural, desnatado"
Sandía fría,merienda,Cubos de sandía fría como merienda refrescante,80,general_health|fat_loss,1,5,1,
Shake post entreno con banano,merienda,Proteína de suero con banano y leche descremada,290,fat_loss|muscle_gain,3,5,3,"Banano, Manzana, cruda|Leche, de vaca, desnatado, UHT"
Shake con avena post entreno,merienda,Proteína con avena y agua,280,fat_loss|muscle_gain,3,5,3,"Avena, hojuelas, cruda"
Yogur griego con proteína,merienda,Yogur griego con proteína en polvo,220,fat_loss|muscle_gain,3,5,3,"Yogur, natural"
Atún con tostada post entreno,merienda,Atún con pan integral pequeño,240,fat_loss|muscle_gain,3,5,3,"Atún, conserva en Aceite vegetal|Pan, Trigo, forma, integral"
Pollo desmechado post entreno,merienda,Pollo desmechado con arroz pequeño,280,fat_loss|muscle_gain,3,5,2,"Pollo, Pechuga, sin piel, cocido|Arroz, tipo 1, cocido"
Claras revueltas post entreno,merienda,Claras con espinaca y queso bajo en grasa,200,fat_loss|muscle_gain,3,5,2,"Huevo, de gallina, clara, cocida/10minutos|Espinaca, Nova Zelândia, salteado|Queso, minas, meia cura"
Banano con maní post entreno,merienda,Banano con maní para reposición,230,fat_loss|muscle_gain,3,5,3,"Banano, Manzana, cruda|Maní, tostado, salado"
Avena post entreno con leche,merienda,Avena cocida con leche y banano,320,fat_loss|muscle_gain,3,5,2,"Avena, hojuelas, cruda|Leche, de vaca, integral|Banano, Manzana, cruda"
Huevo cocido con pan integral,merienda,Dos huevos cocidos con pan integral,280,fat_loss|muscle_gain,2,5,2,"Huevo, de gallina, entero, cocido/10minutos|Pan, Trigo, forma, integral"
Pavo con queso enrollado,merienda,"Pavo con queso enrollado, alto en proteína",220,fat_loss|muscle_gain,3,5,3,"Queso, minas, meia cura"
Sardinas con galleta integral,merienda,Sardinas con galletas integrales,240,general_health|muscle_gain,3,5,3,"Sardina, conserva en Aceite vegetal"
Salmón frío con limón,merienda,Salmón frío con limón post entreno,250,fat_loss|muscle_gain,3,5,2,"Salmón, sin piel, fresco, a la plancha"
Camarones cocidos fríos,merienda,Camarones cocidos con limón y aguacate,220,fat_loss|muscle_gain,3,5,2,"Camarón, Rio Grande, grande, cocido|Aguacate, crudo"
Carne molida con plátano post entreno,merienda,Carne molida con plátano maduro,320,muscle_gain,3,5,2,"Carne, bovina, Aguja de res, molido, cocido|Banano, de la terra, cruda"
Tortilla de claras y avena,merienda,Tortilla salada de claras con avena,240,fat_loss|muscle_gain,3,5,2,"Huevo, de gallina, clara, cocida/10minutos|Avena, hojuelas, cruda"
Bowl proteico de tarde,merienda,"Pollo, arroz blanco y aguacate",380,muscle_gain,3,5,2,"Pollo, Pechuga, sin piel, cocido|Arroz, tipo 1, cocido|Aguacate, crudo"
Wrap de pollo merienda,merienda,Mini wrap de pollo y vegetales,280,fat_loss|muscle_gain,3,5,3,"Pollo, Pechuga, sin piel, a la plancha"
Yogur con proteína y avena,merienda,"Yogur con proteína, avena y banano",320,fat_loss|muscle_gain,3,5,3,"Yogur, natural|Avena, hojuelas, cruda|Banano, Manzana, cruda"
Pechuga con arroz post entreno,merienda,Pechuga a la plancha con arroz blanco,360,fat_loss|muscle_gain,3,5,2,"Pollo, Pechuga, sin piel, a la plancha|Arroz, tipo 1, cocido"
Huevos rancheros pequeños,merienda,Dos huevos fritos sobre arepa pequeña,320,general_health|muscle_gain,2,5,2,"Huevo, de gallina, entero, frito"
Atún con aguacate post entreno,merienda,Atún con aguacate y limón,280,fat_loss|muscle_gain,3,5,3,"Atún, conserva en Aceite vegetal|Aguacate, crudo"
Pollo con quinua tarde,merienda,Pollo a la plancha con quinua post entreno,320,fat_loss|muscle_gain,3,5,2,"Pollo, Pechuga, sin piel, a la plancha"
Carne magra con vegetales,merienda,Carne magra con brócoli y zanahoria al vapor,320,fat_loss|muscle_gain,3,5,2,"Carne, bovina, capa de contra-filé, sin gordura, a la plancha|Brócoli, cocido|Zanahoria, cocida"
Shake con frutos rojos post entreno,merienda,Proteína con fresas y leche descremada,240,fat_loss|muscle_gain,3,5,3,"Fresa, crudo|Leche, de vaca, desnatado, UHT"
Pavo a la plancha con tomate,merienda,Pechuga de pavo a la plancha con tomate,280,fat_loss|muscle_gain,3,5,2,"Tomate, con semilla, crudo"
Pandebono tarde,merienda,Pandebono recién horneado con aromática,200,general_health,1,5,3,"Queso, minas, meia cura"
Almojábana con café,merienda,Almojábana con café tinto,220,general_health,1,5,3,"Queso, minas, meia cura"
Pandequeso tarde,merienda,Pandequeso valluno con chocolate,240,general_health,1,5,3,"Queso, minas, meia cura"
Buñuelos con aromática,merienda,Buñuelos paisas con aromática de hierbas,280,general_health,1,4,3,"Queso, minas, meia cura"
Empanadas pequeñas de queso,merienda,Mini empanadas horneadas con queso,220,general_health,1,5,3,"Queso, minas, meia cura"
Empanadas de carne pequeñas,merienda,Mini empanadas de carne horneadas,240,general_health,1,4,3,"Carne, bovina, Aguja de res, molido, cocido"
Mazamorra de maíz tarde,merienda,Mazamorra paisa con leche,240,general_health,1,5,2,"Maíz, verde, crudo|Leche, de vaca, integral"
Aguapanela con queso,merienda,Aguapanela tibia con queso campesino,200,general_health,1,5,2,"Queso, minas, meia cura"
Chocolate caliente con pan,merienda,Chocolate santafereño con pan,280,general_health,1,5,3,"Pan, Trigo, forma, integral"
Achiras del Huila tarde,merienda,Galletas tradicionales de achira,180,general_health,1,5,3,
Pan de bono con suero,merienda,Pandebono con suero costeño,250,general_health,1,5,3,"Queso, minas, meia cura"
Obleas con queso costeño,merienda,Oblea con queso y arequipe,230,general_health,1,4,4,"Queso, minas, meia cura"
Bocadillo con queso tarde,merienda,Bocadillo de guayaba con queso fresco,200,general_health,1,5,3,"Queso, minas, meia cura|Guayaba, vermelha, con casca, cruda"
Mazamorra de leche,merienda,Maíz pelado cocido con leche,240,general_health,1,5,2,"Leche, de vaca, integral|Maíz, verde, crudo"
Galletas de avena con miel,merienda,Dos galletas caseras de avena,200,general_health,1,5,2,"Avena, hojuelas, cruda"
Cuajada con melao tarde,merienda,Cuajada fresca con melao de panela,200,general_health,1,5,2,"Queso, minas, meia cura"
Pan integral con queso ricota,merienda,Pan integral con ricota y miel,220,general_health,1,5,2,"Pan, Trigo, forma, integral|Queso, ricota"
Patacones con guacamole tarde,merienda,Patacones pequeños con guacamole casero,240,general_health,1,4,2,"Banano, de la terra, cruda|Aguacate, crudo"
Yuca frita pequeña tarde,merienda,Porción pequeña de yuca frita crocante,220,general_health,1,4,3,"Yuca/mandioca, cocida"
Pan de yuca tarde,merienda,Pan de yuca recién horneado,180,general_health,1,5,3,"Queso, minas, meia cura"
Galleta cream cracker con queso,merienda,Galletas con queso fresco,180,general_health,1,5,3,"Queso, minas, meia cura"
Roscones con café,merienda,Roscón con café tinto,280,general_health,1,4,4,
Coladita de avena tarde,merienda,Colada espesa de avena con leche,260,general_health,1,5,2,"Avena, hojuelas, cruda|Leche, de vaca, integral"
Cocadas pequeñas,merienda,Dos cocadas tradicionales de coco,220,general_health,1,4,3,"Coco, crudo"
Atol de banano tarde,merienda,Bebida espesa de banano con leche,220,general_health,1,5,2,"Banano, Manzana, cruda|Leche, de vaca, integral"
Yogur natural tarde,merienda,Vaso de yogur natural sin azúcar,100,general_health|fat_loss,1,5,2,"Yogur, natural"
Yogur con granola tarde,merienda,Yogur natural con granola casera,200,general_health|fat_loss,1,5,2,"Yogur, natural"
Yogur con fresas tarde,merienda,Yogur con fresas frescas,160,general_health|fat_loss,1,5,2,"Yogur, natural|Fresa, crudo"
Yogur descremado solo,merienda,Yogur descremado sin azúcar,80,fat_loss,1,5,2,"Yogur, natural, desnatado"
Batido de banano tarde,merienda,Batido pequeño de banano con leche descremada,160,general_health|fat_loss,1,5,2,"Banano, Manzana, cruda|Leche, de vaca, desnatado, UHT"
Batido de fresa con leche,merienda,Fresas licuadas con leche,130,general_health|fat_loss,1,5,2,"Fresa, crudo|Leche, de vaca, desnatado, UHT"
Batido de mango tarde,merienda,Mango licuado con agua y limón,110,general_health|fat_loss,1,5,1,"Mango, Tommy Atkins, cruda"
Batido de papaya,merienda,Papaya licuada con leche descremada,140,general_health|fat_loss,1,5,2,"Papaya, Formosa, crudo|Leche, de vaca, desnatado, UHT"
Batido tropical pequeño,merienda,"Mango, piña y maracuyá con agua",130,general_health|fat_loss,1,5,1,"Mango, Tommy Atkins, cruda|Piña, crudo|Maracuyá, crudo"
Smoothie verde tarde,merienda,"Espinaca, manzana y kiwi licuados",110,general_health|fat_loss,1,5,1,"Espinaca, Nova Zelândia, crudo|Manzana, Fuji, con casca, cruda|Kiwi, crudo"
Leche tibia con cacao,merienda,Leche descremada con cacao y canela,130,general_health|fat_loss,1,5,3,"Leche, de vaca, desnatado, UHT"
Yogur con maní triturado,merienda,Yogur natural con maní triturado,200,general_health|muscle_gain,1,5,3,"Yogur, natural|Maní, tostado, salado"
Yogur con mango tarde,merienda,Yogur natural con cubos de mango,160,general_health|fat_loss,1,5,2,"Yogur, natural|Mango, Tommy Atkins, cruda"
Yogur con kiwi y fresa,merienda,Yogur natural con kiwi y fresa,170,general_health|fat_loss,1,5,2,"Yogur, natural|Kiwi, crudo|Fresa, crudo"
Vaso de leche con miel,merienda,Leche tibia con miel para relajar,130,general_health,1,5,2,"Leche, de vaca, integral"
Café con leche tarde,merienda,"Café con leche, porción mediana",100,general_health,1,5,2,"Leche, de vaca, integral"
Chocolate con leche,merienda,Chocolate caliente con leche descremada,160,general_health,1,5,3,"Leche, de vaca, desnatado, UHT"
Batido proteico con cacao,merienda,Proteína con cacao y leche descremada,220,fat_loss|muscle_gain,3,5,3,"Leche, de vaca, desnatado, UHT"
Yogur con guayaba,merienda,Yogur con guayaba madura,180,general_health,1,5,2,"Yogur, natural|Guayaba, vermelha, con casca, cruda"
Queso fresco con galletas,merienda,Queso fresco con galletas integrales,200,general_health,1,5,3,"Queso, minas, meia cura"
Smoothie de papaya y banano,merienda,Papaya con banano y leche descremada,200,general_health|fat_loss,1,5,2,"Papaya, Formosa, crudo|Banano, Manzana, cruda|Leche, de vaca, desnatado, UHT"
Batido de proteína con maní,merienda,Proteína con maní y leche descremada,280,fat_loss|muscle_gain,3,5,3,"Maní, tostado, salado|Leche, de vaca, desnatado, UHT"
Vaso de kefir natural,merienda,Kefir casero sin azúcar,100,general_health|fat_loss,1,5,2,
Helado casero de banano,merienda,Banano congelado batido tipo helado,120,general_health|fat_loss,1,5,2,"Banano, Manzana, cruda"
Yogur con avena y fresa,merienda,Yogur con avena cruda y fresa,200,general_health|fat_loss,1,5,2,"Yogur, natural|Avena, hojuelas, cruda|Fresa, crudo"
Mix energético tarde,merienda,"Maní, marañón y pasas",200,general_health|muscle_gain,1,5,1,"Maní, tostado, salado|castaña-de-Marañón, tostada, salada"
Castañas con manzana,merienda,Castaña del brasil con manzana,220,general_health|muscle_gain,1,5,1,"castaña-do-Brasil, cruda|Manzana, Fuji, con casca, cruda"
Bola energética casera,merienda,"Bolita de avena, maní y cacao",200,general_health|muscle_gain,1,5,2,"Avena, hojuelas, cruda|Maní, tostado, salado"
Marañón con yogur,merienda,Yogur con marañón triturado,220,general_health|muscle_gain,1,5,2,"Yogur, natural|castaña-de-Marañón, tostada, salada"
Granola con leche descremada,merienda,Granola casera con leche,220,general_health|fat_loss,1,5,2,"Avena, hojuelas, cruda|Leche, de vaca, desnatado, UHT"
Trail mix andino,merienda,"Marañón, castaña y pasas",230,general_health|muscle_gain,1,5,1,"castaña-de-Marañón, tostada, salada|castaña-do-Brasil, cruda"
Pasas con maní,merienda,Pasas con maní triturado,180,general_health|muscle_gain,1,5,1,"Maní, tostado, salado"
Coco rallado con marañón,merienda,Coco con marañón y miel,220,general_health|muscle_gain,1,5,2,"Coco, crudo|castaña-de-Marañón, tostada, salada"
Yogur con frutos secos,merienda,"Yogur con mix de marañón, castaña y maní",240,general_health|muscle_gain,1,5,2,"Yogur, natural|castaña-de-Marañón, tostada, salada|castaña-do-Brasil, cruda|Maní, tostado, salado"
Mantequilla de maní con manzana,merienda,Manzana con cucharada de maní,220,general_health|muscle_gain,1,5,3,"Manzana, Fuji, con casca, cruda|Maní, tostado, salado"
Marañón con cacao,merienda,Marañón con cubitos de cacao puro,200,general_health|muscle_gain,1,5,3,"castaña-de-Marañón, tostada, salada"
Mix de semillas y avena,merienda,Avena con semillas de chía y girasol,200,general_health|fat_loss,1,5,2,"Avena, hojuelas, cruda"
Maní crudo con miel,merienda,Maní crudo con un toque de miel,200,general_health|muscle_gain,1,5,2,"Maní, tostado, salado"
Castaña del Brasil sola,merienda,Tres castañas del Brasil crudas,200,general_health|muscle_gain,1,5,1,"castaña-do-Brasil, cruda"
Coco fresco con miel,merienda,Trozos de coco con miel,180,general_health,1,5,1,"Coco, crudo"
Marañón solo,merienda,Porción de marañón tostado,170,general_health|muscle_gain,1,5,2,"castaña-de-Marañón, tostada, salada"
Maní con pasas y semillas,merienda,Maní con pasas y semillas de girasol,220,general_health|muscle_gain,1,5,2,"Maní, tostado, salado"
Granola con yogur descremado,merienda,Yogur descremado con granola crujiente,200,general_health|fat_loss,1,5,2,"Yogur, natural, desnatado|Avena, hojuelas, cruda"
Bola de cacao y coco,merienda,Bolita energética de cacao y coco,200,general_health,1,5,3,"Coco, crudo"
Marañón con pasas y manzana,merienda,Marañón con manzana picada y pasas,220,general_health|muscle_gain,1,5,1,"castaña-de-Marañón, tostada, salada|Manzana, Fuji, con casca, cruda"
Avena con coco rallado,merienda,Avena cruda con coco y miel,220,general_health,1,5,2,"Avena, hojuelas, cruda|Coco, crudo"
Mix de nueces variadas,merienda,Marañón y castañas variadas,200,general_health|muscle_gain,1,5,1,"castaña-de-Marañón, tostada, salada|castaña-do-Brasil, cruda"
Bolas de avena y banano,merienda,Bolitas de avena con banano y maní,240,general_health|muscle_gain,1,5,2,"Avena, hojuelas, cruda|Banano, Manzana, cruda|Maní, tostado, salado"
Marañón con cacao y miel,merienda,Marañón con cacao puro y miel,220,general_health|muscle_gain,1,5,3,"castaña-de-Marañón, tostada, salada"
Coco con yogur natural,merienda,Yogur con coco rallado y miel,220,general_health,1,5,2,"Yogur, natural|Coco, crudo"
Tostada con aguacate tarde,merienda,Pan integral con aguacate y limón,170,general_health|fat_loss,1,5,2,"Pan, Trigo, forma, integral|Aguacate, crudo"
Tostada con atún ligero,merienda,Pan integral con atún en agua,200,fat_loss|muscle_gain,2,5,3,"Pan, Trigo, forma, integral|Atún, conserva en Aceite vegetal"
Tostada con queso y tomate tarde,merienda,Pan integral con queso y tomate,180,general_health|fat_loss,1,5,2,"Pan, Trigo, forma, integral|Queso, minas, meia cura|Tomate, con semilla, crudo"
Tostada con maní tarde,merienda,Pan integral con maní y banano,240,general_health|muscle_gain,1,5,3,"Pan, Trigo, forma, integral|Maní, tostado, salado|Banano, Manzana, cruda"
Tostada con sardina,merienda,Pan integral con sardinas y limón,200,general_health|muscle_gain,2,5,3,"Pan, Trigo, forma, integral|Sardina, conserva en Aceite vegetal"
Galletas con mermelada tarde,merienda,Galletas saladas con mermelada de fresa,160,general_health,1,5,3,"Fresa, crudo"
Galletas con queso campesino,merienda,Galletas con queso campesino fresco,200,general_health,1,5,3,"Queso, minas, meia cura"
Tostada con palta y tomate tarde,merienda,Pan integral con palta y tomate cherry,200,general_health|fat_loss,1,5,2,"Pan, Trigo, forma, integral|Aguacate, crudo|Tomate, con semilla, crudo"
Tostada con huevo cocido tarde,merienda,Pan integral con huevo cocido y limón,220,general_health|muscle_gain,1,5,2,"Pan, Trigo, forma, integral|Huevo, de gallina, entero, cocido/10minutos"
Tostada con hummus tarde,merienda,Pan integral con hummus de garbanzo,200,general_health|fat_loss,1,5,2,"Pan, Trigo, forma, integral|Garbanzo, crudo"
Tostada con ricota y miel,merienda,Pan integral con ricota y miel,200,general_health,1,5,2,"Pan, Trigo, forma, integral|Queso, ricota"
Galleta de arroz con maní tarde,merienda,Galleta de arroz con maní,180,general_health|muscle_gain,1,5,3,"Maní, tostado, salado"
Galletas con queso y guayaba,merienda,Galletas con queso y guayaba,220,general_health,1,5,3,"Queso, minas, meia cura|Guayaba, vermelha, con casca, cruda"
Tostada con champiñones,merienda,Pan integral con champiñones al ajillo,160,general_health|fat_loss,1,5,2,"Pan, Trigo, forma, integral|Ajo, crudo"
Tostada con queso ricota tarde,merienda,Pan integral con ricota y tomate,180,general_health,1,5,2,"Pan, Trigo, forma, integral|Queso, ricota|Tomate, con semilla, crudo"
Galletas con queso ricota,merienda,Galletas saladas con queso ricota,200,general_health,1,5,3,"Queso, ricota"
Tostada con clara de huevo tarde,merienda,Pan integral con clara revuelta,160,fat_loss|muscle_gain,2,5,2,"Pan, Trigo, forma, integral|Huevo, de gallina, clara, cocida/10minutos"
Tostada de pan árabe,merienda,Pan árabe con tomate y aceite de oliva,180,general_health|fat_loss,1,5,2,"Tomate, con semilla, crudo|Aceite de oliva, de oliva, extra virgen"
Galletas con jamón y queso,merienda,Galletas con jamón pavo y queso,220,general_health|muscle_gain,1,5,3,"Queso, minas, meia cura"
Tostada con manzana y canela,merienda,Pan integral con manzana y canela,180,general_health,1,5,2,"Pan, Trigo, forma, integral|Manzana, Fuji, con casca, cruda"
Tostada con palta y limón,merienda,Pan integral con aguacate machacado y limón,180,general_health|fat_loss,1,5,2,"Pan, Trigo, forma, integral|Aguacate, crudo"
Galleta integral con miel,merienda,Galleta integral con miel,180,general_health,1,5,3,
Tostada francesa pequeña,merienda,Mini tostadas francesas con canela,200,general_health,1,5,2,"Huevo, de gallina, entero, crudo|Leche, de vaca, integral|Pan, Trigo, francês"
Bruschetta de tomate,merienda,"Pan tostado con tomate, ajo y aceite",180,general_health|fat_loss,1,5,2,"Pan, Trigo, forma, integral|Tomate, con semilla, crudo|Ajo, crudo|Aceite de oliva, de oliva, extra virgen"
Galleta cream cracker con palta,merienda,Galletas con aguacate,200,general_health|fat_loss,1,5,2,"Aguacate, crudo"
Zanahoria con hummus tarde,merienda,Bastones de zanahoria con hummus,150,general_health|fat_loss,1,5,2,"Zanahoria, cruda|Garbanzo, crudo"
Pepino con sal y limón,merienda,Pepino fresco con sal en escamas,40,fat_loss,1,5,1,"Pepino, crudo"
Apio con queso ricota tarde,merienda,Bastones de apio rellenos de ricota,140,general_health|fat_loss,1,5,2,"Apio, crudo|Queso, ricota"
Pimentón con hummus tarde,merienda,Pimentón cortado con hummus casero,140,general_health|fat_loss,1,5,2,"Pimiento, vermelho, crudo|Garbanzo, crudo"
Rábanos con sal,merienda,Rábanos crudos con sal,30,fat_loss,1,5,1,"Rábano, crudo"
Brócoli al vapor tarde,merienda,Brócoli al vapor con limón,80,fat_loss,1,5,1,"Brócoli, cocido"
Ensalada de repollo morado,merienda,Repollo morado con limón y aceite,60,fat_loss,1,5,1,"Repollo, roxo, crudo|Aceite de oliva, de oliva, extra virgen"
Pepino con yogur y eneldo tarde,merienda,Pepino con dip de yogur,80,fat_loss,1,5,2,"Pepino, crudo|Yogur, natural"
Aguacate con limón,merienda,Medio aguacate con sal y limón,180,general_health|fat_loss,1,5,1,"Aguacate, crudo"
Tomate cherry con queso,merienda,Tomate cherry con mozzarella,160,general_health|fat_loss,1,5,2,"Tomate, con semilla, crudo|Queso, mozarela"
Coliflor al vapor con vinagreta,merienda,Coliflor con vinagreta de limón,70,fat_loss,1,5,1,"Coliflor, cocida"
Remolacha con yogur,merienda,Remolacha cocida con dip de yogur,100,general_health|fat_loss,1,5,2,"Remolacha, cocida|Yogur, natural"
Espinaca con queso ricota,merienda,Espinaca salteada con queso ricota,150,general_health|fat_loss,1,5,2,"Espinaca, Nova Zelândia, salteado|Queso, ricota"
Tomates rellenos de atún,merienda,Tomates cherry rellenos de atún,180,fat_loss|muscle_gain,2,5,3,"Tomate, con semilla, crudo|Atún, conserva en Aceite vegetal"
Pinchos de vegetales asados,merienda,"Pinchos de pimentón, berenjena y zanahoria",130,general_health|fat_loss,1,5,2,"Pimiento, vermelho, crudo|Berenjena, cocida|Zanahoria, cocida"
Berenjena salteada al ajillo,merienda,Cubos de berenjena salteados con ajo,100,general_health|fat_loss,1,5,2,"Berenjena, cocida|Ajo, crudo"
Calabaza horneada con canela,merienda,Cubos de auyama horneada con canela,110,general_health|fat_loss,1,5,1,"Calabaza, moranga, cruda"
Zanahoria rallada con limón,merienda,Ensalada simple de zanahoria con limón,60,fat_loss,1,5,1,"Zanahoria, cruda"
Acelga salteada con ajo,merienda,Acelga cruda salteada con ajo,80,fat_loss,1,5,2,"Acelga, cruda|Ajo, crudo"
Ensalada de pepino y tomate tarde,merienda,Pepino y tomate con cebolla,80,fat_loss,1,5,1,"Pepino, crudo|Tomate, con semilla, crudo|Cebolla, cruda"
Mix verde con limón,merienda,Espinaca y lechuga con limón,50,fat_loss,1,5,1,"Espinaca, Nova Zelândia, crudo|Lechuga, americana, cruda"
Tomate con aceite de oliva,merienda,Tomates rebanados con aceite y sal,80,fat_loss,1,5,1,"Tomate, con semilla, crudo|Aceite de oliva, de oliva, extra virgen"
Pimientos asados con ajo,merienda,Pimentones asados con ajo y oliva,120,general_health|fat_loss,1,5,2,"Pimiento, vermelho, crudo|Ajo, crudo|Aceite de oliva, de oliva, extra virgen"
Snack de zanahoria baby,merienda,Zanahorias baby con dip de yogur,80,fat_loss,1,5,2,"Zanahoria, cruda|Yogur, natural"
Aguacate con tomate cherry,merienda,Aguacate con tomate y limón,200,general_health|fat_loss,1,5,1,"Aguacate, crudo|Tomate, con semilla, crudo"
Banano helado con cacao,merienda,Banano congelado con cacao puro,130,general_health|fat_loss,1,5,3,"Banano, Manzana, cruda"
Fresas congeladas batidas,merienda,Fresas congeladas batidas tipo helado,100,general_health|fat_loss,1,5,2,"Fresa, crudo"
Mango congelado batido tarde,merienda,Mango congelado batido tipo sorbete,120,general_health|fat_loss,1,5,2,"Mango, Tommy Atkins, cruda"
Pudín de chía con mango,merienda,Pudín de chía con leche y mango,200,general_health|fat_loss,1,5,2,"Leche, de vaca, integral|Mango, Tommy Atkins, cruda"
Manzana al horno con canela tarde,merienda,Manzana asada con canela y nuez,160,general_health,1,5,1,"Manzana, Fuji, con casca, cruda"
Yogur helado casero,merienda,Yogur congelado con fresas,130,general_health|fat_loss,1,5,2,"Yogur, natural|Fresa, crudo"
Compota de manzana casera,merienda,Compota de manzana sin azúcar,130,general_health,1,5,1,"Manzana, Fuji, con casca, cruda"
Arroz con leche pequeño,merienda,Porción pequeña de arroz con leche,220,general_health,1,4,2,"Arroz, tipo 1, cocido|Leche, de vaca, integral"
Postre de gelatina con fruta,merienda,Gelatina natural con frutas,130,general_health|fat_loss,1,5,3,"Fresa, crudo"
Postre de avena con cacao,merienda,Avena cocida con cacao y miel,200,general_health|fat_loss,1,5,3,"Avena, hojuelas, cruda|Leche, de vaca, desnatado, UHT"
Galletas de avena con miel tarde,merienda,Galletas caseras de avena,200,general_health,1,5,2,"Avena, hojuelas, cruda"
Pudín de banano sin azúcar,merienda,Pudín casero de banano con leche,180,general_health,1,5,2,"Banano, Manzana, cruda|Leche, de vaca, integral"
Crema de mango,merienda,Crema fría de mango con yogur,180,general_health|fat_loss,1,5,2,"Mango, Tommy Atkins, cruda|Yogur, natural"
Postre de papaya y yogur,merienda,Papaya con yogur y miel,180,general_health|fat_loss,1,5,2,"Papaya, Formosa, crudo|Yogur, natural"
Compota de pera y canela,merienda,Compota de pera con canela,130,general_health,1,5,1,
Mousse de cacao casero,merienda,Mousse de cacao con yogur,180,general_health,1,5,3,"Yogur, natural"
Helado de mango natural,merienda,Helado casero de mango con yogur,160,general_health|fat_loss,1,5,2,"Mango, Tommy Atkins, cruda|Yogur, natural"
Mango con chamoy ligero,merienda,Mango con limón y sal de tajín,100,general_health|fat_loss,1,5,2,"Mango, Tommy Atkins, cruda"
Yogur con miel y nueces,merienda,Yogur con miel y mix de nueces,240,general_health|muscle_gain,1,5,2,"Yogur, natural|castaña-de-Marañón, tostada, salada"
Pudín de coco,merienda,Pudín de coco con leche descremada,200,general_health,1,5,2,"Coco, crudo|Leche, de vaca, desnatado, UHT"
Compota de guayaba,merienda,Compota de guayaba sin azúcar,130,general_health,1,5,1,"Guayaba, vermelha, con casca, cruda"
Crema de mora con leche,merienda,Crema fría de mora con leche descremada,140,general_health|fat_loss,1,5,2,"Leche, de vaca, desnatado, UHT"
Sorbete de fresa natural,merienda,Fresas congeladas batidas con yogur,130,general_health|fat_loss,1,5,2,"Fresa, crudo|Yogur, natural"
Pudín de chía con frutos rojos,merienda,Pudín de chía con fresa y leche,180,general_health|fat_loss,1,5,2,"Fresa, crudo|Leche, de vaca, integral"
Banano laminado con miel,merienda,Banano con miel y un toque de canela,130,general_health,1,5,1,"Banano, Manzana, cruda"
Caldo de pollo con verduras,cena,Caldo ligero de pollo con zanahoria y apio,240,general_health|fat_loss,1,5,2,"Pollo, Pechuga, sin piel, cocido|Zanahoria, cocida|Apio, crudo"
Sopa de verduras nocturna,cena,Sopa de vegetales de temporada sin carne,180,fat_loss,1,5,1,"Zanahoria, cocida|Apio, crudo|Espinaca, Nova Zelândia, salteado"
Caldo de costilla ligero,cena,Caldo desgrasado de costilla con papa,220,general_health|fat_loss,1,5,2,"Papa, baroa, cocida"
Sopa de espinaca con huevo,cena,Sopa ligera de espinaca con huevo pochado,220,fat_loss,1,5,2,"Espinaca, Nova Zelândia, salteado|Huevo, de gallina, entero, crudo"
Sopa de pollo con cilantro,cena,Caldo de pollo casero con cilantro fresco,240,general_health|fat_loss,1,5,2,"Pollo, Pechuga, sin piel, cocido|Papa, baroa, cocida"
Sopa minestrone ligera,cena,Sopa italiana con vegetales y pasta integral,280,general_health|fat_loss,1,5,2,"Pasta/fideo, Trigo, crudo|Zanahoria, cocida|Tomate, con semilla, crudo|Apio, crudo"
Sopa de tomate cremosa,cena,Crema ligera de tomate con albahaca,200,fat_loss,1,5,2,"Tomate, con semilla, crudo"
Caldo de huesos nocturno,cena,Caldo de huesos de res con verduras,220,general_health|fat_loss,1,5,2,"Zanahoria, cocida|Apio, crudo|Cebolla, cruda"
Sopa de fideos ligera,cena,Sopa de fideos con vegetales y pollo,280,general_health|fat_loss,1,5,2,"Pasta/fideo, Trigo, crudo|Pollo, Pechuga, sin piel, cocido"
Sopa de pollo y arroz integral,cena,Caldo de pollo con arroz integral,280,general_health|fat_loss,1,5,2,"Pollo, Pechuga, sin piel, cocido|Arroz, integral, cocido"
Crema de espinaca ligera,cena,Crema de espinaca con leche descremada,220,fat_loss,1,5,2,"Espinaca, Nova Zelândia, salteado|Leche, de vaca, desnatado, UHT"
Crema de zanahoria nocturna,cena,Crema de zanahoria con jengibre,200,general_health|fat_loss,1,5,1,"Zanahoria, cocida"
Crema de auyama nocturna,cena,Crema de auyama con leche de coco,240,general_health|fat_loss,1,5,2,"Calabaza, moranga, cruda|Leche, de coco"
Crema de brócoli liviana,cena,Crema de brócoli con leche descremada,220,fat_loss,1,5,2,"Brócoli, cocido|Leche, de vaca, desnatado, UHT"
Crema de coliflor,cena,Crema de coliflor con un toque de queso,200,general_health|fat_loss,1,5,2,"Coliflor, cocida|Queso, minas, meia cura"
Crema de champiñones liviana,cena,Crema de champiñones con leche descremada,220,general_health|fat_loss,1,5,2,"Leche, de vaca, desnatado, UHT"
Sopa de garbanzos ligera,cena,Sopa de garbanzo con espinaca,300,general_health|fat_loss,1,5,2,"Garbanzo, crudo|Espinaca, Nova Zelândia, salteado"
Sopa de lenteja ligera,cena,Lenteja con verduras y poca grasa,320,general_health|fat_loss,1,5,2,"Lenteja, cocida|Zanahoria, cocida"
Caldo de pescado nocturno,cena,Caldo de merluza con verduras,240,fat_loss,2,5,2,"Merluza, filete, asado|Zanahoria, cocida"
Sopa thai de pollo,cena,Sopa de pollo con leche de coco y limón,280,general_health|fat_loss,2,5,2,"Pollo, Pechuga, sin piel, cocido|Leche, de coco"
Sopa de cebolla francesa,cena,Sopa de cebolla gratinada con queso,240,general_health|fat_loss,1,5,3,"Cebolla, cruda|Queso, mozarela"
Sopa de remolacha,cena,Borscht ligero con remolacha y yogur,200,fat_loss,1,5,2,"Remolacha, cocida|Yogur, natural"
Sopa de calabaza asada,cena,Crema de calabaza con jengibre y leche descremada,220,general_health|fat_loss,1,5,2,"Calabaza, moranga, cruda|Leche, de vaca, desnatado, UHT"
Caldo verde portugués,cena,"Caldo con espinaca, papa y un toque de chorizo",240,general_health|fat_loss,1,5,2,"Espinaca, Nova Zelândia, salteado|Papa, baroa, cocida"
Sopa de quinua ligera,cena,Quinua con vegetales en caldo ligero,240,general_health|fat_loss,1,5,2,"Zanahoria, cocida|Espinaca, Nova Zelândia, salteado"
Sopa de gallina criolla,cena,Caldo de gallina con verduras,280,general_health|fat_loss,1,5,2,"Pollo, Pechuga, con piel, asado|Zanahoria, cocida"
Caldo de pavo con verduras,cena,Caldo de pavo con vegetales y especias,240,fat_loss|muscle_gain,2,5,2,"Zanahoria, cocida|Apio, crudo"
Sopa de salmón,cena,Caldo claro con salmón y verduras,320,fat_loss|muscle_gain,3,5,2,"Salmón, sin piel, fresco, a la plancha|Zanahoria, cocida"
Caldo claro con vegetales,cena,Caldo desgrasado con vegetales variados,150,fat_loss,1,5,1,"Zanahoria, cocida|Apio, crudo|Espinaca, Nova Zelândia, salteado"
Sopa de mariscos ligera,cena,"Sopa con camarones, pescado y limón",320,fat_loss|muscle_gain,2,5,2,"Camarón, Rio Grande, grande, cocido|Merluza, filete, asado"
Tilapia al vapor con limón,cena,Filete de tilapia al vapor con limón,280,fat_loss,2,5,2,"Merluza, filete, asado"
Salmón al horno con espárragos,cena,Salmón con espárragos y aceite de oliva,360,fat_loss|muscle_gain,3,5,2,"Salmón, sin piel, fresco, a la plancha|Aceite de oliva, de oliva, extra virgen"
Pescado a la plancha con ensalada,cena,Merluza a la plancha con ensalada verde,280,fat_loss,2,5,2,"Merluza, filete, asado|Lechuga, americana, cruda|Tomate, con semilla, crudo"
Camarones al vapor con vegetales,cena,Camarones con brócoli y zanahoria al vapor,300,fat_loss|muscle_gain,3,5,2,"Camarón, Rio Grande, grande, cocido|Brócoli, cocido|Zanahoria, cocida"
Pescado en papillote,cena,Pescado al horno en papel con vegetales,280,fat_loss,2,5,2,"Merluza, filete, asado|Pimiento, vermelho, crudo|Zanahoria, cocida"
Salmón con espinaca al vapor,cena,Salmón con espinaca al vapor y limón,340,fat_loss|muscle_gain,3,5,2,"Salmón, sin piel, fresco, a la plancha|Espinaca, Nova Zelândia, crudo"
Sardinas al horno con limón,cena,Sardinas asadas con limón y aceite,300,general_health|muscle_gain,2,5,3,"Sardina, asada"
Atún a la plancha con ensalada,cena,Filete de atún con espinaca y aguacate,320,fat_loss|muscle_gain,3,5,2,"Merluza, filete, asado|Espinaca, Nova Zelândia, crudo|Aguacate, crudo"
Pescado al limón con brócoli,cena,Tilapia con jugo de limón y brócoli,280,fat_loss,2,5,2,"Merluza, filete, asado|Brócoli, cocido"
Camarones al ajillo nocturno,cena,Camarones salteados con ajo y aceite,280,fat_loss|muscle_gain,3,5,2,"Camarón, Rio Grande, grande, cocido|Ajo, crudo|Aceite de oliva, de oliva, extra virgen"
Salmón con coliflor,cena,Salmón al horno con puré de coliflor,360,fat_loss|muscle_gain,3,5,2,"Salmón, sin piel, fresco, a la plancha|Coliflor, cocida"
Pescado a la mediterránea,cena,"Pescado con tomate, aceitunas y alcaparras",300,fat_loss|muscle_gain,2,5,2,"Merluza, filete, asado|Tomate, con semilla, crudo"
Ceviche de pescado ligero,cena,Pescado curado en limón con cebolla,250,fat_loss,2,5,2,"Merluza, filete, asado|Cebolla, cruda"
Salmón teriyaki ligero,cena,Salmón en salsa teriyaki con vegetales,380,fat_loss|muscle_gain,3,5,3,"Salmón, sin piel, fresco, a la plancha|Brócoli, cocido"
Camarones a la criolla ligeros,cena,"Camarones con tomate, cebolla y pimentón",280,fat_loss|muscle_gain,2,5,2,"Camarón, Rio Grande, grande, cocido|Tomate, con semilla, crudo|Cebolla, cruda|Pimiento, vermelho, crudo"
Pescado con quinua,cena,Merluza con quinua y vegetales,360,fat_loss|muscle_gain,2,5,2,"Merluza, filete, asado|Brócoli, cocido"
Atún con vegetales asados,cena,Atún a la plancha con berenjena y pimentón,300,fat_loss|muscle_gain,3,5,2,"Berenjena, cocida|Pimiento, vermelho, crudo"
Salmón al pesto,cena,Salmón con pesto casero y ensalada,380,fat_loss|muscle_gain,3,5,2,"Salmón, sin piel, fresco, a la plancha|Espinaca, Nova Zelândia, crudo"
Camarones con espinaca,cena,Camarones salteados con espinaca y ajo,280,fat_loss|muscle_gain,3,5,2,"Camarón, Rio Grande, grande, cocido|Espinaca, Nova Zelândia, salteado|Ajo, crudo"
Pescado al curry ligero,cena,Pescado con curry y leche de coco,320,fat_loss|muscle_gain,2,5,2,"Merluza, filete, asado|Leche, de coco"
Sardinas con ensalada,cena,Sardinas con ensalada de lechuga y tomate,280,general_health|muscle_gain,2,5,3,"Sardina, asada|Lechuga, americana, cruda|Tomate, con semilla, crudo"
Atún en lata con vegetales,cena,Atún con espinaca y aguacate,260,fat_loss|muscle_gain,2,5,3,"Atún, conserva en Aceite vegetal|Espinaca, Nova Zelândia, crudo|Aguacate, crudo"
Pescado al horno con tomate,cena,Merluza al horno con tomate y aceitunas,280,fat_loss,2,5,2,"Merluza, filete, asado|Tomate, con semilla, crudo"
Salmón con repollo morado,cena,Salmón con repollo morado salteado,340,fat_loss|muscle_gain,3,5,2,"Salmón, sin piel, fresco, a la plancha|Repollo, roxo, crudo"
Camarones con quinua,cena,Camarones con quinua y vegetales,320,fat_loss|muscle_gain,3,5,2,"Camarón, Rio Grande, grande, cocido|Brócoli, cocido"
Pollo a la plancha cena,cena,Pechuga a la plancha con ensalada verde,320,fat_loss|muscle_gain,2,5,2,"Pollo, Pechuga, sin piel, a la plancha|Lechuga, americana, cruda|Tomate, con semilla, crudo"
Pollo al limón nocturno,cena,Pollo a la plancha marinado en limón,300,fat_loss|muscle_gain,2,5,2,"Pollo, Pechuga, sin piel, a la plancha"
Pollo al horno con verduras,cena,Pollo asado con calabacín y zanahoria,380,fat_loss|muscle_gain,2,5,2,"Pollo, Pechuga, con piel, asado|Zanahoria, cocida"
Pollo con brócoli al vapor,cena,Pechuga con brócoli al vapor y limón,320,fat_loss|muscle_gain,3,5,2,"Pollo, Pechuga, sin piel, a la plancha|Brócoli, cocido"
Pollo al curry ligero,cena,Pollo en curry con leche de coco light,380,fat_loss|muscle_gain,2,5,2,"Pollo, Pechuga, sin piel, cocido|Leche, de coco"
Pollo con espinaca y ricota,cena,Pollo relleno de espinaca y ricota,360,fat_loss|muscle_gain,3,5,2,"Pollo, Pechuga, sin piel, cocido|Espinaca, Nova Zelândia, salteado|Queso, ricota"
Pollo al ajillo cena,cena,Pollo al ajillo con vegetales asados,340,fat_loss|muscle_gain,2,5,2,"Pollo, Pechuga, sin piel, a la plancha|Ajo, crudo"
Pollo en salsa de tomate,cena,Pollo en hogao con vegetales,360,general_health|fat_loss,1,5,2,"Pollo, Pechuga, sin piel, cocido|Tomate, con semilla, crudo|Cebolla, cruda"
Pollo desmechado con ensalada,cena,Pollo desmechado sobre ensalada verde,320,fat_loss|muscle_gain,2,5,2,"Pollo, Pechuga, sin piel, cocido|Lechuga, americana, cruda|Aguacate, crudo"
Pollo al horno con champiñones,cena,Pollo al horno con champiñones salteados,360,fat_loss|muscle_gain,2,5,2,"Pollo, Pechuga, con piel, asado"
Pollo en salsa verde,cena,Pollo con salsa de cilantro y limón,320,fat_loss|muscle_gain,2,5,2,"Pollo, Pechuga, sin piel, a la plancha"
Pollo con coliflor al curry,cena,Pollo con coliflor y curry,320,fat_loss|muscle_gain,2,5,2,"Pollo, Pechuga, sin piel, cocido|Coliflor, cocida"
Pollo a la mostaza,cena,Pollo en salsa de mostaza y miel,360,fat_loss|muscle_gain,2,5,3,"Pollo, Pechuga, sin piel, a la plancha"
Pollo con vegetales al wok cena,cena,Pollo con vegetales asiáticos,340,fat_loss|muscle_gain,2,5,2,"Pollo, Pechuga, sin piel, a la plancha|Brócoli, cocido|Pimiento, vermelho, crudo"
Pollo con calabaza asada,cena,Pollo asado con cubos de calabaza,360,fat_loss|muscle_gain,2,5,2,"Pollo, Pechuga, con piel, asado|Calabaza, moranga, cruda"
Pollo griego con yogur,cena,Pollo marinado en yogur con limón,340,fat_loss|muscle_gain,2,5,2,"Pollo, Pechuga, sin piel, a la plancha|Yogur, natural"
Pollo a las hierbas,cena,"Pollo con romero, tomillo y aceite de oliva",320,fat_loss|muscle_gain,2,5,2,"Pollo, Pechuga, con piel, asado|Aceite de oliva, de oliva, extra virgen"
Pollo con pimentón asado,cena,Pollo con pimentones asados al horno,340,fat_loss|muscle_gain,2,5,2,"Pollo, Pechuga, sin piel, cocido|Pimiento, vermelho, crudo"
Pollo con espinaca cremosa cena,cena,Pollo con espinaca y queso ricota,380,fat_loss|muscle_gain,3,5,2,"Pollo, Pechuga, sin piel, cocido|Espinaca, Nova Zelândia, salteado|Queso, ricota"
Pollo con repollo y zanahoria,cena,Pollo con ensalada de repollo y zanahoria,320,fat_loss|muscle_gain,2,5,2,"Pollo, Pechuga, sin piel, a la plancha|Repollo, branco, crudo|Zanahoria, cruda"
Pollo asado con limón cena,cena,Pollo entero asado con limón y romero,380,fat_loss|muscle_gain,2,5,2,"Pollo, Pechuga, con piel, asado"
Pollo con ensalada César ligera,cena,Pollo con lechuga y aderezo ligero,320,fat_loss|muscle_gain,2,5,2,"Pollo, Pechuga, sin piel, a la plancha|Lechuga, americana, cruda|Queso, minas, meia cura"
Pollo con remolacha y queso,cena,Pollo con ensalada de remolacha y queso,340,fat_loss|muscle_gain,2,5,2,"Pollo, Pechuga, sin piel, a la plancha|Remolacha, cocida|Queso, minas, meia cura"
Pollo con tortilla integral,cena,Pollo desmechado en tortilla integral,360,fat_loss|muscle_gain,2,5,3,"Pollo, Pechuga, sin piel, cocido|Aguacate, crudo"
Pollo con quinua nocturna,cena,Pollo con quinua y vegetales asados,380,fat_loss|muscle_gain,3,5,2,"Pollo, Pechuga, sin piel, a la plancha|Brócoli, cocido|Zanahoria, cocida"
Ensalada César con pollo cena,cena,"Lechuga, pollo, queso y aderezo ligero",360,fat_loss|muscle_gain,2,5,2,"Lechuga, americana, cruda|Pollo, Pechuga, sin piel, a la plancha|Queso, minas, meia cura"
Ensalada de atún nocturna,cena,"Atún con aguacate, tomate y limón",280,fat_loss|muscle_gain,2,5,3,"Atún, conserva en Aceite vegetal|Aguacate, crudo|Tomate, con semilla, crudo"
Ensalada caprese con pollo cena,cena,"Pollo, tomate, mozzarella y albahaca",320,fat_loss|muscle_gain,2,5,2,"Pollo, Pechuga, sin piel, a la plancha|Tomate, con semilla, crudo|Queso, mozarela"
Ensalada Niçoise ligera,cena,"Atún, huevo, papa y verduras",360,fat_loss|muscle_gain,2,5,3,"Atún, conserva en Aceite vegetal|Huevo, de gallina, entero, cocido/10minutos|Papa, baroa, cocida"
Ensalada de salmón ahumado cena,cena,Salmón con espinaca y aguacate,340,fat_loss|muscle_gain,3,5,2,"Salmón, sin piel, fresco, a la plancha|Espinaca, Nova Zelândia, crudo|Aguacate, crudo"
Ensalada de garbanzo y pollo,cena,Garbanzo con pollo y vegetales,380,fat_loss|muscle_gain,2,5,2,"Garbanzo, crudo|Pollo, Pechuga, sin piel, a la plancha"
Ensalada de quinua y vegetales,cena,Quinua con vegetales y limón,280,general_health|fat_loss,2,5,2,"Tomate, con semilla, crudo|Pepino, crudo|Espinaca, Nova Zelândia, crudo"
Ensalada griega con queso,cena,"Tomate, pepino, cebolla y queso fresco",280,general_health|fat_loss,1,5,2,"Tomate, con semilla, crudo|Pepino, crudo|Cebolla, cruda|Queso, minas, meia cura"
Ensalada de espinaca y fresa,cena,"Espinaca, fresa, queso y nuez",240,general_health|fat_loss,1,5,2,"Espinaca, Nova Zelândia, crudo|Fresa, crudo|Queso, minas, meia cura|castaña-de-Marañón, tostada, salada"
Ensalada Waldorf ligera,cena,"Manzana, apio, nuez y yogur",280,general_health|fat_loss,1,5,2,"Manzana, Fuji, con casca, cruda|Apio, crudo|castaña-de-Marañón, tostada, salada|Yogur, natural"
Ensalada de pollo con frutos secos,cena,"Pollo con espinaca, manzana y marañón",340,fat_loss|muscle_gain,2,5,2,"Pollo, Pechuga, sin piel, a la plancha|Espinaca, Nova Zelândia, crudo|Manzana, Fuji, con casca, cruda|castaña-de-Marañón, tostada, salada"
Ensalada mediterránea,cena,"Tomate, pepino, aceitunas, queso fresco",240,general_health|fat_loss,1,5,2,"Tomate, con semilla, crudo|Pepino, crudo|Queso, minas, meia cura"
Ensalada de pavo con palta,cena,Pavo a la plancha con aguacate y tomate,320,fat_loss|muscle_gain,2,5,2,"Aguacate, crudo|Tomate, con semilla, crudo"
Ensalada de camarón y mango,cena,"Camarón con mango, aguacate y limón",300,fat_loss|muscle_gain,3,5,2,"Camarón, Rio Grande, grande, cocido|Mango, Tommy Atkins, cruda|Aguacate, crudo"
Ensalada de espinaca con huevo,cena,"Espinaca, huevo cocido, tomate y aceite",240,fat_loss|muscle_gain,1,5,2,"Espinaca, Nova Zelândia, crudo|Huevo, de gallina, entero, cocido/10minutos|Tomate, con semilla, crudo|Aceite de oliva, de oliva, extra virgen"
Ensalada de remolacha y queso,cena,"Remolacha, queso fresco y nuez",220,general_health|fat_loss,1,5,2,"Remolacha, cocida|Queso, minas, meia cura|castaña-de-Marañón, tostada, salada"
Ensalada de coliflor con pollo,cena,Coliflor asada con pollo y limón,320,fat_loss|muscle_gain,2,5,2,"Coliflor, cocida|Pollo, Pechuga, sin piel, a la plancha"
Ensalada arcoíris,cena,"Tomate, zanahoria, repollo morado y maíz",200,fat_loss,1,5,1,"Tomate, con semilla, crudo|Zanahoria, cruda|Repollo, roxo, crudo|Maíz, verde, crudo"
Ensalada César con camarones,cena,Camarón con lechuga y queso parmesano,320,fat_loss|muscle_gain,3,5,2,"Camarón, Rio Grande, grande, cocido|Lechuga, americana, cruda|Queso, minas, meia cura"
Ensalada de lentejas frías,cena,Lenteja con vegetales y limón,280,general_health|fat_loss,1,5,2,"Lenteja, cocida|Tomate, con semilla, crudo|Cebolla, cruda"
Bowl de salmón nocturno,cena,"Quinua con salmón, aguacate y vegetales",420,fat_loss|muscle_gain,3,5,2,"Salmón, sin piel, fresco, a la plancha|Aguacate, crudo|Brócoli, cocido"
Bowl de pollo y vegetales,cena,Quinua con pollo y vegetales asados,380,fat_loss|muscle_gain,2,5,2,"Pollo, Pechuga, sin piel, a la plancha|Brócoli, cocido|Zanahoria, cocida"
Bowl Buddha vegetariano,cena,"Garbanzo, espinaca, aguacate y zanahoria",380,general_health|fat_loss,2,5,2,"Garbanzo, crudo|Espinaca, Nova Zelândia, crudo|Aguacate, crudo|Zanahoria, cruda"
Bowl tex-mex ligero,cena,"Frijol negro, lechuga, aguacate y maíz",380,general_health|fat_loss,1,5,2,"Frijol, preto, cocido|Lechuga, americana, cruda|Aguacate, crudo|Maíz, verde, crudo"
Bowl de camarón y aguacate,cena,Camarón con quinua y aguacate,360,fat_loss|muscle_gain,3,5,2,"Camarón, Rio Grande, grande, cocido|Aguacate, crudo"
Bowl de pescado y vegetales,cena,Pescado a la plancha con quinua,360,fat_loss|muscle_gain,3,5,2,"Merluza, filete, asado|Brócoli, cocido"
Bowl proteico nocturno,cena,"Pollo, lentejas y vegetales asados",400,fat_loss|muscle_gain,3,5,2,"Pollo, Pechuga, sin piel, a la plancha|Lenteja, cocida"
Bowl de atún y palta,cena,"Atún con palta, tomate y quinua",380,fat_loss|muscle_gain,3,5,3,"Atún, conserva en Aceite vegetal|Aguacate, crudo|Tomate, con semilla, crudo"
Poke bowl ligero,cena,"Salmón con arroz, aguacate y soya",420,fat_loss|muscle_gain,3,5,3,"Salmón, sin piel, fresco, a la plancha|Arroz, tipo 1, cocido|Aguacate, crudo"
Bowl mediterráneo cena,cena,"Pollo, tomate, pepino y queso fresco",380,fat_loss|muscle_gain,2,5,2,"Pollo, Pechuga, sin piel, a la plancha|Tomate, con semilla, crudo|Pepino, crudo|Queso, minas, meia cura"
Bowl de carne magra y quinua,cena,Carne magra con quinua y vegetales,420,fat_loss|muscle_gain,3,5,2,"Carne, bovina, capa de contra-filé, sin gordura, a la plancha|Brócoli, cocido"
Bowl thai light,cena,Pollo con vegetales y leche de coco light,380,fat_loss|muscle_gain,2,5,2,"Pollo, Pechuga, sin piel, a la plancha|Leche, de coco"
Bowl mexicano ligero,cena,"Pollo, frijol negro, aguacate y maíz",420,fat_loss|muscle_gain,2,5,2,"Pollo, Pechuga, sin piel, a la plancha|Frijol, preto, cocido|Aguacate, crudo|Maíz, verde, crudo"
Bowl de pavo y vegetales,cena,Pavo con vegetales asados y quinua,380,fat_loss|muscle_gain,3,5,2,"Brócoli, cocido|Zanahoria, cocida"
Bowl de lentejas y palta,cena,"Lenteja con aguacate, tomate y limón",380,general_health|fat_loss,2,5,2,"Lenteja, cocida|Aguacate, crudo|Tomate, con semilla, crudo"
Bowl de camarones tropical,cena,"Camarón con mango, aguacate y quinua",400,fat_loss|muscle_gain,3,5,2,"Camarón, Rio Grande, grande, cocido|Mango, Tommy Atkins, cruda|Aguacate, crudo"
Bowl asiático ligero,cena,"Pollo con vegetales, soya y sésamo",380,fat_loss|muscle_gain,3,5,3,"Pollo, Pechuga, sin piel, a la plancha|Brócoli, cocido"
Bowl de quinua y huevo,cena,Quinua con huevo pochado y vegetales,340,general_health|fat_loss,2,5,2,"Huevo, de gallina, entero, crudo|Espinaca, Nova Zelândia, crudo|Tomate, con semilla, crudo"
Bowl de garbanzos y vegetales,cena,Garbanzo con vegetales y aceite de oliva,360,general_health|fat_loss,1,5,2,"Garbanzo, crudo|Tomate, con semilla, crudo|Pepino, crudo"
Bowl de tofu y vegetales,cena,Vegetales salteados con quinua y semillas,320,general_health|fat_loss,1,5,2,"Brócoli, cocido|Zanahoria, cocida|Espinaca, Nova Zelândia, salteado"
Carne magra a la plancha cena,cena,Lomo magro con ensalada y aguacate,380,fat_loss|muscle_gain,3,5,2,"Carne, bovina, capa de contra-filé, sin gordura, a la plancha|Lechuga, americana, cruda|Aguacate, crudo"
Lomo de res al horno con verduras,cena,Lomo al horno con brócoli y zanahoria,420,fat_loss|muscle_gain,3,5,2,"Carne, bovina, capa de contra-filé, sin gordura, a la plancha|Brócoli, cocido|Zanahoria, cocida"
Carne molida con vegetales,cena,Carne molida magra con calabaza y pimentón,360,fat_loss|muscle_gain,2,5,2,"Carne, bovina, Aguja de res, molido, cocido|Calabaza, moranga, cruda|Pimiento, vermelho, crudo"
Bistec con ensalada verde,cena,Bistec a la plancha con ensalada,380,fat_loss|muscle_gain,3,5,2,"Carne, bovina, contra-filé, con gordura, a la plancha|Lechuga, americana, cruda|Tomate, con semilla, crudo"
Pavo molido con vegetales,cena,Pavo molido con calabacín y zanahoria,320,fat_loss|muscle_gain,3,5,2,"Zanahoria, cocida"
Pavo a la plancha cena,cena,Filete de pavo con ensalada tibia,320,fat_loss|muscle_gain,3,5,2,"Espinaca, Nova Zelândia, crudo|Tomate, con semilla, crudo"
Carne mechada con verduras,cena,Carne mechada con verduras al vapor,360,fat_loss|muscle_gain,3,5,2,"Carne, bovina, contra-filé, con gordura, a la plancha|Brócoli, cocido|Zanahoria, cocida"
Lomo de cerdo al limón,cena,Lomo de cerdo magro con limón y hierbas,360,fat_loss|muscle_gain,3,5,2,
Filete de res al horno,cena,Filete magro al horno con calabaza,400,fat_loss|muscle_gain,3,5,2,"Carne, bovina, capa de contra-filé, sin gordura, a la plancha|Calabaza, moranga, cruda"
Carne molida con repollo,cena,Carne molida salteada con repollo,320,fat_loss|muscle_gain,3,5,2,"Carne, bovina, Aguja de res, molido, cocido|Repollo, branco, crudo"
Pavo con espinaca y queso,cena,Pavo con espinaca y queso ricota,340,fat_loss|muscle_gain,3,5,2,"Espinaca, Nova Zelândia, salteado|Queso, ricota"
Carne magra al curry,cena,Carne magra con curry y leche de coco light,360,fat_loss|muscle_gain,3,5,2,"Carne, bovina, capa de contra-filé, sin gordura, a la plancha|Leche, de coco"
Bistec con champiñones,cena,Bistec a la plancha con champiñones,380,fat_loss|muscle_gain,3,5,2,"Carne, bovina, contra-filé, con gordura, a la plancha"
Carne con coliflor al horno,cena,Carne magra con coliflor al horno,360,fat_loss|muscle_gain,3,5,2,"Carne, bovina, capa de contra-filé, sin gordura, a la plancha|Coliflor, cocida"
Hamburguesa de pavo ligera,cena,Hamburguesa de pavo con lechuga y tomate,320,fat_loss|muscle_gain,2,5,3,"Lechuga, americana, cruda|Tomate, con semilla, crudo"
Tortilla de huevo y espinaca,cena,Tortilla de huevo con espinaca salteada,280,general_health|fat_loss,1,5,2,"Huevo, de gallina, entero, crudo|Espinaca, Nova Zelândia, salteado"
Berenjenas asadas con queso,cena,Berenjenas asadas con queso y tomate,240,general_health|fat_loss,1,5,2,"Berenjena, cocida|Queso, minas, meia cura|Tomate, con semilla, crudo"
Frijoles con verduras,cena,Frijol carioca con espinaca y zanahoria,320,general_health|fat_loss,1,5,2,"Frijol, carioca, cocido|Espinaca, Nova Zelândia, salteado|Zanahoria, cocida"
Lentejas con vegetales,cena,Lenteja con verduras al vapor,320,general_health|fat_loss,1,5,2,"Lenteja, cocida|Zanahoria, cocida|Espinaca, Nova Zelândia, salteado"
Garbanzos al curry vegetariano,cena,Garbanzo en curry con leche de coco,360,general_health|fat_loss,2,5,2,"Garbanzo, crudo|Leche, de coco"
Quinua con vegetales,cena,Quinua con vegetales asados,320,general_health|fat_loss,1,5,2,"Brócoli, cocido|Pimiento, vermelho, crudo|Zanahoria, cocida"
Pimentones rellenos vegetarianos,cena,Pimentones con quinua y vegetales,320,general_health|fat_loss,1,5,2,"Pimiento, vermelho, crudo|Tomate, con semilla, crudo"
Berenjena rellena vegetariana,cena,Berenjena con relleno de quinua,320,general_health|fat_loss,2,5,2,"Berenjena, cocida|Tomate, con semilla, crudo"
Tortilla francesa con vegetales,cena,Tortilla de huevo con champiñones y queso,280,general_health|fat_loss,1,5,2,"Huevo, de gallina, entero, crudo|Queso, minas, meia cura"
Champiñones rellenos,cena,Champiñones rellenos de queso y espinaca,220,general_health|fat_loss,1,5,2,"Espinaca, Nova Zelândia, salteado|Queso, minas, meia cura"
Coliflor con queso al horno,cena,Coliflor al horno con queso fundido,240,general_health|fat_loss,1,5,2,"Coliflor, cocida|Queso, minas, meia cura"
Espinaca a la florentina,cena,Espinaca con crema ligera y queso,220,general_health|fat_loss,1,5,2,"Espinaca, Nova Zelândia, salteado|Queso, minas, meia cura"
Crepes vegetales,cena,Crepes integrales con vegetales y queso,320,general_health|fat_loss,1,5,3,"Queso, mozarela"
Hummus con vegetales,cena,Hummus de garbanzo con vegetales asados,320,general_health|fat_loss,1,5,2,"Garbanzo, crudo|Pimiento, vermelho, crudo|Berenjena, cocida"
Frijol negro con aguacate,cena,Frijol negro con aguacate y limón,380,general_health|fat_loss,1,5,2,"Frijol, preto, cocido|Aguacate, crudo"
Wrap de pollo y vegetales cena,cena,Tortilla integral con pollo y verduras,360,fat_loss|muscle_gain,2,5,3,"Pollo, Pechuga, sin piel, a la plancha|Lechuga, americana, cruda|Tomate, con semilla, crudo"
Wrap de atún ligero,cena,"Tortilla integral con atún, lechuga y tomate",320,fat_loss|muscle_gain,2,5,3,"Atún, conserva en Aceite vegetal|Lechuga, americana, cruda|Tomate, con semilla, crudo"
Wrap de pavo con aguacate,cena,"Tortilla con pavo, aguacate y espinaca",380,fat_loss|muscle_gain,2,5,3,"Aguacate, crudo|Espinaca, Nova Zelândia, crudo"
Wrap vegetariano de hummus,cena,"Tortilla con hummus, lechuga y vegetales",320,general_health|fat_loss,1,5,3,"Garbanzo, crudo|Lechuga, americana, cruda|Tomate, con semilla, crudo"
Wrap de salmón ahumado,cena,"Tortilla con salmón, queso ricota y palta",380,fat_loss|muscle_gain,3,5,3,"Salmón, sin piel, fresco, a la plancha|Queso, ricota|Aguacate, crudo"
Wrap de pollo César,cena,"Tortilla con pollo, lechuga y aderezo César",340,fat_loss|muscle_gain,2,5,3,"Pollo, Pechuga, sin piel, a la plancha|Lechuga, americana, cruda"
Wrap mediterráneo,cena,"Tortilla con pollo, tomate, pepino y queso",360,fat_loss|muscle_gain,2,5,3,"Pollo, Pechuga, sin piel, a la plancha|Tomate, con semilla, crudo|Pepino, crudo|Queso, minas, meia cura"
Wrap de huevo y espinaca,cena,Tortilla con huevo revuelto y espinaca,320,general_health|fat_loss,1,5,3,"Huevo, de gallina, entero, crudo|Espinaca, Nova Zelândia, salteado"
Wrap mexicano ligero,cena,"Tortilla con frijol, aguacate y vegetales",360,general_health|fat_loss,1,5,3,"Frijol, carioca, cocido|Aguacate, crudo|Tomate, con semilla, crudo"
Wrap de carne magra,cena,"Tortilla con carne magra, lechuga y tomate",380,fat_loss|muscle_gain,3,5,3,"Carne, bovina, capa de contra-filé, sin gordura, a la plancha|Lechuga, americana, cruda|Tomate, con semilla, crudo"
Wrap thai ligero,cena,"Tortilla con pollo, vegetales y maní",380,fat_loss|muscle_gain,2,5,3,"Pollo, Pechuga, sin piel, a la plancha|Maní, tostado, salado"
Wrap de espinaca y queso,cena,"Tortilla con espinaca, queso y tomate",320,general_health|fat_loss,1,5,3,"Espinaca, Nova Zelândia, salteado|Queso, minas, meia cura|Tomate, con semilla, crudo"
Wrap de camarón ligero,cena,"Tortilla con camarón, aguacate y limón",360,fat_loss|muscle_gain,3,5,3,"Camarón, Rio Grande, grande, cocido|Aguacate, crudo"
Wrap de garbanzo y verduras,cena,"Tortilla con garbanzo, espinaca y tomate",340,general_health|fat_loss,1,5,3,"Garbanzo, crudo|Espinaca, Nova Zelândia, crudo|Tomate, con semilla, crudo"
Wrap caprese ligero,cena,"Tortilla con tomate, mozzarella y albahaca",320,general_health|fat_loss,1,5,3,"Tomate, con semilla, crudo|Queso, mozarela"
Changua nocturna,cena,Caldo de leche con huevo y cebolla,260,general_health,1,5,2,"Leche, de vaca, integral|Huevo, de gallina, entero, crudo|Cebolla, cruda"
Sancocho ligero de pollo,cena,Sancocho con poca papa y mucha pechuga,320,general_health|fat_loss,1,5,2,"Pollo, Pechuga, sin piel, cocido|Papa, baroa, cocida|Yuca/mandioca, cocida"
Arepa con huevo cena,cena,Arepa pequeña con huevo pochado y aguacate,320,general_health|fat_loss,1,5,2,"Huevo, de gallina, entero, crudo|Aguacate, crudo"
Arroz con pollo light,cena,Arroz integral con pollo y verduras,360,fat_loss|muscle_gain,2,5,2,"Arroz, integral, cocido|Pollo, Pechuga, sin piel, cocido|Brócoli, cocido"
Caldo de pajarilla cena,cena,Caldo bogotano con vísceras y papa,280,general_health,1,5,2,"Papa, baroa, cocida"
Patacones con aguacate,cena,Patacones pequeños con guacamole,280,general_health|fat_loss,1,5,2,"Banano, de la terra, cruda|Aguacate, crudo"
Empanada de pollo al horno,cena,"Empanada horneada con pollo, no frita",240,general_health|fat_loss,2,5,3,"Pollo, Pechuga, sin piel, cocido"
Tamal pequeño nocturno,cena,Mini tamal tolimense para cena,340,general_health,1,4,3,"Pollo, Pechuga, con piel, asado"
Arepa con queso fresco cena,cena,Arepa con queso campesino,280,general_health,1,5,2,"Queso, minas, meia cura"
Plátano maduro con queso,cena,Plátano horneado con queso fundido,320,general_health,1,5,2,"Banano, de la terra, cruda|Queso, minas, meia cura"
Calentado ligero nocturno,cena,Frijol con arroz integral y huevo,360,general_health|fat_loss,1,5,2,"Frijol, carioca, cocido|Arroz, integral, cocido|Huevo, de gallina, entero, frito"
Sopa de plátano nocturna,cena,Sopa de plátano verde con pollo,320,general_health|fat_loss,1,5,2,"Banano, de la terra, cruda|Pollo, Pechuga, sin piel, cocido"
Ajiaco ligero,cena,Ajiaco con poco crema y mucha verdura,320,general_health|fat_loss,1,5,2,"Pollo, Pechuga, sin piel, cocido|Papa, baroa, cocida"
Mazamorra nocturna,cena,Mazamorra liviana con leche descremada,220,general_health|fat_loss,1,5,2,"Leche, de vaca, desnatado, UHT|Maíz, verde, crudo"
Frijol con arroz cena,cena,Frijol con arroz blanco moderado,380,general_health,1,5,2,"Frijol, carioca, cocido|Arroz, tipo 1, cocido"
Lentejas con pollo ligeras,cena,Lenteja con pollo desmechado,360,fat_loss|muscle_gain,2,5,2,"Lenteja, cocida|Pollo, Pechuga, sin piel, cocido"
Sopa de papa con pollo,cena,Sopa cremosa de papa con pollo,320,general_health,1,5,2,"Papa, baroa, cocida|Pollo, Pechuga, sin piel, cocido"
Crema de auyama con pollo,cena,Crema de auyama con pollo desmechado,320,fat_loss|muscle_gain,2,5,2,"Calabaza, moranga, cruda|Pollo, Pechuga, sin piel, cocido"
Yuca con queso y hogao,cena,Yuca cocida con queso y hogao,320,general_health|fat_loss,1,5,2,"Yuca/mandioca, cocida|Queso, minas, meia cura|Tomate, con semilla, crudo"
Mute liviano,cena,Mute santandereano en versión ligera,360,general_health|fat_loss,1,5,2,"Maíz, verde, crudo|Garbanzo, crudo"
Caldo bogotano con pollo,cena,"Caldo claro con pollo, papa y verduras",280,general_health|fat_loss,1,5,2,"Pollo, Pechuga, sin piel, cocido|Papa, baroa, cocida|Zanahoria, cocida"
Sopa de arveja ligera,cena,Sopa de arveja con poca papa y mucha verdura,280,general_health|fat_loss,1,5,2,"Arveja, enlatada, escurrida|Papa, baroa, cocida"
Crema de zanahoria con jengibre,cena,Crema suave de zanahoria con un toque de jengibre,220,general_health|fat_loss,1,5,1,"Zanahoria, cocida"
Pescado en costra de hierbas,cena,Merluza al horno con costra de hierbas frescas,280,fat_loss,2,5,2,"Merluza, filete, asado"
Pollo con espárragos al limón,cena,Pechuga con espárragos al horno y limón,320,fat_loss|muscle_gain,3,5,2,"Pollo, Pechuga, sin piel, a la plancha"
Ensalada de pollo y manzana,cena,"Pollo con espinaca, manzana y yogur",300,fat_loss|muscle_gain,2,5,2,"Pollo, Pechuga, sin piel, a la plancha|Espinaca, Nova Zelândia, crudo|Manzana, Fuji, con casca, cruda|Yogur, natural"
Tortilla de calabacín,cena,Tortilla de huevo con calabacín y queso,280,general_health|fat_loss,1,5,2,"Huevo, de gallina, entero, crudo|Queso, minas, meia cura"
Bowl de espinaca y huevo,cena,Espinaca salteada con huevo y aguacate,280,general_health|fat_loss,1,5,2,"Espinaca, Nova Zelândia, salteado|Huevo, de gallina, entero, crudo|Aguacate, crudo"
Pollo con vegetales asados al horno,cena,"Pollo asado con calabaza, zanahoria y pimentón",360,fat_loss|muscle_gain,2,5,2,"Pollo, Pechuga, con piel, asado|Calabaza, moranga, cruda|Zanahoria, cocida|Pimiento, vermelho, crudo"
Crema de acelga,cena,Crema de acelga con leche descremada,200,fat_loss,1,5,2,"Acelga, cruda|Leche, de vaca, desnatado, UHT"
Pescado en salsa de tomate ligera,cena,Merluza en salsa de tomate fresco y cebolla,280,fat_loss,2,5,2,"Merluza, filete, asado|Tomate, con semilla, crudo|Cebolla, cruda"
Pollo con coliflor gratinada,cena,Pollo con coliflor gratinada al horno,360,fat_loss|muscle_gain,2,5,2,"Pollo, Pechuga, sin piel, cocido|Coliflor, cocida|Queso, minas, meia cura"
Ensalada tibia de pollo,cena,Pollo a la plancha sobre espinaca tibia,300,fat_loss|muscle_gain,2,5,2,"Pollo, Pechuga, sin piel, a la plancha|Espinaca, Nova Zelândia, salteado"
Pavo con manzana asada,cena,Pavo a la plancha con manzana asada y canela,320,fat_loss|muscle_gain,3,5,2,"Manzana, Fuji, con casca, cruda"
Sopa de pollo con jengibre,cena,Caldo de pollo con jengibre y limón,260,general_health|fat_loss,1,5,2,"Pollo, Pechuga, sin piel, cocido"
