product_name,product_name_es,energy-kcal_100g,proteins_100g,carbohydrates_100g,fat_100g,fiber_100g,nova_group,nutrition_grades,food_groups_tags
ácido hialurónico,,,,,,,,unknown,[]
Refisal sal de alta pureza,Refisal sal de alta pureza,0,,,,,,not-applicable,[]
Agua Pet 600,,,,,,,1,unknown,"['en:beverages', 'en:waters-and-flavored-waters']"
Natri Aceite de Coco,Natri Aceite de Coco,900,0,0,100,0,2,e,"['en:fats-and-sauces', 'en:fats']"
Vita Latti Yogurt Griego Entero Natural,Vita Latti Yogurt Griego Entero Natural,99.3333333333333,6.4,5.2,5.86666666666667,,1,b,"['en:milk-and-dairy-products', 'en:milk-and-yogurt']"
aceite de aguacate,,,,,,,,unknown,"['en:fats-and-sauces', 'en:fats']"
removedor de maquillaje bifasico,,,,,,,,unknown,[]
,,,,,,,,not-applicable,[]
Creamy Mash,Creamy Mash,569,24,33,40,9.6,4,c,"['en:cereals-and-potatoes', 'en:legumes']"
,,900,0,0,100,0,2,b,"['en:fats-and-sauces', 'en:fats']"
Avena,Avena,47,1.9,6.5,1.5,0,4,b,"['en:beverages', 'en:plant-based-milk-substitutes']"
Vinagre De Sidra De Manzana,Vinagre De Sidra De Manzana,,,,,,2,not-applicable,"['en:fats-and-sauces', 'en:dressings-and-sauces']"
,,,,,,,,,
Pan Tajado Multigranos,Pan Tajado Multigranos,266.666666666667,11.25,50,3.75,7.08333333333333,,a,"['en:cereals-and-potatoes', 'en:bread']"
Queso Crema,Queso Crema,273.333333333333,5.5,2.1,27,,4,d,"['en:milk-and-dairy-products', 'en:cheese']"
aceite de oliva,,822,0,0,91,0,2,b,"['en:fats-and-sauces', 'en:fats']"
Bon Yurt Zucaritas,Bon Yurt Zucaritas,77.6470588235294,1.69550173010381,14.878892733564,1.34948096885813,0,4,b,"['en:milk-and-dairy-products', 'en:milk-and-yogurt']"
Water,,,,,,,1,a,"['en:beverages', 'en:waters-and-flavored-waters']"
Maizena Original,Maizena Original,357.142857142857,0,85.7142857142857,0,0,3,c,"['en:cereals-and-potatoes', 'en:cereals']"
Cremadas Vainilla,Cremadas Vainilla,430,5,72,14,0,4,e,"['en:sugary-snacks', 'en:biscuits-and-cakes']"
Refisal Sal Blanca,Refisal Sal Blanca,,,,,,,not-applicable,[]
Yogurt Griego Entero Natural sin dulce,Yogurt Griego Entero Natural sin dulce,98.75,6.25,5.1875,5.875,0,1,b,"['en:milk-and-dairy-products', 'en:milk-and-yogurt']"
,,,,,,,,unknown,[]
Little angels,,,,,,,,unknown,[]
suero facial,,,,,,,,unknown,[]
agua miscelas,,,,,,,,unknown,[]
Toallitas Humedas,,,,,,,,unknown,[]
Tradicional,,425,11,,7.7,3.1,4,d,[]
Bebida Gaseosa,,,,,,,,unknown,"['en:beverages', 'en:sweetened-beverages']"
Coca Cola Sabor Original,Coca Cola Sabor Original,28.8461538461538,0,7.21153846153846,0,,,d,"['en:beverages', 'en:sweetened-beverages']"
Chocoramo,Chocoramo,448,7.2,53,24,4.3,4,e,"['en:sugary-snacks', 'en:biscuits-and-cakes']"
Trident Menta,,,,,,,,not-applicable,"['en:sugary-snacks', 'en:sweets']"
,,,,,,,,unknown,[]
Galletas Integrales,Galletas Integrales,441.666666666667,7.08333333333333,66.6666666666667,16.25,3.33333333333333,,d,"['en:sugary-snacks', 'en:biscuits-and-cakes']"
Bebida De Almendras Sin Azúcar,Bebida De Almendras Sin Azúcar,15,0.6,0,1.3,0,,b,"['en:beverages', 'en:plant-based-milk-substitutes']"
Agua pet 300 x24,Agua pet 300 x24,,,,,,1,a,"['en:beverages', 'en:waters-and-flavored-waters']"
ácido hialurónico,,,,,,,,unknown,[]
retinol ag,,,,,,,,unknown,[]
lady speed stick,,,,,,,,unknown,[]
protector térmico,,,,,,,,unknown,[]
be Beauty,,,,,,,,unknown,[]
P.A.N. Harina De Maiz Blanco,P.A.N. Harina De Maiz Blanco,366.666666666667,6.66666666666667,80,0,6.66666666666667,1,a,"['en:cereals-and-potatoes', 'en:cereals']"
Coca-Cola pet,Coca-Cola pet,42,0,10.6,0,0,,e,"['en:beverages', 'en:sweetened-beverages']"
Gatorade Frutos Tropicales,Gatorade Frutos Tropicales,24,0,6,0,,4,c,"['en:beverages', 'en:sweetened-beverages']"
Coca cola sin azucar,,0,0,0,0,,4,c,"['en:beverages', 'en:artificially-sweetened-beverages']"
Gaseosa Cocacola X,Coca Cola,43.2,0,10.8,0,,,e,"['en:beverages', 'en:sweetened-beverages']"
Tortillas de harina de trigo integral,Tortillas de harina de trigo integral,270,10,53,4.2,10,4,a,"['en:cereals-and-potatoes', 'en:bread']"
Agua cielo,707244561689,0,0,0,0,0,1,b,"['en:beverages', 'en:waters-and-flavored-waters']"
Leche,,59,3,4.8,3.1,3,,unknown,"['en:milk-and-dairy-products', 'en:milk-and-yogurt']"
Mantequilla clarificada GHEE,,904,0.9,0,100,0,,e,"['en:fats-and-sauces', 'en:fats']"
Almendra Natural,Almendra Natural,633.333333333333,20,23.3333333333333,50,13.3333333333333,1,c,"['en:salty-snacks', 'en:nuts']"
Maní con Pasas,Maní con Pasas,537,21,34,37,8.1,,c,[]
,,,,,,,,unknown,[]
,Tajín Clásico,152,3.6,29,2.3,9.2,3,d,[]
Natri Aceite de Coco,Natri Aceite de Coco,,,,,,2,e,"['en:fats-and-sauces', 'en:fats']"
Salsa de tomate,,113.333333333333,1.33333333333333,27.3333333333333,0,1.33333333333333,,d,"['en:fats-and-sauces', 'en:dressings-and-sauces']"
,fit graan hojuelas de maiz,370,6.33333333333333,90,0.666666666666667,8.66666666666667,3,c,"['en:cereals-and-potatoes', 'en:breakfast-cereals']"
super Magnesium,,,,,,,,not-applicable,[]
Sal rosada himalaya,Sal rosada himalaya,,,,,,2,not-applicable,[]
Atún rallado - El Navío,Atún Rallado Aceite Y Agua,132,30,0,1.3,0,,a,"['en:fish-meat-eggs', 'en:fish-and-seafood', 'en:fatty-fish']"
natural feeling,,,,,,,,unknown,[]
Kedeli Gelatina,Kedeli Gelatina,31,1.1,6.7,,,4,not-applicable,[]
gel delia,,,,,,,,unknown,[]
Queso Parmesano,,450,32.7777777777778,0.555555555555556,35,,,unknown,"['en:milk-and-dairy-products', 'en:cheese']"
gelatina sin sabor,,,,,,,,unknown,[]
tratamiento capilar,,,,,,,,unknown,[]
Aceite de oliva viegen extra clásico,Aceite de oliva viegen extra clásico,,,,,,2,unknown,"['en:fats-and-sauces', 'en:fats']"
Oreo Original,Oreo Original,480.555555555556,2.77777777777778,69.4444444444444,19.4444444444444,2.77777777777778,4,e,"['en:sugary-snacks', 'en:biscuits-and-cakes']"
Arroz Diana,Arroz Diana,338.461538461538,7.69230769230769,80,0,3.07692307692308,1,b,"['en:cereals-and-potatoes', 'en:cereals']"
Oreo Original,Oreo Original,472.222222222222,2.77777777777778,69.4444444444444,19.4444444444444,2.77777777777778,4,e,"['en:sugary-snacks', 'en:biscuits-and-cakes']"
Galletas con salvado y miel,Galletas con salvado y miel,381.481481481481,8.88888888888889,66.6666666666667,10.7407407407407,4.44444444444444,,c,"['en:sugary-snacks', 'en:biscuits-and-cakes']"
Agua Manantial,Agua Manantial,0,0,0,0,0,1,a,"['en:beverages', 'en:unsweetened-beverages']"
Tostadas de maíz,Tostadas de maíz,360.714285714286,7.14285714285714,85.7142857142857,0,0,1,c,"['en:cereals-and-potatoes', 'en:bread']"
Queso Reducido en Grasa Latti,Queso Reducido en Grasa Latti,233.333333333333,24.6666666666667,1.66666666666667,14.3333333333333,0,3,c,"['en:milk-and-dairy-products', 'en:cheese']"
Maní Horneado,Maní Horneado,616.666666666667,25.6666666666667,19.3333333333333,50,9.33,,b,"['en:salty-snacks', 'en:nuts']"
mermelada de frutos rojos,mermelada de frutos rojos,73,0.6,22,0,2.1,4,b,"['en:sugary-snacks', 'en:sweets']"
jamón pietran,jamón pietran,116.666666666667,14.3,9.05,2.62,,,a,"['en:fish-meat-eggs', 'en:processed-meat']"
Yogurt Griego,Yogurt Griego,77.3333333333333,8,4.53333333333333,2.93333333333333,0,,unknown,"['en:milk-and-dairy-products', 'en:milk-and-yogurt']"
Ghee,Ghee,889,0,0,98,0,2,e,"['en:fats-and-sauces', 'en:fats']"
Hatsu Amarillo,Hatsu Amarillo,0,0,0,0,0,4,c,"['en:beverages', 'en:artificially-sweetened-beverages']"
Bebida De Almendras,Bebida De Almendras,22.0833333333333,1,1.125,1.5,0,4,c,"['en:beverages', 'en:plant-based-milk-substitutes']"
Chocolate Bar,,583,11,47,39,2.5,,e,"['en:sugary-snacks', 'en:biscuits-and-cakes']"
,,,,,,,,unknown,[]
Queso Crema,,273,5.5,2.1,27,0,,e,"['en:milk-and-dairy-products', 'en:cheese']"
Nuthos mezcla divertida,Mezcla Divertida (Frutos Secos),543.333333333333,18.6666666666667,40,36.6666666666667,11,,unknown,[]
,,,,,,,,unknown,[]
RITZ Sandwich sabor a queso,RITZ Sandwich sabor a queso,491,5.5,61,25,0.9,4,e,"['en:sugary-snacks', 'en:biscuits-and-cakes']"
Latti Crema de Leche,Latti Crema de Leche,213.333333333333,2,2.66666666666667,21.3333333333333,0,4,d,"['en:milk-and-dairy-products', 'en:milk-and-yogurt']"
Kola Granulada Tarrito Rojo,Kola Granulada Tarrito Rojo,0,0,0,0,,,not-applicable,[]
ácido hialurónico,,,,,,,,unknown,[]
Whole Milk,,60,3.2,4.8,3.1,,,b,"['en:milk-and-dairy-products', 'en:milk-and-yogurt']"
De la Cuesta Yogurt Griego Natural Sin Dulce,De la Cuesta Yogurt Griego Natural Sin Dulce,98.75,6.25,5.1875,5.875,0,1,b,"['en:milk-and-dairy-products', 'en:milk-and-yogurt']"
Consciente Mix Cacao de Origen y Pretzels,Consciente Mix Cacao de Origen y Pretzels,552,20,37,38,8.8,4,c,[]
Aceite de Oliva Medalla de Oro,Aceite de Oliva Medalla de Oro,,,,,,,unknown,"['en:fats-and-sauces', 'en:fats']"
PARFAIT,,129,5.9,17,4.9,5.9,,unknown,"['en:milk-and-dairy-products', 'en:milk-and-yogurt']"
Margarina Gustosita,,603,,,67,,2,unknown,"['en:fats-and-sauces', 'en:fats', 'en:vegetable-margarines']"
Turrones De Granola,Turrones De Granola,496,20,39,34,14,3,a,"['en:sugary-snacks', 'en:biscuits-and-cakes']"
crema para manos hidratante,,,,,,,,unknown,[]
protector solar,,,,,,,,unknown,[]
Arroz Diana premium,Arroz Blanco Premium,345,7.3,,0.8,1.8,,b,"['en:cereals-and-potatoes', 'en:cereals']"
más carilla de arcilla roja,,,,,,,,unknown,[]
,,,,,,,,unknown,[]
Lenguas,Lenguas,373.684210526316,2.63157894736842,84.2105263157895,3.15789473684211,0,,unknown,[]
Atún En Aceite,Atún En Aceite,196.666666666667,28.3333333333333,0,9.33333333333333,,,unknown,[]
Leche Entera Super Cremosa,,63,3.8,3.8,3.6,0,,c,"['en:milk-and-dairy-products', 'en:milk-and-yogurt']"
lubriden,,,,,,,,unknown,[]
Spaguetti,,350,12.5,72.5,1.25,2.5,,unknown,"['en:cereals-and-potatoes', 'en:cereals']"
Pepsi,Pepsi,20,0,4.9,0,0,4,c,"['en:beverages', 'en:sweetened-beverages']"
Cereal Granola de Frutos Rojos,Cereal Granola de Frutos Rojos,,9,80,2.7,6.7,4,unknown,"['en:cereals-and-potatoes', 'en:breakfast-cereals']"
,,,,,,,,unknown,"['en:cereals-and-potatoes', 'en:cereals']"
Salchicha Pechuga De Pollo,Salchicha Pechuga De Pollo,128.888888888889,17,0.6,6.4,0,,b,"['en:fish-meat-eggs', 'en:processed-meat']"
Queso Crema,Queso Crema,273,5.5,2.1,27,,4,d,"['en:milk-and-dairy-products', 'en:cheese']"
Tostadas Multicereales,Tostadas Multicereales,378.571428571429,8.92857142857143,82.1428571428571,1.78571428571429,1.07142857142857,3,c,"['en:cereals-and-potatoes', 'en:bread']"
Salsa de tomate,Salsa de tomate,100,0,26.6666666666667,0,0,4,d,"['en:fats-and-sauces', 'en:dressings-and-sauces']"
Pony Malta,Pony Malta,41.6666666666667,0.416666666666667,10.4166666666667,0,0,,not-applicable,"['en:beverages', 'en:plant-based-milk-substitutes']"
Bretaña,Bretaña,0,0,0,0,0,1,b,"['en:beverages', 'en:unsweetened-beverages']"
Leche Entera,Leche Entera,58.3333333333333,2.91666666666667,4.58333333333333,2.91666666666667,0,,c,"['en:milk-and-dairy-products', 'en:milk-and-yogurt']"
Harina La Nieve,Harina La Nieve,340,13,68,1,4,,a,"['en:cereals-and-potatoes', 'en:cereals']"
Café Instantáneo,Café Instantáneo,,,,,,1,unknown,[]
Natri crema de almendras,Natri crema de almendras,,,,,,,unknown,[]
,,,,,,,,unknown,[]
Leche Descremada Deslactosada,Leche Descremada Deslactosada,32,3.1,4.9,0,,4,b,"['en:milk-and-dairy-products', 'en:milk-and-yogurt']"
Natri Stevia,Natri Stevia,360,0,1,0,0,4,not-applicable,[]
Yogurt Griego,Yogurt Griego,77.3333333333333,8,4.53333333333333,2.93333333333333,0,4,a,"['en:milk-and-dairy-products', 'en:milk-and-yogurt']"
Festival,,470,5.2,78,16,3.2,,e,"['en:sugary-snacks', 'en:biscuits-and-cakes']"
Fuze Tea Limón Sin Calorías,Fuze Tea Limón Sin Calorías,0,0,0.25,0,,,b,"['en:beverages', 'en:teas-and-herbal-teas-and-coffees']"
Crema de Maní,Crema de Maní,630.769230769231,24.2307692307692,21.1538461538462,50,8.46153846153846,4,a,"['en:cereals-and-potatoes', 'en:legumes']"
crachos tortillas de harina,crachos tortillas de harina,290,8.33333333333333,53.3333333333333,6.33333333333333,6.66666666666667,,c,"['en:cereals-and-potatoes', 'en:cereals']"
Pony Malta,Pony Malta,41.6666666666667,0.416666666666667,10.4166666666667,0,0,4,e,"['en:beverages', 'en:sweetened-beverages']"
Gansito,Gansito,443.243243243243,5.94594594594595,54.0540540540541,22.7027027027027,2.97297297297297,4,e,"['en:sugary-snacks', 'en:biscuits-and-cakes']"
Pistachos Salados,Pistachos Salados,600,20,26.6666666666667,46.6666666666667,10,,c,"['en:salty-snacks', 'en:nuts']"
Suero Rehidratante,,,,,,,,unknown,[]
Yogur Griego Sin Dulce,Yogur Griego Sin Dulce,103.703703703704,8.14814814814815,4.37037037037037,5.77777777777778,,1,b,"['en:milk-and-dairy-products', 'en:milk-and-yogurt']"
Speed Max,Speed Max,24,0.4,6.4,0,,4,d,"['en:beverages', 'en:sweetened-beverages']"
Quesito,Quesito,166.666666666667,10,6.66666666666667,11.6666666666667,0,3,d,"['en:milk-and-dairy-products', 'en:cheese']"
Bebidas de Almendras Sin Azúcar Añadida,Bebidas de Almendras Sin Azúcar Añadida,13,0.4,0,1.3,0,,e,"['en:beverages', 'en:plant-based-milk-substitutes']"
maní con sal. La especial,maní con sal. La especial,649,28,15,53,9.4,,c,"['en:salty-snacks', 'en:nuts']"
Salsa de Tomate,Salsa de Tomate,166.66666666667,0,39.333333333333,0,0,4,d,"['en:fats-and-sauces', 'en:dressings-and-sauces']"
noel wafers,noel wafers,,,,,,,unknown,"['en:sugary-snacks', 'en:biscuits-and-cakes']"
Te helado frutos rojos,Te helado frutos rojos,,,,,,,unknown,"['en:beverages', 'en:teas-and-herbal-teas-and-coffees']"
Nestum trigo miel x 200 gr,Nestum trigo miel x 200 gr,113,2.2,17,4,0,4,c,[]
Cheetos Horneados Boliqueso,,545,4.7,58,33,3.7,,unknown,[]
Tortillinas,Tortillinas,293.333333333333,9,56.6666666666667,4.33333333333333,3.33333333333333,4,c,"['en:cereals-and-potatoes', 'en:cereals']"
Coca-Cola Cero,Coca-Cola Cero,0,0,0,0,0,,b,"['en:beverages', 'en:sweetened-beverages']"
Latti Leche Semidescremada Deslactosada,Latti Leche Semidescremada Deslactosada,47.5,3.2,4.9,1.7,0,4,b,"['en:milk-and-dairy-products', 'en:milk-and-yogurt']"
Salsa de queso cheddar,Salsa de queso cheddar,168,3.6,11,12,0,4,d,[]
Monticello Aceite de Oliva Extra Virgen,Monticello Aceite de Oliva Extra Virgen,810,0,0,90,0,2,b,"['en:fats-and-sauces', 'en:fats']"
Arroz a chocolatada - Fiocco,,36.25,0.53125,8.125,0.28125,0.46875,,unknown,[]
Topping Mediterraneo,Topping Mediterraneo,446.666666666667,25.3333333333333,22.6666666666667,30.3333333333333,12,4,a,"['en:fruits-and-vegetables', 'en:dried-fruits']"
Jamon De Pavo,Jamon De Pavo,80,14,6.1,0,,4,unknown,"['en:fish-meat-eggs', 'en:meat', 'en:poultry']"
Aceite de soya vegetal,GALLİNA,,,,,,2,unknown,"['en:fats-and-sauces', 'en:fats']"
Chocolate,Chocolate,461.165048543689,7.28155339805825,63.1067961165049,19.4174757281553,4.85436893203883,4,d,"['en:sugary-snacks', 'en:biscuits-and-cakes']"
Atun en agua,Atun en agua,111.538461538462,26.9230769230769,0,0.384615384615385,0,,unknown,[]
Eran dolce,Eran dolce,,,,,,3,unknown,[]
Miel,Miel,441,10,77,10,3.4,4,d,"['en:sugary-snacks', 'en:biscuits-and-cakes']"
,,,,,,,,unknown,"['en:milk-and-dairy-products', 'en:milk-and-yogurt']"
Tostadas de Maíz,Tostadas de Maíz,375,6.07142857142857,85.7142857142857,0,8.92857142857143,1,b,"['en:cereals-and-potatoes', 'en:bread']"
Tortillas,Tortillas,293.333333333333,9.66666666666667,53.3333333333333,6,2.33333333333333,,d,"['en:cereals-and-potatoes', 'en:bread']"
Arándanos Deshidratados,,320,0,83.3333333333333,0.666666666666667,,,unknown,"['en:fruits-and-vegetables', 'en:dried-fruits']"
Jugo De Naraja,Jugo De Naraja,23,0.5,11,0,,,unknown,[]
tarrito rojo,Tarrito Rojo,0,0,0,0,,,unknown,[]
Mermelada Amarilla,,,,,,,,unknown,[]
aceite vegetal,,,,,,,,unknown,[]
Leche deslactosada 0% grada,Leche Deslactosada De Fácil Digestión,17.5,1.65,2.45,0,0,,unknown,[]
Tostacos,,504,6.3,68,23,4.9,,unknown,"['en:salty-snacks', 'en:appetizers']"
Vinagre Balsámico Di Modena,Vinagre Balsámico Di Modena,201,0.6,45,0,0.5,2,not-applicable,"['en:fats-and-sauces', 'en:dressings-and-sauces']"
7622201711726,7622201711726,,,,,,,unknown,[]
Nucita wafer de avellana,,483,3.5,73,19,3.4,4,e,"['en:sugary-snacks', 'en:sweets']"
Mantequilla,,,,,,,,unknown,[]
Müsli,,371.052631578947,7.89473684210526,78.9473684210526,2.10526315789474,10,,unknown,[]
talcos para pies,,,,,,,,unknown,[]
Coca zero,,0,,,,,,unknown,[]
Jugo De mandarina,Jugo De mandarina,32,0.55,7.5,0,0,1,b,"['en:beverages', 'en:unsweetened-beverages']"
Gelatina sabor a fresa,,10,1.6,0.9,0,0,,a,[]
Lentejas,Lentejas,313.333333333333,23.3333333333333,65,0.666666666666667,23.3333333333333,,unknown,[]
Leche Entera Descremada,,31,3,4.5,0.2,0,4,b,"['en:milk-and-dairy-products', 'en:milk-and-yogurt']"
Enjuague bucal,,,,,,,,unknown,[]
vitamina c,,,,,,,,unknown,[]
nixoderm,,,,,,,,unknown,[]
bio repolarizador,,,,,,,,unknown,[]
Atun En Agua,Atun En Agua,109,26,0,0.5,0,3,a,"['en:fish-meat-eggs', 'en:fish-and-seafood', 'en:fatty-fish']"
mermelada de mora,,,,,,,,unknown,[]
aceite,,,,,,,,unknown,[]
be Beauty protector solar,,,,,,,,unknown,[]
Vinagre Balsámico De Modena,Vinagre Balsámico De Modena,56,0,14,0,,2,not-applicable,"['en:fats-and-sauces', 'en:dressings-and-sauces']"
Chorizo De Cerdo Cocido,Chorizo De Cerdo Cocido,,,,,,,unknown,[]
,,,,,,,,unknown,"['en:milk-and-dairy-products', 'en:cheese']"
aceite de coco virgen,,,,,,,,unknown,[]
vainilla blanca,,,,,,,,not-applicable,[]
Aji Picante,,10,0,3.3,0,1.5,,unknown,[]
,,,,,,,,unknown,[]
Queso Campesino,Queso Campesino,311,19,2.4,25,,3,unknown,"['en:milk-and-dairy-products', 'en:cheese']"
,,,,,,,,unknown,[]
Gel limpiador,,,,,,,,unknown,[]
Penaut Butter,Penaut Butter,625,26,23.5,47.5,1.5,,c,"['en:cereals-and-potatoes', 'en:legumes']"
,,,,,,,,unknown,[]
Galletas De Leche,Galletas De Leche,441.666666666667,6.66666666666667,79.1666666666667,11.6666666666667,2.5,,unknown,[]
aceite,,,,,,,,unknown,[]
Granola,Granola,375,9.4,78,2.8,7.2,,a,"['en:cereals-and-potatoes', 'en:breakfast-cereals']"
protector solar,,,,,,,,unknown,[]
Plátano Verde,Plátano Verde,85.1851851851852,0.725925925925926,13.3333333333333,3.33333333333333,0.592592592592593,,unknown,[]
Colado/compota orgánica de manzana pera,Colado/compota orgánica de manzana pera,69,0,18,0,1.7,1,a,"['en:fruits-and-vegetables', 'en:fruits']"
Huevo,,84,7,0,6.3,0,,c,"['en:beverages', 'en:sweetened-beverages']"
Pietrán Jamón de Cerdo,Pietrán Jamón de Cerdo,114.634146341463,14.1463414634146,9.02439024390244,2.68292682926829,0.48780487804878,4,a,"['en:fish-meat-eggs', 'en:processed-meat']"
Hatsu Lila,Hatsu Lila,0,0,0.25,0,0,4,c,"['en:beverages', 'en:artificially-sweetened-beverages']"
Crema de Maní,Crema de Maní,666.666666666667,23.3333333333333,20,53.3333333333333,6.66666666666667,4,c,"['en:cereals-and-potatoes', 'en:legumes']"
Diana Arroz Integral,Diana Arroz Integral,339,7.9,74,3.3,9.3,,unknown,"['en:cereals-and-potatoes', 'en:cereals']"
Saltín noel Tradicional,Saltín noel Tradicional,410,11,78,6,5.8,4,d,"['en:salty-snacks', 'en:appetizers']"
Coca Cola Sabor Original,Coca Cola Sabor Original,30,0,7.5,0,,4,unknown,"['en:beverages', 'en:sweetened-beverages']"
Pan integral,Pan integral,272.727272727273,13.030303030303,51.5151515151515,3.33333333333333,8.18181818181818,4,a,"['en:cereals-and-potatoes', 'en:bread']"
Comapan Extra Largo Pan Blanco,Comapan Extra Largo Pan Blanco,315.789473684211,10.5263157894737,57.8947368421053,5.26315789473684,5.26315789473684,4,d,"['en:cereals-and-potatoes', 'en:bread']"
Bebida de Almendras,Bebida de Almendras,29.1666666666667,0.416666666666667,3.75,1.25,1.25,4,c,"['en:beverages', 'en:plant-based-milk-substitutes']"
Salchicha premium,Salchicha premium,235.294117647059,14.7058823529412,2.94117647058824,17.6470588235294,0,4,e,"['en:fish-meat-eggs', 'en:processed-meat']"
Tosh Barra Chocolate,Tosh Barra Chocolate,408.695652173913,8.69565217391304,65.2173913043478,15.2173913043478,17.3913043478261,4,d,"['en:sugary-snacks', 'en:biscuits-and-cakes']"
Pony Malta Mini,Pony Malta Mini,41.6666666666667,0.416666666666667,10.4166666666667,0,,,e,"['en:beverages', 'en:artificially-sweetened-beverages']"
Pan Vital,Pan Vital,257.575757575758,13.030303030303,48.4848484848485,3.03030303030303,8.48484848484848,4,d,"['en:cereals-and-potatoes', 'en:bread']"
Showy Original,Showy Original,233.333333333333,0,8.66666666666667,22,,4,d,[]
Jugo de naranja,,72,1,17,0,1,,unknown,"['en:beverages', 'en:fruit-juices']"
Aceite de Oliva Virgen Extra,Aceite de Oliva Virgen Extra,8190,0,0,920,,2,unknown,"['en:fats-and-sauces', 'en:fats']"
Bebida de almendtas,Bebida de almendtas,12,0.5,1,0.7,0,4,b,"['en:beverages', 'en:plant-based-milk-substitutes']"
Avena Finesse,Avena Finesse,40,3.2,6,0.4,0.4,4,b,"['en:beverages', 'en:plant-based-milk-substitutes']"
Mayonesa,Mayonesa,266.666666666667,0,0,30,,,unknown,"['en:fats-and-sauces', 'en:dressings-and-sauces']"
Susanita Tostadas Multicereal,Susanita Tostadas Multicereal,384.615384615385,7.69230769230769,84.6153846153846,0,0,,c,"['en:cereals-and-potatoes', 'en:bread']"
Corn Flakes,Corn Flakes,366.666666666667,6.66666666666667,86.6666666666667,0,3.33333333333333,3,d,"['en:cereals-and-potatoes', 'en:breakfast-cereals']"
Lasagna Precocida Doria,Lasagna Precocida Doria,363.636363636364,12.7272727272727,76.3636363636364,0,5.45454545454545,1,a,"['en:cereals-and-potatoes', 'en:cereals']"
Avena hojuelas,Avena hojuelas,49,2.8,11,1.1,8.3,1,a,"['en:cereals-and-potatoes', 'en:breakfast-cereals']"
Fit-Graan Cereal Granola de Frutos Rojos,Fit-Graan Cereal Granola de Frutos Rojos,337,7.9,71,4,7.1,3,c,"['en:cereals-and-potatoes', 'en:breakfast-cereals']"
Proteina Vegetal Toning,Proteina Vegetal Toning,,,,,,4,not-applicable,"['en:cereals-and-potatoes', 'en:legumes']"
,,,,,,,,unknown,"['en:sugary-snacks', 'en:sweets']"
,,428,7.8,77,12,4.2,4,c,"['en:sugary-snacks', 'en:biscuits-and-cakes']"
Cerebrit Fresa,Cerebrit Fresa,,,,,,4,unknown,[]
Pietran Jamón de Cerdo,Pietran Jamón de Cerdo,,,,,,,unknown,"['en:fish-meat-eggs', 'en:processed-meat']"
arroz roa,arroz roa,350,6,82,0,2,4,b,"['en:cereals-and-potatoes', 'en:cereals']"
Grieco yogurt,Yogurt Griego Natural Sin Azúcar,77.3333333333333,8,4.53333333333333,2.93333333333333,,,a,"['en:milk-and-dairy-products', 'en:milk-and-yogurt']"
Pan Artesano Integral,Pan Artesano Integral,257.575757575758,10,51.5151515151515,3.63636363636364,10,,c,"['en:cereals-and-potatoes', 'en:bread']"
,,,,,,,,unknown,[]
Bon bon bum,Bon bon bum,369,0,95,0,0,4,e,[]
Hit Frutas Tropicales,Hit Frutas Tropicales,45,0,11,0,0,4,e,"['en:beverages', 'en:sweetened-beverages']"
Nuss Milk Crema para Untar: Chocolate Avellanas Dúo,Nuss Milk Crema para Untar: Chocolate Avellanas Dúo,550,2.5,62.5,35,0,,e,"['en:sugary-snacks', 'en:sweets']"
Tosh Granola Crunchy Almendras,Tosh Granola Crunchy Almendras,428.571428571429,11.4285714285714,71.4285714285714,14.2857142857143,8.57142857142857,,d,"['en:cereals-and-potatoes', 'en:breakfast-cereals']"
Galleta Oreo,Galleta Oreo,472.222222222222,4.16666666666667,72.2222222222222,19.4444444444444,1.66666666666667,,e,"['en:sugary-snacks', 'en:biscuits-and-cakes']"
,,2.7,,0,0.0003,,,unknown,"['en:beverages', 'en:teas-and-herbal-teas-and-coffees']"
,,,,,,,,unknown,[]
,,,,,,,1,unknown,"['en:beverages', 'en:waters-and-flavored-waters']"
Hojuelas integrales precocida de avena,Hojuelas integrales precocida de avena,371,14,67,8.1,13,3,unknown,"['en:cereals-and-potatoes', 'en:breakfast-cereals']"
Vive100 Original,Vive100 Original,12.6315789473684,0,3.15789473684211,0,,4,unknown,"['en:beverages', 'en:artificially-sweetened-beverages']"
,,417,11.1,68.1,10.4,3.2,,e,"['en:salty-snacks', 'en:appetizers']"
Salsa de tomate,Salsa de tomate,107,1.7,25,0.3,0.8,4,d,"['en:fats-and-sauces', 'en:dressings-and-sauces']"
Coca-Cola Sin Azúcar,Coca-Cola Sin Azúcar,0,0,0,0,0,4,c,"['en:beverages', 'en:artificially-sweetened-beverages']"
Pasta de arroz,,400,6,92,0,4,,unknown,[]
Guadalupe Tostados Integrales,Guadalupe Tostados Integrales,400,14.2857142857143,68.5714285714286,7.14285714285714,17.1428571428571,,d,"['en:cereals-and-potatoes', 'en:bread']"
Cola & Pola,Cola & Pola,100,0,0,0,,4,not-applicable,['en:alcoholic-beverages']
Stevia liquida Tera,Stevia liquida Tera,,,,,,4,unknown,[]
mantequilla,Esparcible (mantequilla),310,0,0,35,,,unknown,[]
MOZZARELLA CILIEGINE,MOZZARELLA CILIEGINE,276.666666666667,17,0.8,23,0,3,c,"['en:milk-and-dairy-products', 'en:cheese']"
,Sprite,20,0,4.9,0,,,unknown,[]
Saltin Noel Integral,Saltin Noel Integral,446,10,73,14,6.1,,e,"['en:sugary-snacks', 'en:biscuits-and-cakes']"
Mostaza,Mostaza,66.6666666666667,0,20,0,0,4,c,"['en:fats-and-sauces', 'en:dressings-and-sauces']"
,,596.666666666667,21.3333333333333,21.6666666666667,50,12.6666666666667,,unknown,[]
Avena en hojuelas,,90,3,16,2,3,,a,"['en:cereals-and-potatoes', 'en:breakfast-cereals']"
Chocoramo brownie arequipe,,257,6.7,37,13,3.6,,d,"['en:sugary-snacks', 'en:biscuits-and-cakes']"
Hatsu tea,,50,0,13,0,,,unknown,[]
Mayonesa reducida en grasa y calorías,Mayonesa reducida en grasa y calorías,207,0,6.7,20,0,,d,"['en:fats-and-sauces', 'en:dressings-and-sauces']"
Crema De Leche,Crema De Leche,306.666666666667,2.66666666666667,0,31.3333333333333,0,,d,"['en:milk-and-dairy-products', 'en:milk-and-yogurt']"
Yogurt Griego Natural,Yogurt Griego Natural,72,6.46666666666667,5.66666666666667,2.6,0,4,a,"['en:milk-and-dairy-products', 'en:milk-and-yogurt']"
Bebida Láctea de Proteína,Bebida Láctea de Proteína,62.8,6.4,6,1.48,0,4,c,"['en:milk-and-dairy-products', 'en:milk-and-yogurt']"
Original,Original,513.513513513514,2.7027027027027,,32.4324324324324,5.40540540540541,4,d,"['en:cereals-and-potatoes', 'en:potatoes']"
Quatro,Quatro,30,0,7.5,0,,,d,"['en:beverages', 'en:sweetened-beverages']"
Galleta Avena & Granola,Galleta Avena & Granola,460,5.26315789473684,55.2631578947368,15.7894736842105,2.63157894736842,4,e,"['en:sugary-snacks', 'en:biscuits-and-cakes']"
Instacrem,Instacrem,11,0,1.3,0.6,0,4,a,[]
Rosquitas con Chia y Quinua,Rosquitas con Chia y Quinua,410,12,82.5,5,2.5,3,c,[]
Te blanco Granada y Mora Azul,,0,10,0.4,0.5,0,,unknown,"['en:beverages', 'en:teas-and-herbal-teas-and-coffees']"
Bretaña,,0,0,0,0,,,unknown,[]
Hiel Granola Semillas Ancestrales,Hiel Granola Semillas Ancestrales,400,6.66666666666667,83.3333333333333,5,10,,c,"['en:cereals-and-potatoes', 'en:breakfast-cereals']"
Mantequilla,,571.42857142857,0,0,28.571428571429,0,,e,"['en:fats-and-sauces', 'en:fats']"
arroz flor huila integral,arroz flor huila integral,,,,,,,unknown,[]
Coca-Cola Sin Azúcar,,0.41666666666667,0,0,0,,,unknown,"['en:beverages', 'en:sweetened-beverages']"
Margarina La Buena Cremosa,Margarina La Buena Cremosa,,,,,,2,unknown,"['en:salty-snacks', 'en:salty-and-fatty-products']"
Vita Latti Yogurt Descremado Melocotón,Vita Latti Yogurt Descremado Melocotón,30,3,4,0,0,4,c,"['en:beverages', 'en:artificially-sweetened-beverages']"
Miel de abejas  apis mellifera,,320,,80,,,2,unknown,"['en:sugary-snacks', 'en:sweets']"
Bon yurt  chokogozzo,,136.842105263158,2.80701754385965,19.8830409356725,5.08771929824561,0,,unknown,[]
Pan de sagú,Pan de Sagú,255,9.8,40,6.8,2.6,,c,"['en:cereals-and-potatoes', 'en:bread']"
Carlo Forte conservas de pescado en salsa de tomate,Carlo Forte conservas de pescado en salsa de tomate,73,15,2.1,0.7,1,,a,"['en:fish-meat-eggs', 'en:fish-and-seafood', 'en:fatty-fish']"
Tarrito Rojo,,360,,90,,,,unknown,[]
,,,,,,,,unknown,[]
Queso parmesano,,450,32.7777777777778,0.555555555555556,35,0,,e,"['en:milk-and-dairy-products', 'en:cheese']"
Slight Leche descremada,Slight Leche descremada,33.5,3.5,4.85,0,0,4,b,"['en:milk-and-dairy-products', 'en:milk-and-yogurt']"
Queso Pera Snack,,300,19.7368421052632,1.05263157894737,24.2105263157895,,,unknown,"['en:milk-and-dairy-products', 'en:cheese']"
Coca Cola Zero,,,,,,,,unknown,"['en:beverages', 'en:artificially-sweetened-beverages']"
Crema De Leche,,306.666666666667,2.66666666666667,3.33333333333333,31.3333333333333,0,,unknown,[]
,,,,,,,,unknown,[]
Yagur,Yagur,76,2.3,12,2.1,,,c,"['en:milk-and-dairy-products', 'en:milk-and-yogurt']"
griego x 160,griego x 160,98.75,6.25,5.1875,5.875,0,,unknown,[]
,,66,7,9.6,0.2,,,c,"['en:milk-and-dairy-products', 'en:milk-and-yogurt']"
Platónicos limonudos,Platónicos limonudos,,1.7,70,21,2,4,unknown,[]
,,292,11,54,3.9,2.7,3,a,"['en:cereals-and-potatoes', 'en:bread']"
leche entera,Leche Pasteurizada Entera,61.5,3.3,4.75,3.25,0,,unknown,[]
,Vinagre Balsámico,58,0,14,0,,2,not-applicable,"['en:fats-and-sauces', 'en:dressings-and-sauces']"
Papas onduladas De Tomate,Papas onduladas De Tomate,504,5.2,60,28,5.2,,unknown,[]
mantequilla,,,,,,,2,unknown,"['en:fats-and-sauces', 'en:fats']"
agua,,,,,,,,unknown,[]
Salsa barbecue,Salsa barbecue,160,,,,,4,unknown,"['en:fats-and-sauces', 'en:dressings-and-sauces']"
mezcla para pancakes,mezcla para pancakes,197,5.5,44,0.7,3.6,4,unknown,"['en:cereals-and-potatoes', 'en:cereals']"
Tostadas de Arroz con Quinia,,375,8.33333333333333,83.3333333333333,0,8.33333333333333,,b,[]
Smart Bites,Smart Bites,350,10,80,0,0,,not-applicable,"['en:sugary-snacks', 'en:biscuits-and-cakes']"
Rama Multiusos Esparcible,Rama Multiusos Esparcible,321.428571428571,0,0,35.7142857142857,0,4,d,"['en:salty-snacks', 'en:salty-and-fatty-products']"
Mezcla crunchy,Nuthos Mezcla Crunchy,533.333333333333,16.6666666666667,50,30,10,1,d,"['en:salty-snacks', 'en:nuts']"
White Crown Soda,,,,,,,,unknown,"['en:beverages', 'en:sweetened-beverages']"
Leche deslactosada,,46.5,3.1,5,1.6,0,,b,"['en:milk-and-dairy-products', 'en:milk-and-yogurt']"
Pan Tajado Integral,,265.217391304348,10.4347826086957,52.1739130434783,2.60869565217391,4.34782608695652,4,c,"['en:cereals-and-potatoes', 'en:bread']"
Pan Integral con Pasas,,308,9.8,59,5,6.1,,c,"['en:cereals-and-potatoes', 'en:bread']"
7702322872320,,7.90000009536743,1.5,0.5,,,,unknown,[]
arepas de maiz extra delgadas,arepas de maiz extra delgadas,145,2.8,35,0.3,4.8,3,a,"['en:cereals-and-potatoes', 'en:bread']"
omega 3-6-9,,,,,,,,unknown,[]
avena,,341.666666666667,12.0833333333333,66.6666666666667,6.25,14.1666666666667,1,a,"['en:cereals-and-potatoes', 'en:breakfast-cereals']"
REFRESCANTE BUCAL,,,,,,,,unknown,[]
Avena En Hojuelas,Avena En Hojuelas,372.727272727273,12.7272727272727,68.1818181818182,7.27272727272727,8.18181818181818,,a,"['en:cereals-and-potatoes', 'en:cereals']"
Chile,,128,8.7,15,4.5,3.3,,b,[]
Jugo mango y fresa,,31.9148936170213,,7.97872340425532,,,,unknown,[]
miel de abeja,,,,,,,,unknown,[]
Hatsu water,,0,,,,,,unknown,[]
Café en polvo,,,,,,,,unknown,[]
Arepa sonsoneñe,,129.807692307692,2.88461538461538,31.7307692307692,0.576923076923077,4.80769230769231,,unknown,[]
bubu,,,,,,,,unknown,[]
Desodorante,,,,,,,,unknown,[]
Greek Yogurt,,66,13.3333333333333,3.13333333333333,0,,,unknown,[]
Colágeno Hidrolizado,Colágeno Hidrolizado,360,90,,0,,,unknown,[]
Chocolate & Nuts Bar,,588,11.2,48,39.2,2.4,,unknown,[]
"Fusil, w/o Gluten",,351,7.2,82,0,3.2,1,unknown,"['en:cereals-and-potatoes', 'en:cereals']"
Seletti Yogurt Griego,Seletti Yogurt Griego,81.875,5.625,6.25,3.8125,0,3,a,"['en:milk-and-dairy-products', 'en:milk-and-yogurt']"
vitamina c,,,,,,,,unknown,[]
Granola Crunchy Frutos Rojos,Granola Crunchy Frutos Rojos,370,11.6666666666667,66.6666666666667,7,13.3333333333333,,unknown,[]
aceite,,,,,,,,unknown,[]
Conserva De Pescado,Conserva De Pescado,73,15,2.1,0.7,1,,unknown,[]
,,,,,,,,unknown,[]
natural feeling,,,,,,,,unknown,[]
Mogolla Tricereal Miel,Mogolla Tricereal Miel,292,10,58,3.7,6.6,,unknown,[]
Queso Crema,,213.333333333333,2.66666666666667,9.33333333333333,18.6666666666667,,,unknown,"['en:milk-and-dairy-products', 'en:cheese']"
batido verde,,,,,,,,unknown,[]
Crema De leche,Crema De leche,246.666666666667,1.33333333333333,6.66666666666667,24,0,,unknown,[]
lyne,lyne,40,3.6,5.8,0.3,0.6,4,unknown,"['en:sugary-snacks', 'en:chocolate-products']"
protector solar,,,,,,,,unknown,[]
MILO,,,,,,,,unknown,[]
,,,,,,,,unknown,"['en:milk-and-dairy-products', 'en:milk-and-yogurt']"
,,,,,,,,unknown,[]
Okaloka,,,,,,,,unknown,[]
Tostaditas,,410,13.3333333333333,73.3333333333333,7.66666666666667,2.33333333333333,,unknown,[]
"Mixto de Yuca morada, batata y arracacha","Mixto de Yuca morada, batata y arracacha",494,3,60,27,0,3,c,[]
Pancakes & Waffles,Pancakes & Waffles,133,5.2,23,2.9,3.5,4,unknown,"['en:cereals-and-potatoes', 'en:cereals']"
Vinagreta Ligera,,146.666666666667,0,3,15,,,unknown,[]
Semillas De Chía,Semillas De Chía,420,22,39.3333333333333,26.6666666666667,33.3333333333333,,a,[]
ASAHWAGANDHA,,,,,,,,unknown,[]
Isdin protector solar,,,,,,,,unknown,[]
Chokis Choco Base,Chokis Choco Base,496,6.6,63.8,25.5,2.77021276595745,4,unknown,"['en:sugary-snacks', 'en:biscuits-and-cakes']"
,,,,,,,,not-applicable,[]
,,,,,,,,unknown,[]
Leche Deslactosada Zymil,,45,3.1,4.8,1.5,0,,unknown,[]
Crackers Sesame,,440,10,72,14,8,4,c,[]
Nuthos Maní Crocante,Nuthos Maní Crocante,530,18,43.3333333333333,33.3333333333333,8,3,c,"['en:salty-snacks', 'en:nuts']"
,,,,,,,,unknown,[]
Salchicha pechuga de pollo,Salchicha pechuga de pollo,128,17,,6.4,0,4,b,"['en:fish-meat-eggs', 'en:processed-meat']"
,,204,43,44,24,4.9,4,d,[]
Chorizo Santarrosano 500g,Chorizo Santarrosano 500g,219,18,29,15,0,,e,[]
Yogurt Griego Entero,Yogurt Griego Entero,99.3333333333333,6.4,5.2,5.86666666666667,,1,b,[]
sedal,,,,,,,,unknown,[]
little angels,,,,,,,,unknown,[]
,,828,,,92,,2,unknown,"['en:fats-and-sauces', 'en:fats']"
,,,,,,,,unknown,[]
"Yogurt Griego Entero, Sin Dulce",,94,6.4,5.1,5.6,1.2,,b,"['en:milk-and-dairy-products', 'en:milk-and-yogurt']"
,,,,,,,,unknown,"['en:beverages', 'en:artificially-sweetened-beverages']"
,,,,,,,,unknown,[]
Croissant,,405,10,52,18,2.4,,unknown,[]
,,,,,,,,unknown,[]
Special K Finesse,,379,7.1,85,2,3.9,,c,"['en:cereals-and-potatoes', 'en:breakfast-cereals']"
Parmessan Chese,,366,33,0,26,,,d,"['en:milk-and-dairy-products', 'en:cheese']"
Proteina De Banano,,62.8,6.4,6,1.48,0,,b,"['en:milk-and-dairy-products', 'en:milk-and-yogurt']"
Yogourt griego entero parfait con dulce de frutos amarillos,Yogourt griego entero parfait con dulce de frutos amarillos,315,11.5,,0,4.4,,d,"['en:milk-and-dairy-products', 'en:milk-and-yogurt']"
tratamiento intensivo plex,,,,,,,,unknown,[]
Masmelo JP,,385.714285714286,3.92857142857143,92.8571428571429,0,,,unknown,[]
Suero Rehidratante,,,,,,,,unknown,[]
peina facil,,,,,,,,unknown,[]
,,,,,,,,unknown,"['en:cereals-and-potatoes', 'en:cereals']"
Pistachio Cream,,620,6,44.5,46.5,1.5,,unknown,[]
Vanilla Almond Milk,,33,0.5,6.3,0.6,0,,unknown,[]
Queso crema,Queso crema,170,3.3,5.4,15,,4,unknown,"['en:milk-and-dairy-products', 'en:cheese']"
Leche Sabor Original,Leche Sabor Original,48.5,3.35,4.65,1.85,0,,unknown,[]
Bebida De Almendras Sin Azúcar Añadido,Bebida De Almendras Sin Azúcar Añadido,22.0833333333333,1,1.125,1.5,0,,unknown,[]
Queso Siete Cueros,Queso Siete Cueros,286.666666666667,18,3.3,23,0,,unknown,[]
Yogurt Griego,Yogurt Griego,99,6.4,5.2,5.9,,,unknown,[]
Naturals desodorante,,,,,,,,unknown,[]
,,,,,,,,unknown,[]
,,,,,,,,unknown,[]
Jamón sanduche,Jamón sanduche,48,5.5,3.3,1.4,0.3,3,e,"['en:fish-meat-eggs', 'en:processed-meat']"
mayonesa,Salsa Con Sabor A Mayonesa,138,0,7.9,12,1,,unknown,[]
Quinua,Quinua,370,11,73,5.1,6.2,,unknown,[]
Huile d’olive,Aceite de oliva,,,,,,2,unknown,"['en:fats-and-sauces', 'en:fats']"
Frijoles Antioqueños,Frijoles Antioqueños,57,3.9,13,0,5.2,,unknown,[]
Tortillas De Harina Sabor A Finas Hierbas,Tortillas De Harina Sabor A Finas Hierbas,320,8.7,56,7.5,3.3,4,unknown,[]
Coca-Cola Zero lata,Coca-Cola Zero lata,0,0,0,0,0,,unknown,[]
Avena Toning,,370.833333333333,12.9166666666667,66.6666666666667,7.08333333333333,8.33333333333333,,unknown,[]
Jamon Serrano,,175,33,0,4.8,0,,unknown,[]
Dinamita Doritos,,,,,,,,unknown,[]
gomitas con Nanos,,354,2.5,86,0,,,unknown,"['en:sugary-snacks', 'en:sweets']"
Bizcocho de achira especial,Bizcocho de achira especial,120,2,,,,3,unknown,"['en:sugary-snacks', 'en:biscuits-and-cakes']"
,,,,,,,,unknown,[]
fresh factor arandanos,,,,,,,,unknown,[]
TOALLITAS HÚMEDAS,,,,,,,,unknown,[]
mantequilla clarificada ghee,,,,,,,2,unknown,"['en:fats-and-sauces', 'en:fats']"
,,,,,,,,unknown,[]
,,,,,,,,unknown,[]
Manitoba Maní Sabor Limón Pimienta,Manitoba Maní Sabor Limón Pimienta,594,27,23,44,9.7,3,c,"['en:salty-snacks', 'en:nuts']"
Jamón De Pechuga De Pollo,Jamón De Pechuga De Pollo,90.4761904761905,19.047619047619,2.38095238095238,0.476190476190476,0,,unknown,[]
,,,,,,,,unknown,[]
Avena en Hojuelas Original,Avena en Hojuelas Original,409.090909090909,13.6363636363636,72.7272727272727,9.09090909090909,13.6363636363636,1,a,"['en:cereals-and-potatoes', 'en:cereals']"
Atún en Agua,Atún en Agua,115.384615384615,25,0,0.961538461538462,0,3,a,"['en:fish-meat-eggs', 'en:fish-and-seafood', 'en:fatty-fish']"
Leche Deslactosada Alpina,Leche Deslactosada Alpina,46.25,2.91666666666667,5,1.66666666666667,0,,b,"['en:milk-and-dairy-products', 'en:milk-and-yogurt']"
Taeq Crema de Maní,Taeq Crema de Maní,633.333333333333,23.3333333333333,20,53.3333333333333,6.66666666666667,4,c,"['en:cereals-and-potatoes', 'en:legumes']"
Jamón De Pollo,Jamón De Pollo,114,17,10,1,0.8,4,a,"['en:fish-meat-eggs', 'en:meat', 'en:poultry']"
Doria Spaghetti Tamaño Familiar,Doria Spaghetti Tamaño Familiar,362.5,13.75,73.75,0,5,4,a,"['en:cereals-and-potatoes', 'en:cereals']"
Finesse Queso Mozarella,Finesse Queso Mozarella,262.5,25,0,18.125,,3,c,"['en:milk-and-dairy-products', 'en:cheese']"
Pan Artesano,Pan Artesano,278,11,56,1.6,2.2,4,c,"['en:cereals-and-potatoes', 'en:bread']"
Zenú Salchichas Viena,Zenú Salchichas Viena,138,14,5.6,7,1,4,unknown,"['en:fish-meat-eggs', 'en:processed-meat']"
Canola Life,Canola Life,500,0,0,60,0,4,c,"['en:salty-snacks', 'en:salty-and-fatty-products']"
Hojuelas de Avena Fit-Graan,Hojuelas de Avena Fit-Graan,409.090909090909,13.6363636363636,68.1818181818182,9.09090909090909,13.6363636363636,1,a,"['en:cereals-and-potatoes', 'en:breakfast-cereals']"
Papas Lima - Limón,Papas Lima - Limón,500,6.2,59,27,2.6,,unknown,"['en:salty-snacks', 'en:appetizers']"
Yox con Defensis Melocotón,Yox con Defensis Melocotón,82,2.9,13,2,0,4,e,"['en:beverages', 'en:sweetened-beverages']"
Cremosino,Cremosino,266.666666666667,6.66666666666667,0,26.6666666666667,0,4,d,"['en:salty-snacks', 'en:salty-and-fatty-products']"
Tortillinas 100% Integrales,Tortillinas 100% Integrales,290.322580645161,9.67741935483871,41.9354838709677,8.06451612903226,16.1290322580645,4,d,[]
Heil Galletas integrales con avena y chips sabor a chocolate,Heil Galletas integrales con avena y chips sabor a chocolate,476.923076923077,8.07692307692308,65.3846153846154,21.5384615384615,5.76923076923077,4,e,"['en:sugary-snacks', 'en:biscuits-and-cakes']"
Multi Granola,Multi Granola,383.333333333333,6.66666666666667,76.6666666666667,6.66666666666667,6.66666666666667,1,c,"['en:cereals-and-potatoes', 'en:breakfast-cereals']"
Carve,Carve,340,50,34,1,32,1,a,[]
H2OH! Lima Limón,H2OH! Lima Limón,0,0,0,0,0,4,c,"['en:beverages', 'en:artificially-sweetened-beverages']"
Mayonesa Fruco,Mayonesa Fruco,,,,,,,unknown,"['en:fats-and-sauces', 'en:dressings-and-sauces']"
Quinoa Club,Quinoa Club,400,9.33333333333333,80,5.33333333333333,4.66666666666667,4,e,"['en:sugary-snacks', 'en:biscuits-and-cakes']"
Tosh Galletas Yogurt y Fresas,Tosh Galletas Yogurt y Fresas,483.870967741935,8.06451612903226,68.5483870967742,18.1451612903226,4.03225806451613,,e,"['en:sugary-snacks', 'en:biscuits-and-cakes']"
Chocoramo,Chocoramo 5 unidades,446.15384615385,6.1538461538462,52.307692307692,23.076923076923,2,4,e,"['en:sugary-snacks', 'en:biscuits-and-cakes']"
Suero Pasteurizado,Suero Pasteurizado,244,4,8,20,0,,e,"['en:milk-and-dairy-products', 'en:milk-and-yogurt']"
Coconut Milk,Coconut Milk,183.333333333333,1.66666666666667,5,16.6666666666667,0,4,e,"['en:beverages', 'en:plant-based-milk-substitutes']"
Hatsu Blanco,Hatsu Blanco,12.5,0,3,0,,4,d,"['en:beverages', 'en:sweetened-beverages']"
La Muñeca Spaghetti Tamaño Familiar,La Muñeca Spaghetti Tamaño Familiar,337.5,12.5,76.25,0,3.75,1,a,"['en:cereals-and-potatoes', 'en:cereals']"
Esparcible Vegetal,Esparcible Vegetal,,,,,,,unknown,[]
Bimboletes,Bimboletes,36.3963963963964,0.666666666666667,5.22522522522523,1.4954954954955,0.27027027027027,,unknown,[]
Yogurt Semidescremado sin dulce,Fit Style Yogurt Sin Azucar,97,7,7.8,4.2,0,,c,"['en:milk-and-dairy-products', 'en:milk-and-yogurt']"
Avena instantánea sabor Vainilla,,0.393939393939394,9.09090909090909,72.7272727272727,6.06060606060606,9.09090909090909,,e,"['en:beverages', 'en:plant-based-milk-substitutes']"
gelatina,gelatina,44,11,0,0,0,,unknown,[]
Organic Matcha Tea Powder,Organic Matcha Tea Powder,186.666666666667,0,46.6666666666667,0,46.6666666666667,,unknown,"['en:beverages', 'en:unsweetened-beverages']"
Maíz Blanco,Maíz Blanco,354,7,80,1.4,5,1,unknown,"['en:cereals-and-potatoes', 'en:cereals']"
Gatorade Mandarina,Gatorade Mandarina,25,0,6.25,0,,,d,"['en:beverages', 'en:artificially-sweetened-beverages']"
Esparcible con Sal,Esparcible con Sal,571.428571428571,0,0,64.2857142857143,0,4,d,"['en:fats-and-sauces', 'en:fats']"
Doritos,Doritos,500,8.82352941176471,61.7647058823529,26.4705882352941,5.88235294117647,4,e,"['en:salty-snacks', 'en:appetizers']"
Yogo yogo,Yogo yogo,59,1.7,9.9,1.4,0,,d,"['en:milk-and-dairy-products', 'en:milk-and-yogurt']"
Mayonesa Fruco,Mayonesa Fruco,,,,,,4,unknown,"['en:fats-and-sauces', 'en:dressings-and-sauces']"
Mayonesa Fruco | 480 g,Mayonesa Fruco | 480 g,300,0,6.66666666666667,30,0,4,d,"['en:fats-and-sauces', 'en:dressings-and-sauces']"
Saltín Noel,Saltín Noel,375,8.33333333333333,70.8333333333333,8.33333333333333,0,4,d,"['en:sugary-snacks', 'en:biscuits-and-cakes']"
Haz de Oros con Polvo para Hornear con Leudante,Haz de Oros con Polvo para Hornear con Leudante,333.333333333333,13.3333333333333,73.3333333333333,0,3.33333333333333,1,b,"['en:cereals-and-potatoes', 'en:cereals']"
Saltin noel Tradicional,,433.333333333333,10,80,6.66666666666667,3.33333333333333,,unknown,"['en:sugary-snacks', 'en:biscuits-and-cakes']"
Powerade Mountain Blast,Powerade Mountain Blast,19.5,0,4.9,0,,,c,"['en:beverages', 'en:artificially-sweetened-beverages']"
Bretaña,,0,0,0,0,,,unknown,[]
Panela Orgánica,Panela Orgánica,366.666666666667,0.666666666666667,93.3333333333333,0,0,2,e,"['en:sugary-snacks', 'en:sweets']"
,,,,,,,,unknown,"['en:cereals-and-potatoes', 'en:bread']"
Arepa Antioqueña Con Sal,Arepa Antioqueña Con Sal,176,3.3,43.2,1,3.2,3,c,"['en:cereals-and-potatoes', 'en:bread']"
Dark amargo,,496,6.45,50.59,36.46,,,e,"['en:sugary-snacks', 'en:chocolate-products']"
Mora,,80,0,42,0,,,unknown,[]
Mortadela,Mortadela,210.526315789474,13.1578947368421,0,15.7894736842105,0,,e,"['en:fish-meat-eggs', 'en:processed-meat']"
,,,,,,,,unknown,[]
Leche de Soya Integral Sabor Vainilla,Leche de Soya Integral Sabor Vainilla,400,39.3939393939394,45.4545454545455,7.57575757575758,3.03030303030303,4,a,"['en:cereals-and-potatoes', 'en:legumes']"
Pastas La Nieve,Pastas La Nieve,,,,,,,unknown,"['en:cereals-and-potatoes', 'en:cereals']"
Tosh Mix Nueces y Semillas,Tosh Mix Nueces y Semillas,575.757575757576,30.3030303030303,21.2121212121212,45.4545454545455,9.09090909090909,,a,"['en:salty-snacks', 'en:nuts']"
La Fina Mesa Con Sal,La Fina Mesa Con Sal,,,,,,4,unknown,[]
Sal Marina Nutresal,Sal Marina Nutresal,,,,,,,not-applicable,[]
Chokis Clásica,Chokis Clásica,,2.9,,13,,4,unknown,"['en:sugary-snacks', 'en:biscuits-and-cakes']"
Mermelada de Piña,Mermelada de Piña,200,0,53.3333333333333,0,0,4,d,"['en:sugary-snacks', 'en:sweets']"
barra de granola yogurt griego,barra de granola yogurt griego,488.8884,8.88888888888889,66.6666666666667,22.2222222222222,8.88888888888889,,d,"['en:sugary-snacks', 'en:biscuits-and-cakes']"
Brisa con Gas,Brisa con Gas,0,0,0,0,,,b,"['en:beverages', 'en:unsweetened-beverages']"
Tosh Chocolate,Tosh Chocolate,416.666666666667,4.16666666666667,70.8333333333333,12.5,4.16666666666667,,e,"['en:sugary-snacks', 'en:biscuits-and-cakes']"
Mozzarella dé Bufala,Mozzarella dé Bufala,306.666666666667,13.3333333333333,3,27,0,3,a,"['en:milk-and-dairy-products', 'en:cheese']"
CREMA PARA UNTAR CHOCOLATE AVELLANAS,,,,,,,,unknown,[]
Mantequilla Sin Sal,Mantequilla Sin Sal,800,0,6.66666666666667,86.6666666666667,0,2,e,"['en:fats-and-sauces', 'en:fats']"
agua mineral con gas,agua mineral con gas,0,0,0,0,0,1,a,"['en:beverages', 'en:waters-and-flavored-waters']"
Tostadas de Arroz Integral Inflado,Tostadas de Arroz Integral Inflado,3263.88888888889,76.3888888888889,701.388888888889,27.7777777777777,20.8333333333333,,unknown,[]
Kola roman,,36,1,8.3,0,0,,unknown,[]
Galleta Cracker con Oliva y Oregano,Galleta Cracker con Oliva y Oregano,417,11.1,68.1,10.4,3.2,4,e,"['en:salty-snacks', 'en:appetizers']"
Bebidas almendras,,47,1,7.8,1.6,1.4,,d,"['en:beverages', 'en:plant-based-milk-substitutes']"
Salsa De Tomate,Salsa De Tomate,,,,,,,unknown,"['en:fats-and-sauces', 'en:dressings-and-sauces']"
,,,,,,,,unknown,[]
syrup,syrup,380,0,94,0,,4,unknown,[]
Queso tipo mozarella,Queso tipo mozarella,300,29,1,20,0,1,d,[]
,,,,,,,2,unknown,"['en:fats-and-sauces', 'en:fats']"
Uvas,Uvas,,,,,,4,unknown,[]
Té Blanco Y Mangostino,Té Blanco Y Mangostino,15.8653502022101,0,4.23076005392269,0,,4,d,"['en:beverages', 'en:sweetened-beverages']"
Coca-Cola 1.75,Coca-Cola 1.75,30,0,7.5,0,0,4,e,"['en:beverages', 'en:sweetened-beverages']"
Galletas,Galletas,456,6.4,67,18,1.2,4,e,"['en:sugary-snacks', 'en:biscuits-and-cakes']"
,Pan Tres Granos,262,10,53,2.2,4.7,,a,"['en:cereals-and-potatoes', 'en:bread']"
Tostaos,,391,14,71,7.8,9.5,,d,"['en:cereals-and-potatoes', 'en:bread']"
Manzana Postobón 3 Litros,Manzana Postobón 3 Litros,29.1666666666667,0.416666666666667,7.5,0,,,d,"['en:beverages', 'en:sweetened-beverages']"
Kumis,Kumis,85,3,11,3,0,3,e,"['en:beverages', 'en:sweetened-beverages']"
Pasta de Ajo,Pasta de Ajo,67,1.8,10,1.5,0.7,3,d,"['en:fats-and-sauces', 'en:dressings-and-sauces']"
Salchicha Llanera,Salchicha Llanera,90,4,0,7,0,,e,"['en:fish-meat-eggs', 'en:processed-meat']"
Compota,Compota,,,,,,,unknown,"['en:fruits-and-vegetables', 'en:fruits']"
barras de cereal,barras de cereal,,13.0434782608696,60.8695652173913,13.0434782608696,4.34782608695652,4,unknown,"['en:sugary-snacks', 'en:biscuits-and-cakes']"
Bon Yurt Piazza,Bon Yurt Piazza,145.977011494253,3.39080459770115,24.1379310344828,4.02298850574713,0,4,e,"['en:beverages', 'en:unsweetened-beverages']"
Gomitas Trululu fresitas,Gomitas Trululu fresitas,294.117647058824,5.88235294117647,88.2352941176471,0,0,4,d,"['en:sugary-snacks', 'en:sweets']"
Leche Alquería Deslactosada de Fácil Digestión Supermegalitro,Leche Alquería Deslactosada de Fácil Digestión Supermegalitro,46,3.2,4.7,1.6,0,4,b,"['en:milk-and-dairy-products', 'en:milk-and-yogurt']"
Saltín Noel Integral,Saltín Noel Integral,451.612903225806,9.67741935483871,67.741935483871,14.5161290322581,6.45161290322581,,d,"['en:sugary-snacks', 'en:biscuits-and-cakes']"
Why Not Mezcla Lista para Pancakes & Waffles a Base de Avena Sabor Vainilla,Why Not Mezcla Lista para Pancakes & Waffles a Base de Avena Sabor Vainilla,372,14.8,64,8,10,,a,"['en:cereals-and-potatoes', 'en:cereals']"
Fruco Salsa de Tomate,Fruco Salsa de Tomate,100,0,26.6666666666667,0,0,,e,"['en:fats-and-sauces', 'en:dressings-and-sauces']"
Kumis,Kumis,90,3,14,2.5,0,,e,"['en:milk-and-dairy-products', 'en:milk-and-yogurt']"
Dux Rellenas Sabor a Queso Blanco,Dux Rellenas Sabor a Queso Blanco,472.222222222222,5.55555555555556,52.7777777777778,27.7777777777778,0,,e,"['en:sugary-snacks', 'en:biscuits-and-cakes']"
Trululu Gusanos Ácidos,Trululu Gusanos Ácidos,,,,,,,unknown,[]
Leche Semidescremada Deslactosada,Leche Semidescremada Deslactosada,45,3,5,1.5,0,,b,"['en:milk-and-dairy-products', 'en:milk-and-yogurt']"
Sal Alta Pureza,Sal Alta Pureza,0,0,0,0,0,2,not-applicable,[]
Kola Román 1 5L,Kola Román 1 5L,18,0,9,0,0,4,e,"['en:beverages', 'en:artificially-sweetened-beverages']"
maiz pira,maiz pira,130,4,25,1.5,5,,b,"['en:cereals-and-potatoes', 'en:cereals']"
"Pancakes, Waffles y Crepes",,90,4,4,9,1,,unknown,[]
Rosquillas integrales de arroz,,466.666666666667,16.6666666666667,56.6666666666667,13.3333333333333,10,,unknown,[]
Pan sabor Mantequilla,,295.45454545455,9.0909090909091,54.545454545455,4.5454545454545,2.2727272727273,,d,"['en:cereals-and-potatoes', 'en:bread']"
Avena en ojuelas libre de gluten,Avena En Hojuelas,374,13,69,7.3,8.3,,unknown,[]
Lomos de Atún en Aceite de Oliva,Lomos de Atún en Aceite de Oliva,191,25,1.4,9.5,0,3,d,"['en:fish-meat-eggs', 'en:fish-and-seafood', 'en:fatty-fish']"
Queso Mozzarella en Tajadas,,70,6,0,5,,,unknown,"['en:milk-and-dairy-products', 'en:cheese']"
Hit Mango,Hit Mango,24,0,6.1,,,,unknown,[]
Salsa de Tomate Bassi,,117,1.6,26,0.9,0.9,,c,"['en:fats-and-sauces', 'en:dressings-and-sauces']"
,,,,,,,,unknown,"['en:sugary-snacks', 'en:sweets']"
,,,,,,,,unknown,[]
Stevia Liquida,,0,0,0,0,0,,unknown,[]
Mezcla Premium,Mezcla Premium,613,28,16,51,11,,d,"['en:salty-snacks', 'en:nuts']"
"Yogurt natural griego, sin dulce","Yogurt natural griego, sin dulce",108,4.4,13,4.4,,4,c,"['en:milk-and-dairy-products', 'en:milk-and-yogurt']"
Vinagre de manzana,,,,,,,,unknown,[]
Salsa De Soya,Salsa De Soya,,,,,,,unknown,[]
Arándanos,,8.2,0,2.1,0,0,,unknown,[]
leche en polvo entera,,,,,,,,unknown,[]
queso crema latti d1,queso crema latti d1,171,2,0,15,0,,c,[]
,,,,,,,,unknown,[]
CHEESE STICK,,711.11111111111,95.5555555555557,0,36.6666666666667,0,,unknown,[]
7700304817573,7700304817573,,,,,,,unknown,"['en:beverages', 'en:teas-and-herbal-teas-and-coffees']"
,Galletas Rellenas De Frutas,355.172413793103,6.55172413793103,68.9655172413793,6.89655172413793,4.82758620689655,,unknown,[]
nuzart,,560,1.5,60,35,,,unknown,[]
Margarina esparcible con sal,Margarina esparcible con sal,591,0,1.5,65,0,4,e,"['en:salty-snacks', 'en:salty-and-fatty-products']"
Queso crema Finesse,Queso crema Finesse,113.333333333333,12,4,5.33333333333333,,4,a,"['en:milk-and-dairy-products', 'en:cheese']"
del valle fresh,,,,,,,,unknown,[]
Agua con gas,Agua con gas,0,0,0,0,0,1,b,"['en:beverages', 'en:unsweetened-beverages']"
,,110,10,17,0,1.7,,c,"['en:fats-and-sauces', 'en:dressings-and-sauces']"
Atún En Agua,Atún En Agua,98,23,0,0.7,,,b,"['en:fish-meat-eggs', 'en:fish-and-seafood', 'en:fatty-fish']"
Soda,,3.71747211895911,,1.11524163568773,,,,unknown,[]
Maiz Dulce,Maiz Dulce,67,2.5,13,1.1,2.8,1,a,"['en:cereals-and-potatoes', 'en:cereals']"
Pechuga De Pavo Asado,Pechuga De Pavo Asado,80.6451612903226,11.2903225806452,8.38709677419355,0.32258064516129,,,unknown,[]
cafe,,,,,,,,unknown,[]
Café Soluble Liofilizado,Café Soluble Liofilizado,,,,,,,unknown,"['en:beverages', 'en:teas-and-herbal-teas-and-coffees']"
Satisfies/ Snickers,,480,8.6,61,23,2.7,4,e,"['en:sugary-snacks', 'en:biscuits-and-cakes']"
Atún en Aceite,Atún en Aceite,143.333333333333,26.6666666666667,0,4,,,a,"['en:fish-meat-eggs', 'en:fish-and-seafood', 'en:fatty-fish']"
Arvejas con Zanahoria,Arvejas con Zanahoria,80,,12,0,8,3,unknown,"['en:fruits-and-vegetables', 'en:vegetables']"
,,,,,,,,unknown,[]
Pescado en Conserva en Salsa de Tomate,Pescado en Conserva en Salsa de Tomate,152.727272727273,20,1.81818181818182,9.09090909090909,0,4,b,"['en:fish-meat-eggs', 'en:fish-and-seafood', 'en:fatty-fish']"
Todo Rico El Original,Todo Rico El Original,475,10,60,22.5,5,,d,[]
,,403.333333333333,11.3333333333333,76.6666666666667,7.66666666666667,6.66666666666667,4,unknown,[]
Hit Frutas Tropicales,,90,1,22,0,,,unknown,[]
Haz de Oros Mezcla Lista para Pancakes Crepes y Waffles Avena,Haz de Oros Mezcla Lista para Pancakes Crepes y Waffles Avena,352.941176470588,8.82352941176471,73.5294117647059,4.41176470588235,8.82352941176471,,unknown,[]
Lasagna,,354.545454545455,11.8181818181818,74.5454545454545,1.81818181818182,3.27272727272727,,unknown,[]
Vive 100% Açai,Vive 100% Açai,0,0,0.51,0,0,4,c,"['en:beverages', 'en:sweetened-beverages']"
Granola,Granola,366.666666666667,10,76.6666666666667,8.33333333333333,13.3333333333333,4,c,"['en:cereals-and-potatoes', 'en:breakfast-cereals']"
Trident Splash X Frutilla y Limón,Trident Splash X Frutilla y Limón,,,,,,4,not-applicable,"['en:sugary-snacks', 'en:sweets']"
Chocolisto,,10,1,17,1,0,,unknown,[]
"Integrales Avena, uvas y ciruelas pasas",,461.538461538462,7.69230769230769,69.2307692307692,153.846153846154,7.69230769230769,,d,"['en:sugary-snacks', 'en:biscuits-and-cakes']"
Olive Oil,,800,0,0,90,,,unknown,[]
Mini brownies,Mini brownies,262.962962962963,12.962962962963,51.8518518518519,2.59259259259259,9.25925925925926,4,unknown,"['en:cereals-and-potatoes', 'en:bread']"
Hatsu Lila,Hatsu Lila,0,0,0.416666666666667,0,,4,c,"['en:beverages', 'en:sweetened-beverages']"
Bebida de almendras,Bebida de almendras,29,3,2,1,1,4,e,"['en:beverages', 'en:plant-based-milk-substitutes']"
Paco Taco,Paco Taco,406.25,9.375,78.125,7.8125,3.125,,d,"['en:sugary-snacks', 'en:biscuits-and-cakes']"
La Teresita Te Verde,La Teresita Te Verde,,,,,,,unknown,[]
Tosh Lyne,Tosh Lyne,391.304347826087,13.0434782608696,65.2173913043478,13.0434782608696,17.3913043478261,,c,"['en:sugary-snacks', 'en:biscuits-and-cakes']"
Festival Recreo,Festival Recreo,473,5.5,77,16,23,4,e,"['en:sugary-snacks', 'en:biscuits-and-cakes']"
Nescafé Dolca,Nescafé Dolca,,,,,,,unknown,[]
Chocolatina,,545,8.3,56,35,,,unknown,[]
Queso Mozzarella Tajado,Queso mozzarella Tajado,300,29,1,20,,,c,"['en:milk-and-dairy-products', 'en:cheese']"
speed stick,speed stick,,,,,,,unknown,[]
Yogurt San Martín líquido,Yogurt Griego,43,6.5,4.2,0,,,unknown,[]
forza soya,forza soya,187,4.7,7.4,2,2.3,4,d,"['en:beverages', 'en:plant-based-milk-substitutes']"
Dove desodorante,Dove desodorante,,,,,,,not-applicable,[]
,,0,0,0,0,0,,unknown,"['en:beverages', 'en:unsweetened-beverages']"
Chocoramo barrita,Chocoramo barrita,415,3,57.5,19,2.25,4,e,"['en:sugary-snacks', 'en:biscuits-and-cakes']"
Pan de Sal,Pan de Sal,,,,,,4,unknown,"['en:cereals-and-potatoes', 'en:bread']"
,,,,,,,,unknown,[]
CHOCOLAT 80,CHOCOLAT 80,250,3,17,19,4,4,d,"['en:sugary-snacks', 'en:chocolate-products']"
Coca Cola con café,,,,,,,,unknown,[]
Gala Vainilla,Gala Vainilla,380,7,48.3333333333333,18.3333333333333,2.83333333333333,4,e,"['en:sugary-snacks', 'en:biscuits-and-cakes']"
super arepa,super arepa,,,,,,,unknown,[]
Ensalada de atún con vegetales y maíz Carlo Forte,Ensalada de atún con vegetales y maíz Carlo Forte,150,11.6666666666667,10,8.33333333333333,0,3,c,"['en:composite-foods', 'en:one-dish-meals']"
Heil Granola Tradicional,Heil Granola Tradicional,400,13,73.3333333333333,9.66666666666667,13.3333333333333,4,c,"['en:cereals-and-potatoes', 'en:breakfast-cereals']"
,Tradicional selecta nueces de Brasil,,,,,,,unknown,[]
,,,,,,,,unknown,[]
,,,,,,,,unknown,[]
Spaghetti,Spaghetti,350,13.75,73.75,0,3.75,1,a,"['en:cereals-and-potatoes', 'en:cereals']"
QUINUA BLANCA,,113,4,4,9,6,,unknown,[]
Helado Gourmet Frutos del bosque,,270,4,26,16,0,,unknown,[]
pan integral multicereal,pan integral multicereal,,,,,,,unknown,[]
,,,,,,,,unknown,[]
Café Buendía clásico,,,,,,,,unknown,"['en:beverages', 'en:teas-and-herbal-teas-and-coffees']"
Ricostilla 8 cubos,Ricostilla 8 cubos,,,,,,,unknown,[]
queso parmesano,queso parmesano,,,,,,3,unknown,"['en:milk-and-dairy-products', 'en:cheese']"
,,,,,,,,unknown,[]
,,,,,,,,unknown,[]
Super Nachos,Super Nachos,,,,,,,unknown,[]
,,,,,,,,unknown,[]
Tostadas de arroz con quinua,,,,,,,,unknown,[]
,,,,,,,,unknown,[]
,,,,,,,,unknown,[]
,,,,,,,4,unknown,[]
SALSA DE TOMATE | SABOR ORIGINAL,,,,,,,,unknown,"['en:fats-and-sauces', 'en:dressings-and-sauces']"
Atún En Agua,Atún En Agua,110,25,0.833333333333333,0.833333333333333,0,,a,"['en:fish-meat-eggs', 'en:fish-and-seafood', 'en:fatty-fish']"
,,,,,,,,unknown,[]
Té Hindú Jengibre Limón,Té Hindú Jengibre Limón,0,0,0,0,0,,b,[]
Crema de mani,,625,26,23.5,47.5,1.5,,c,"['en:cereals-and-potatoes', 'en:legumes']"
Todo rico,,527.5,12,55,30,4.25,,unknown,[]
kefir,kefir,33.5,5,3.4,0,0,,b,"['en:beverages', 'en:unsweetened-beverages']"
7702914551403,,,,,,,,unknown,"['en:salty-snacks', 'en:appetizers']"
Avena En Hojuelas,Avena En Hojuelas,7.5,12.9166666666667,66.6666666666667,7.5,8.33333333333333,,a,"['en:cereals-and-potatoes', 'en:breakfast-cereals']"
agua,agua,0,0,0,0,0,1,a,"['en:beverages', 'en:waters-and-flavored-waters']"
kéfir sin Dulce,,33.5,5,3.4,0,,,unknown,[]
Finesse,,39,3.29999995231628,5.5,0.300000011920929,,,unknown,[]
Chocolatina jet,Chocolatina Jet,565,6.6,56,35,,,e,"['en:sugary-snacks', 'en:chocolate-products']"
Vitad Galletas de Chocolate,Vitad Galletas de Chocolate,486.666666666667,7.66666666666667,83.3333333333333,21,11,4,b,"['en:sugary-snacks', 'en:biscuits-and-cakes']"
Multivit,Multivit,,,,,,4,unknown,[]
,,,,,,,,unknown,"['en:sugary-snacks', 'en:biscuits-and-cakes']"
,,,,,,,,unknown,[]
Mix nueces,Mix nueces,637,25,18,52,13,,unknown,[]
Pan tajado - Horneaditos,,278.260869565217,10,52.1739130434783,4.34782608695652,3.91304347826087,,unknown,[]
Almendra salada,Almendra salada,633.333333333333,23.3333333333333,20,53.3333333333333,10,,a,"['en:salty-snacks', 'en:nuts']"
,,,,,,,,unknown,[]
Imata Mezcla de aceites vegetales,Imata Mezcla de aceites vegetales,828,0,0,92,0,2,c,"['en:fats-and-sauces', 'en:fats']"
Nuthos Maíz Gigante del Cusco,Nuthos Maíz Gigante del Cusco,464,5.6,76,17.2,8,3,b,"['en:cereals-and-potatoes', 'en:cereals']"
,,,,,,,,,
Galletas Ritz,,456,6.4,67,18,1.2,,unknown,[]
,,,,,,,,unknown,[]
,,,,,,,,,
,,,,,,,,,
Alpinette,,114.285714285714,2.85714285714286,21.4285714285714,17.8571428571429,,,unknown,"['en:milk-and-dairy-products', 'en:dairy-desserts']"
Bon yurt,Bon yurt,130.1775147929,2.9585798816568,23.668639053254,2.3668639053254,0.59171597633136,,c,[]
ducales,,514.285714285714,7.14285714285714,60.7142857142857,28.5714285714286,,,unknown,[]
,,,,,,,,,
canola life,canola life,,,,,,,unknown,"['en:fats-and-sauces', 'en:fats']"
Doritos,Doritos,488.372093023256,6.97674418604651,62.7906976744186,25.5813953488372,2.32558139534884,4,e,"['en:salty-snacks', 'en:appetizers']"
Organic Extra Virgin Olive Oil,,866.666666666667,0,0,93.3333333333333,,2,b,"['en:fats-and-sauces', 'en:fats']"
Yogurt Griego Descremado Natural Sin Dulce,Yogurt Griego Descremado Natural Sin Dulce,54,6.06666666666667,2.73333333333333,0,0,1,a,"['en:milk-and-dairy-products', 'en:milk-and-yogurt']"
Yupis,,541,4.9,60,32,3.5,,e,"['en:salty-snacks', 'en:appetizers']"
Filete De Tilapia del D1,Filete De Tilapia del D1,211,14,12,13,0,,d,"['en:fish-meat-eggs', 'en:fish-and-seafood']"
,,590,12,27.5,45.5,10,,unknown,[]
Tortilla de Harina,Tortilla de Harina,300,7.5,55.5555555555556,5.55555555555556,1.38888888888889,,unknown,[]
maíz tostado,maíz tostado,407,9.2,59,15,0,4,d,"['en:cereals-and-potatoes', 'en:cereals']"
,,,,,,,,unknown,[]
Crema hidratante,,,,,,,,unknown,[]
mantequilla con sal,mantequilla con sal,,,,,,,unknown,[]
Pan árabe - Backerei,,438.888883333333,18.3333333333333,86.1111166666667,2.77778333333333,2.5,,e,[]
"Barra De Frutas, Frutos Secos Con Dátiles Y Almendras","Barra De Frutas, Frutos Secos Con Dátiles Y Almendras",403.333333333333,9.66666666666667,56.6666666666667,18.6666666666667,8.33333333333333,,c,[]
desodorante,,,,,,,,unknown,[]
,Paprika,,,,,,,unknown,[]
,,,,,,,,unknown,"['en:sugary-snacks', 'en:biscuits-and-cakes']"
Yogurt Entero Sin Dulce Con Sabor A vainilla,Yogurt Entero Sin Dulce Con Sabor A vainilla,77,8.3,4.5,2.9,0,4,a,[]
,,,,,,,,unknown,[]
,,,,,,,,,
,,,,,,,,,
,,,,,,,,unknown,"['en:cereals-and-potatoes', 'en:cereals']"
Kumis Clásico,Kumis Clásico,136,4.8,,4.1,0,3,e,"['en:milk-and-dairy-products', 'en:milk-and-yogurt']"
,,287,3.9,59,3.9,0,,unknown,[]
,,,,,,,,unknown,[]
,Cuadritos de Avena,356.666666666667,11.6666666666667,80,1.33333333333333,11.3333333333333,,unknown,[]
Granola Chocolate Chip,Granola Chocolate Chip,147,4.2,16,8.9,5.9,,a,"['en:cereals-and-potatoes', 'en:breakfast-cereals']"
Marañones,Marañones,596.666666666667,22.3333333333333,23.6666666666667,46.6666666666667,9.33333333333333,,unknown,[]
Tratamiento Capilar,,,,,,,,unknown,[]
agua pura,,,,,,,,unknown,[]
Receta Clasica,,492,7.6,62,25,1.4,,unknown,[]
Best Vegan Chocolate,Best Vegan Chocolate,351.428571428571,71.4285714285714,0,6.57142857142857,0,4,a,[]
Desodorante,,,,,,,,unknown,[]
Adobo,,,,,,,,unknown,[]
aceite de oliva,,,,,,,,unknown,[]
Coca Cola Sabor Original,Coca Cola Sabor Original,30,0,7.5,0,0,4,d,"['en:beverages', 'en:sweetened-beverages']"
РИГА ГОЛД ШПРОТЫ В ТОМАТНОМ СОУСЕ,РИГА ГОЛД ШПРОТЫ В ТОМАТНОМ СОУСЕ,,,,,,3,unknown,"['en:fish-meat-eggs', 'en:fish-and-seafood', 'en:fatty-fish']"
atún ensalada primavera alamar,atún ensalada primavera alamar,,,,,,,unknown,[]
Colina Balanceado,Colina Balanceado,,,,,,1,unknown,"['en:beverages', 'en:unsweetened-beverages']"
"Mezcla Maní Salado, Almendras y Marañones","Mezcla Maní Salado, Almendras y Marañones",600,25,20,50,7.5,3,d,[]
Cheddar Cheese,,535.714285714286,3.57142857142857,57.1428571428571,32.1428571428571,3.57142857142857,4,e,"['en:cereals-and-potatoes', 'en:potatoes']"
Salsa de tomate,Salsa de tomate,117.647058823529,0,29.4117647058824,0,0,4,d,"['en:fats-and-sauces', 'en:dressings-and-sauces']"
Queso Mozarella,,90,6,1,7,,,unknown,[]
Panela Instantánea,Panela Instantánea,360,3.33333333333333,86.6666666666667,0,0,2,e,"['en:sugary-snacks', 'en:sweets']"
Tostada Integral,Tostada Integral,389,12,68,7.7,6.2,4,c,"['en:cereals-and-potatoes', 'en:bread']"
Mogollas Integrales,Mogollas Integrales,,,,,,3,unknown,"['en:cereals-and-potatoes', 'en:bread']"
Hindú Manzanilla,Hindú Manzanilla,0,0.1,1,0,0,,b,[]
Cabello de angel,Cabello de angel,350,11,77,0.6,3.6,,a,"['en:cereals-and-potatoes', 'en:cereals']"
nutribela,,,,,,,4,unknown,[]
Lima-limon,Agua Con Gas Lima Limon,0,0,0,0,,,unknown,[]
Spaghettini,,350,13.75,73.75,,,,unknown,[]
Alpin Fresa,Alpin Fresa,75,3,11.5,2,0,,e,[]
Teatrical humectante,,,,,,,,unknown,[]
Del Valle Fresh Frutas Cítricas,Del Valle Fresh Frutas Cítricas,18,0,4.5,0,0,,c,"['en:beverages', 'en:artificially-sweetened-beverages']"
Rizadas Sabor Tomate,Rizadas Sabor Tomate,566.666666666667,6.66666666666667,50,36.6666666666667,3.33333333333333,,e,[]
Fit bar coconut / Coco,,300,41.6666666666667,36.6666666666667,6.66666666666667,1.66666666666667,,unknown,[]
Chips Margarita Receta Clásica Sal Marina,,180,2,17,12,,,unknown,[]
Latti Latti Fresa,Latti Latti Fresa,60,2,9.5,1.25,0,4,e,"['en:beverages', 'en:sweetened-beverages']"
flor de jamaica,flor de jamaica,,,,,,,unknown,[]
Emulsion de Scott,,,,,,,,unknown,[]
Premezcla Waffle De Pan De Yuca,Premezcla Waffle De Pan De Yuca,333.333333333333,4.58823529411765,86.6666666666667,4,0.823529411764706,,unknown,[]
Panqué sabor Vainilla,,,,,,,,unknown,[]
Pancake mix,,400,16,60,12,12,,unknown,[]
Panelitas,Panelitas,84,1,11,4,0,,unknown,[]
Natilla,,378,1,41,0,0,,unknown,[]
bbq,,,,,,,,unknown,"['en:fats-and-sauces', 'en:dressings-and-sauces']"
Canola Life,,50,0,0,6,0,,unknown,[]
,,576,8.9,51,0.27,,,e,"['en:sugary-snacks', 'en:chocolate-products']"
Nachos de Maiz,,461,7.6,69,18,3.5,3,d,[]
Tosh Coco,Tosh Coco,29.1666666666667,0.416666666666667,3.75,1.45833333333333,1.66666666666667,,c,"['en:beverages', 'en:plant-based-milk-substitutes']"
DB's Choco Cono (0.8),,262.222222222222,3.33333333333333,26.6666666666667,15.5555555555556,0.333333333333333,,unknown,[]
,,,,,,,,unknown,[]
La Lechera,La Lechera,300,6.66666666666667,56.6666666666667,6.66666666666667,0,,e,[]
Queso Crema Slight,Queso Crema Slight,166.666666666667,13.3333333333333,0,13.3333333333333,0,,c,"['en:salty-snacks', 'en:salty-and-fatty-products']"
3 Cordilleras Mulata,3 Cordilleras Mulata,,,,,,,not-applicable,['en:alcoholic-beverages']
Mix Arándanos,Mix Arandanos,525,14,50,30,6.5,,unknown,[]
Del Alba Mix Saladito,Del Alba Mix Saladito,616.666666666667,21.6666666666667,21.3333333333333,50,9.33333333333333,3,c,"['en:salty-snacks', 'en:nuts']"
Kythos Sabor a Limón,Kythos Sabor a Limón,533.333333333333,6.66666666666667,56.6666666666667,30,6.66666666666667,,d,"['en:salty-snacks', 'en:appetizers']"
Yogo Yogo fresa,Yogo yogo sabor a fresa,59,1.7,9.9,1.4,0,,unknown,[]
Queso tipo petit suisse sabor a fresa,,70,3,9,20,0,,unknown,[]
,,,,,,,,unknown,[]
Mix Premium con Avellanas y Nuez de Nogal,,450,15,20,325,12.5,,unknown,[]
Chocolatina Jet más leche,,558.333333333333,7.49999980131785,54.1666666666667,34.9999984105428,,,unknown,[]
,,470,16,58,21,7.4,,c,"['en:salty-snacks', 'en:nuts']"
,,,,,,,,unknown,[]
Mezcla lista para pancakes y waffles,,199,10,20,10,5.7,,unknown,[]
Servipan Rosquitas Integrales,Servipan Rosquitas Integrales,444.444444444444,11.1111111111111,72.2222222222222,8.33333333333333,5.55555555555556,,a,[]
Mermelada de mora,,66.6,0,26.6,0,0,,unknown,[]
Pan tajado integral,Pan tajado integral,270,14,47,3.9,4.6,,unknown,[]
bebida de almendras,bebida de almendras,25,0.4,3.6,1,,,unknown,"['en:beverages', 'en:plant-based-milk-substitutes']"
Baby Gu,,61,2.9,6.3,2.7,0,,b,"['en:milk-and-dairy-products', 'en:milk-and-yogurt']"
Golden latte,,381,9.2,68,8.2,0,,unknown,[]
Esparcible de Mesa y cocina,Esparcible de Mesa y cocina,,,,,,,unknown,[]
,,,,,,,,unknown,[]
Pasta de tomate,Pasta de tomate,58,2.6,13,0,2.4,3,c,"['en:fruits-and-vegetables', 'en:vegetables']"
cocinar milk,cocinar milk,59.751375,3.125,4.75,26.25,0,1,c,"['en:beverages', 'en:plant-based-milk-substitutes']"
,,,,,,,,unknown,[]
Tostaditas,,119,4.1,20,2.9,1.9,,unknown,[]
Ateos de semillas de chia - Sary,,138,3.2,31,0.2,4.1,,unknown,[]
GRANOLA CRUNCHY FRESA,,,,,,,,unknown,[]
bálsamo para los pies,,,,,,,,unknown,[]
Desodorante,,,,,,,,unknown,[]
rexona clinical,,,,,,,,unknown,[]
ego attraction,,,,,,,,unknown,[]
El maizal,,155,3.79999995231628,34,0.400000005960464,0.600000023841858,,unknown,[]
Leche semi descremada,,47,3.2,4.85,1.65,0,,unknown,[]
talco,,,,,,,,unknown,[]
Tortillas Integrales Con Chia,Tortillas integrales con chía haz de oro,290.625,10.625,53.125,5.3125,6.875,,unknown,[]
Leche en polvo - Colanta,Leche en polvo colanta entera 200 g,252,12.8,20,6.8,,,unknown,[]
Chocolatinas,,487.5,8.75,54.1666666666667,35,10.8333333333333,,unknown,[]
bb cream,,,,,,,,unknown,[]
Bebida de coco imitacion yogurt,,90,1.20000004768372,3.79999995231628,10,2.70000004768372,,unknown,[]
MAGIC FRIENDS GATOS,,,,,,,,unknown,[]
Galletas Festival Recreo,Galletas Festival Recreo,475,5.55555555555556,77.7777777777778,16.1111111111111,2.22222222222222,,e,"['en:sugary-snacks', 'en:biscuits-and-cakes']"
Atún En Agua,Atún En Agua,125,30,0,0.5,0,,unknown,[]
Dejamu Queso Cottage,Dejamu Queso Cottage,200,10,3.63636363636364,16.3636363636364,,3,unknown,[]
Avena,Avena,68,2,11.2,1.8,,4,e,"['en:beverages', 'en:plant-based-milk-substitutes']"
Papas Super Ricas Pollo,,150,2,19,8,1,,unknown,[]
Queso Mozzarella Rallado,,291,17,1.7,24,,,unknown,[]
Mermelada de mora,,100,0,26.666666666667,0,0,,unknown,[]
Avena en hojuelas,,391,13,71,6.1,23,,unknown,[]
Tostaditas integrales,,407,12,76,6.90000009536743,3.40000009536743,,unknown,[]
Te Chai Latte,,11,0.5,1.6,0,,,unknown,[]
Setas De Cuiva,,29,2.9,4.1,0.4,1,,unknown,[]
Yogurt Greco,Yogurt Greco,57.3333333333333,10,4.33333333333333,0,,1,a,[]
Sary Receta Original Arepas De Maíz Caseras Con Sal,Sary Receta Original Arepas De Maíz Caseras Con Sal,145,2.8,35,0.39,4.8,,unknown,[]
Vainilla Vanilla Artificially Flavored Instant Coffee,,390,,100,,,,unknown,[]
bebida carbonatada,,,,,,,,unknown,[]
Claras De Huevo,Claras De Huevo,51.9230769230769,10.7692307692308,2.30769230769231,0,,1,unknown,"['en:fish-meat-eggs', 'en:eggs']"
Cottage Cheese,,71.0743801652893,9.09090909090909,4.46280991735537,1.90082644628099,0,4,a,[]
100% Whey Elite,,400,83.3333333333333,10,3.33333333333333,3.33333333333333,4,not-applicable,[]
Tortilla de harina - Camote - Camote - Camote - Camote - Camote,,295,7.6,54,5.5,0.6,,unknown,[]
Avena alpina,,69,2,11,1.9,,,unknown,"['en:sugary-snacks', 'en:sweets']"
nopikex,,,,,,,,unknown,[]
Benditos Pop Libre de Gluten,,225,12.8571425165449,25,7.85714302744184,7.85714302744184,,unknown,[]
Frijoles refritos,Frijoles refritos,,,,,,4,unknown,[]
Yogo Yogo Fresa,Yogo Yogo Fresa,66.6666666666667,2,11.3333333333333,1.33333333333333,0,,e,"['en:milk-and-dairy-products', 'en:milk-and-yogurt']"
Yogur Original Guanabana,Yogur Original Guanabana,80,2.5,13,2,0,,c,"['en:milk-and-dairy-products', 'en:milk-and-yogurt']"
Tratamiento Capilar Cebolla,,,,,,,,unknown,[]
Maní Moto cronch,,511.363636363636,16,58,21,7.40000009536743,,unknown,[]
Atún,Atún,200,27.2727272727273,,,,,unknown,[]
Tocineta Ahumada,Tocineta Ahumada,316,17,1.3,27,0,,unknown,[]
Pan integral arroz con coco,,170,3,33,3,3,,unknown,[]
Quinoa Chips,,408.333333333333,11.6666666666667,70.8333333333333,11.6666666666667,10.8333333333333,,unknown,[]
don olio,,,,,,,,unknown,[]
Avellana,Avellana,237,20,37,1,0,,unknown,"['en:beverages', 'en:teas-and-herbal-teas-and-coffees']"
Leche semi descremada,Leche,48,3.2,4.3,2,0,,unknown,[]
finesse yogurt,,78.8235294117647,3.82352941176471,15.8823529411765,0,0.705882352941177,,unknown,[]
pañitos,,,,,,,,unknown,[]
Cábano Mixto de Res y Cerdo,,255.882352941176,22.6470588235294,4.11764705882353,16.4705882352941,,,unknown,[]
Salchicha Perro,,200,14.25,3.75,14.5,,,unknown,[]
,,79,7.5,5.6,3,0,1,a,"['en:milk-and-dairy-products', 'en:milk-and-yogurt']"
Mortadela,,211,13,6,15,,,unknown,[]
Arroz,,,,,,,,unknown,"['en:cereals-and-potatoes', 'en:cereals']"
,,,,,,,,unknown,[]
Nestle Corn Flakes,,380,7.33333333333333,83.3333333333333,3,5,,unknown,[]
Whey Protein,BiPro Classic Vainilla,78,17,1,0.6,0,,unknown,[]
Harina De Garbanzo,,336,20,64,2.8,12.8,,unknown,[]
Queso Ricotta,,173.333333333333,20,12,4.66666666666667,,,unknown,[]
Arepas Con Queso Y Semillas De Chia Y Quinoa,Arepas Con Queso Y Semillas De Chia Y Quinoa,235,5.75,45,4.25,5.625,,unknown,[]
Jamón Seleccionado,Jamón Seleccionado,98,14,6.8,1.6,0,4,unknown,"['en:fish-meat-eggs', 'en:processed-meat']"
Ricavena,,55,3.6,9.9,0.1,0.6,,unknown,[]
Gelatina Light,,,,,,,,unknown,[]
Sabor Original Leche,,49,3.3,4.7,1.9,,,unknown,[]
Papas fritas natural,,527,6,56,32,4.7,,unknown,[]
Jugo De Naranja,Jugo De Naranja,34.5,0.6,8.5,0,0.75,,unknown,[]
Cream De Mani,,595,27,21.5,48.5,14.5,,unknown,[]
Avena en hojuelas sin gluten grano entero,Avena en hojuelas sin gluten grano entero,331.818181818182,13.1818181818182,68.1818181818182,5.45454545454545,18.1818181818182,,unknown,[]
Salsa de mezclas a base de soya,Salsa de mezclas a base de soya,85,3.2,18,0,,,unknown,[]
Yogurt Griego- Vainilla & Fruitos Rojos,Yogurt Griego- Vainilla & Fruitos Rojos,65.3333333333333,6.66666666666667,4.8,2.13333333333333,1,,unknown,[]
Tostados De Arroz,Tostados De Arroz,391.666666666667,9.17,81.6666666666667,3.33,2.5,,unknown,[]
Yogurt Griego,Yogurt Griego,53.3333333333333,8,5.13333333333333,0,,,unknown,[]
Leche en polvo,,78,3.4,6.7,4.2,,,unknown,[]
tratamiento capilar,,,,,,,,unknown,[]
gel hidratante  fruity hidratante fresh,,,,,,,,unknown,[]
vitamina c,,,,,,,,unknown,[]
crema dental,,,,,,,,unknown,[]
cerveza,,,,,,,,unknown,[]
crema dermoproctectora,,,,,,,,unknown,[]
ácido retinoico,,,,,,,,unknown,[]
Harina de avena,Avena Sin Gluten,372,12.8,68,6.8,8.4,,unknown,[]
Neutrogena,,,,,,,,unknown,[]
parches de rescate,,,,,,,,unknown,[]
sundown,,,,,,,,unknown,[]
,,,,,,,,,
Flips dulce de leche,,434,8.4,70,14,2.6,,unknown,[]
Arepa Sary Extraqueso,,245,6.7,31,11,3.4,,unknown,[]
Pan Con Centeno,,283,11,57,1.2,4.5,,unknown,[]
Antibacterial y humectante,,,,,,,,not-applicable,[]
café,,,,,,,,unknown,[]
yodora,,,,,,,,unknown,[]
Vitamin c moisturizing cleaner,,,,,,,,unknown,[]
express aclara anti manchas,,,,,,,,unknown,[]
Pechuga De Pavo Ahumada,Pechuga De Pavo Ahumada,105,25,0,0.6,0,,unknown,[]
crema hidratante día,,,,,,,,unknown,[]
Salsa De Tomate,,131,1,33,0,2.4,,unknown,[]
SOREL,,,,,,,,unknown,[]
Lentejas,Lentejas,313.333333333333,23.3333333333333,65,0.666666666666667,23.3333333333333,,unknown,[]
Queso pera,,284.210526315789,26.0526315789474,0,20,0,,d,[]
Rosquillas Integrales,Rosquillas Integrales,100,4.05797101449275,18.1159420289855,1.44927536231884,1.01449275362319,,unknown,[]
Griego Bebible Vainilla,Griego Bebible Vainilla,79.1666666666667,7.5,5,3.29166666666667,0,,unknown,[]
Frambuesas Cubiertas De Chocolate,Frambuesas Cubiertas De Chocolate,420,5.2,44,25.2,2,4,e,"['en:fruits-and-vegetables', 'en:fruits']"
sellador de puntas,,,,,,,,unknown,[]
Aritos,,,,,,,,unknown,[]
Canela,,,,,,,,unknown,[]
mieltestos,,,,,,,,unknown,[]
,,,,,,,,unknown,[]
kuaker,,,,,,,,unknown,[]
efficient,,,,,,,,unknown,[]
Tajaditas Plátano Verde,Tajaditas Plátano Verde,480,3.2,72,20.8,5.6,,unknown,[]
Queso parmesano,,450,32.7777777777778,0.555555555555556,35,0,,e,"['en:milk-and-dairy-products', 'en:cheese']"
flor de cerezo,,,,,,,,unknown,[]
mascarilla keratina,,,,,,,,unknown,[]
sal marina,,,,,,,,unknown,[]
alimento para  perro,,,,,,,,unknown,[]
Leche Descremada,,31,3.05,4.5,0.1,0,,unknown,[]
rejuveness,,,,,,,,unknown,[]
Pancake Mix,Pancake Mix,440,25,43.3333333333333,21,10.6666666666667,,unknown,[]
Acondicionador,,,,,,,,unknown,[]
amazon habanero,amazon habanero,,,,,,4,unknown,"['en:fats-and-sauces', 'en:dressings-and-sauces']"
Ricarepa asaditas,Ricarepa asaditas,208.888888888889,3.11111111111111,50,0.111111111111111,1.11111111111111,1,c,"['en:cereals-and-potatoes', 'en:bread']"
natural Paradise agua micelar sábila y pepino,,,,,,,,unknown,[]
GranOLA Classic Vanilla Shortbread,Gluten Free Granola Classic Vanilla,463,18,50,26,20,4,unknown,[]
Arroz Blanco,Arroz Blanco,338,7.7,78,0.7,5.5,,unknown,[]
epiduo,,,,,,,,unknown,[]
agua,,,,,,,,unknown,[]
delia,,,,,,,,unknown,[]
mix pasas,mix pasas,220,8.2,14,15,3.2,4,b,"['en:salty-snacks', 'en:nuts']"
trocitos sabor picante limón ardiente,trocitos sabor picante limón ardiente,,,,,,,unknown,[]
chantilly en polvo,,,,,,,,unknown,[]
barra de chocolate oscuro,barra de chocolate oscuro,597,9.2,34,50,12,4,d,"['en:sugary-snacks', 'en:chocolate-products']"
Hummus Pimentón,Hummus Pimentón,213.333333333333,6.66666666666667,14.6666666666667,15.6666666666667,6.33333333333333,,unknown,[]
skin revitalizing soap,,,,,,,,unknown,[]
Mozzarella Cubitos,,316.666666666667,25.5555555555556,2.22222222222222,22.7777777777778,,,unknown,[]
Tortilla de harina de Coco,Tortilla de harina de Coco,178,3.2,34,3.1,17,,unknown,[]
,,,,,,,,unknown,[]
kumis,,91,3.1,13,3,0,,e,"['en:beverages', 'en:unsweetened-beverages']"
pasión floral,,,,,,,,unknown,[]
"Marinara, Salsa Napolitana",,28,0.4,6.56,0,1.28,,unknown,[]
Pony Malta GL,Pony Malta GL,36,0,8.8,0,0,,c,"['en:beverages', 'en:sweetened-beverages']"
,,,,,,,,unknown,[]
pestañina,,,,,,,,unknown,[]
conzazoni,,96.8,3.2,10.4,4.88,,,unknown,[]
,Jamón de Cerdo Pietran,114.634146341463,14.1463414634146,9.02439024390244,2.68292682926829,0.48780487804878,4,d,"['en:fish-meat-eggs', 'en:processed-meat']"
Yogurt Griego,Yogurt Griego,83,5.6,6.5,3.8,,,unknown,[]
espuma limpiadora,,,,,,,,unknown,[]
atun,,,,,,,,unknown,[]
Espuma facial limpiadora,,,,,,,,unknown,[]
sabonete,,,,,,,,unknown,[]
,,,,,,,,unknown,[]
nectar,,,,,,,,unknown,[]
Premezcla Waffles Buñuelo,Premezcla Waffles Buñuelo,310,11,30,17,3.4,,unknown,[]
,,,,,,,,unknown,[]
leche,,,,,,,,unknown,[]
Chía,,,,,,,,unknown,[]
Premezcla Pancakes,Premezcla Pancakes,256.666666666667,5,53.3333333333333,4,2,,unknown,[]
"mezcla con maní, almendras y marañones","mezcla con maní, almendras y marañones",593,23,22,48,9.7,,e,"['en:salty-snacks', 'en:nuts']"
tnt,,,,,,,,unknown,[]
Avena En Hojuela,Avena En Hojuela,358.333333333333,12.0833333333333,70.8333333333333,4.16666666666667,24.1666666666667,,unknown,[]
Carne molida mixta de res y pollo Kimby,Carne molida mixta de res y pollo Kimby,,,,,,,unknown,[]
,,,,,,,,unknown,[]
Atún En Agua,Atún En Agua,110,25,0.8,0.8,,,unknown,[]
Yogurt Griego,Yogurt Griego,53.3333333333333,8,5.13333333333333,0,0,,unknown,[]
Chocolatina Jumbo Mani,Chocolatina Jumbo Mani,576.470588235294,11.7647058823529,48.2352941176471,37.6470588235294,2.35294117647059,,unknown,[]
Nutella saludable,Nutella saludable,438,10.9,33.3,36.4,8.6,4,a,"['en:sugary-snacks', 'en:sweets']"
dermodina,,,,,,,,unknown,[]
,,,,,,,,unknown,[]
Quinoa Recubierta De Chocolate Oscuro,,540,8,56.6666666666667,33,8,,unknown,[]
Oka Loka Nanos Blue,Oka Loka Nanos Azul,300,0,73.3,0,0,4,d,"['en:sugary-snacks', 'en:sweets']"
Chokis Black,,472.972972972973,7.02702702702703,67.5675675675676,21.0810810810811,5.94594594594595,,unknown,[]
Edulzante en polvo,,,,,,,,unknown,[]
natunesse,,,,,,,,unknown,[]
Arroz Parbolizado,Arroz Parbolizado,344,7.8,78,1,4.4,,unknown,[]
,,,,,,,,unknown,[]
Harina De Teigo Fortificada,harina de trigo fortificada,87,3.1,18,0.4,0.7,,a,[]
,7702047140925,256,0,3.3,25,0,,d,[]
Comida húmeda Sabor Carne D1,,,,,,,,unknown,[]
Yogurt Griego Sabor Vainilla,Yogurt Griego Sabor Vainilla,77.3333333333333,8,4.53333333333333,2.93333333333333,0,4,a,"['en:milk-and-dairy-products', 'en:milk-and-yogurt']"
Jvv,,,,,,,,unknown,[]
Mini Molde Integral,,243,9.3,51,1.6,6.4,,unknown,[]
suero facial,,,,,,,,unknown,[]
Pinchos De Pollo Apanado,Pinchos De Pollo Apanado,219,14,16,11,,,unknown,[]
Edición Limitada Minichips,Edición Limitada Minichips,570.833333333333,9.58333333333333,50,37.0833333333333,1.25,,unknown,[]
cúrcuma pura,,,,,,,,unknown,[]
Queso Blanco Colanta,Queso Blanco Colanta,300,18.6666666666667,2.33333333333333,24,,,unknown,[]
Mermelada de fresa,Mermelada de fresa,202,0,50,0,1.1,4,c,"['en:sugary-snacks', 'en:sweets']"
Yogurt Griego,Yogurt Griego,76.2962962962963,6.22222222222222,3.25925925925926,4.2962962962963,0,3,a,[]
Aceite de coco extravirgen,Aceite de coco extravirgen,900,0,0,100,0,2,e,"['en:fats-and-sauces', 'en:fats']"
Queso Feta,Queso Feta,356,22,4,28,0,3,d,"['en:milk-and-dairy-products', 'en:cheese']"
Quinua,Quinua,363,12.2,67.2,6.2,5.7,,unknown,[]
Semilla de Quinua Roja,Semilla de Quinua Roja,357,12,69,5.6,8.1,1,a,"['en:cereals-and-potatoes', 'en:cereals']"
Salsa chipotle tamarindo,Salsa chipotle tamarindo,94,0,24,0,0.9,4,c,[]
,,,,,,,,unknown,[]
Nuez Pecan,Nuez Pecan,118,11,4,7.2,3.2,1,d,"['en:salty-snacks', 'en:nuts']"
Almendra Tostada,Almendra Tostada,589,21,22,50,13,1,a,"['en:salty-snacks', 'en:nuts']"
Nuez Nogal,Nuez Nogal,626,14,3.3,63,5.2,,b,"['en:salty-snacks', 'en:nuts']"
Rice Toast,,383.333333333333,8.75,83.3333333333333,1.66666666666667,2.91666666666667,,unknown,[]
Snack con fruta natural,Snack con fruta natural,63.3333333333333,0,16.1666666666667,0,0.666666666666667,,e,[]
Barks Arándanos y Sal Rosada,Barks Arándanos y Sal Rosada,574,6.7,49,39,9.4,4,e,"['en:sugary-snacks', 'en:chocolate-products']"
Lenteja Tostada,Lenteja Tostada,407,24,60,10,10,3,a,"['en:cereals-and-potatoes', 'en:legumes']"
Popetas Mix,,560,5.6,60,33.6,,,unknown,[]
Fideos,Fideos,348,12,74,1.6,5.4,,unknown,[]
Hongos Shitake,,,,,,,,unknown,"['en:fruits-and-vegetables', 'en:vegetables']"
Colombian Coke,,30,0,7.5,0,,,unknown,[]
Gala,,,17.5,50,19.5,,,unknown,['en:cereals-and-potatoes']
Monterojo,Monterojo,541,6.3,56,0,2.7,3,e,[]
Salsa de tapenade con aceitunas negras y tomates secos,Salsa de tapenade con aceitunas negras y tomates secos,300,3.33333333333333,6.66666666666667,30,3.33333333333333,3,d,"['en:fats-and-sauces', 'en:dressings-and-sauces']"
Lyne Clásico endulzado con splenda,Lyne Clásico endulzado con splenda,40.5,3.55,6,0.0003,0.55,4,unknown,[]
,,,,,,,,unknown,[]
Salchicha,,267,15,1.8,22,,,unknown,[]
,,356,0.8,88,0,80,,unknown,[]
acondicionador rizos hidratados,,,,,,,,unknown,[]
protector solar 90,,,,,,,,unknown,[]
natural paradise,,,,,,,,unknown,[]
Mermelada de Fresa,Mermelada de Fresa,100,0.5,43,0,1.4,4,c,"['en:sugary-snacks', 'en:sweets']"
Chocolores,,420,4,73.3333333333333,12.3333333333333,0.333333333333333,,unknown,[]
,,,,,,,,unknown,[]
Tortillas Integrales,Tortillas Integrales,264.516129032258,10,51.6129032258064,4.19354838709677,10,,unknown,[]
te negro chai,,293,10.7,74,4.2,42.4,,unknown,[]
Suero Costeño,Suero Costeño,230,3.66666666666667,6.66666666666667,21,0,,unknown,[]
Tostadas Con Ajo,Tostadas Con Ajo,453.846153846154,10,65.3846153846154,18.0769230769231,5.38461538461539,,unknown,[]
Yogur Tipo Griego cereal,Yogur Tipo Griego cereal,91.6666666666667,6.25,15.8333333333333,0.833333333333333,2.08333333333333,,unknown,[]
,,,,,,,,unknown,[]
Salsa De Tomate,,88.8888888888889,1.11111111111111,20.5555555555556,0,,,unknown,[]
,,,,,,,,unknown,[]
crema de Mani,,635,26,13,55,9,,unknown,[]
Queso blanco 500g,Queso blanco 500g,300,18.6666666666667,2.33333333333333,24,0,,d,"['en:milk-and-dairy-products', 'en:cheese']"
Manitoba mix,Manitoba mix,598,24,19,50,12,4,e,"['en:salty-snacks', 'en:nuts']"
Leche Slight bolsa 900ml,Leche Slight bolsa 900ml,34,3.5,4.9,0,0,4,b,"['en:milk-and-dairy-products', 'en:milk-and-yogurt']"
Café buen día,Café buen día,,,,,,,unknown,[]
Lichee in Syrup,Lichee in Syrup,130,0,15,0,0,3,c,[]
camarón mediano precocido,,,,,,,,unknown,[]
Agua carbonatada con sabor a maracuyá,Agua carbonatada con sabor a maracuyá,0,0,,0,0,4,c,"['en:beverages', 'en:artificially-sweetened-beverages']"
Salsa De Ají Picante,Salsa De Ají Picante,35,0.3,8.2,0,,,unknown,[]
Queso Muenster,,1244.44444444444,74.4444444444443,0,105.555555555556,0,,unknown,[]
Rapiditas Fajitas Y Burritos,Rapiditas Fajitas Y Burritos,300,10,54.7619047619048,6.19047619047619,2.38095238095238,,unknown,[]
Whey Protein,,366.666666666667,86.6666666666667,4,0.366666666666667,0.7,,unknown,[]
Pea Protein Isolate,Proteína Vegana,400,83.3333333333333,0,5,0,,unknown,[]
Salchichón Ahumado,,,,,,,,unknown,[]
,,,,,,,,unknown,[]
Maní Salado,Maní Salado,606.666666666667,27,20.6666666666667,46.6666666666667,29,,unknown,[]
tomates picados pelados,tomates picados pelados,20,1.30769230769231,4.53846153846154,0,1.07692307692308,,unknown,[]
Mostaza,,,,,,,,unknown,[]
,,,,,,,,unknown,[]
Whey Protein,,369.69696969697,78.7878787878788,5.45454545454545,3.63636363636364,,,unknown,[]
Aceite De Coco Virgen,Aceite De Coco Virgen,830,0,0,92,,,unknown,[]
Bianchi Crunchi -mani-caramelo,,522.5,9,55,30,1.5,,unknown,[]
,,,,,,,,unknown,"['en:salty-snacks', 'en:appetizers']"
Formula Enfamil Promental 0-6,Formula Enfamil Promental 0-6,,,,,,,unknown,[]
,Pan de granos andinos,266,9.8,43,6.8,3.1,4,b,"['en:cereals-and-potatoes', 'en:bread']"
Starmix haribo,,342.105263157895,6.84210526315789,78.9473684210526,0,,,unknown,[]
Mayonesa Baja En Grasa,Mayonesa Baja En Grasa,140,0,8,12.6666666666667,0,,unknown,[]
,,,,,,,,unknown,[]
piña en trozos,,,,,,,,unknown,[]
Crunchy Cocoa Hazelnut,,565,17.5,33,45,21,,unknown,[]
Pasta Penne,,353,12,74,1.7,,,unknown,[]
CHORIZO SANTARROSANO,,346.666666666667,44.4444444444444,2.88888888888889,17.5555555555556,0,3,e,"['en:fish-meat-eggs', 'en:processed-meat']"
,,,,,,,,unknown,[]
Milo Nutri Fit,,73,4.1,13,0.5,0.4,,c,"['en:milk-and-dairy-products', 'en:milk-and-yogurt']"
,,,,,,,,unknown,[]
Crakeñas Oliva y Orégano,Crakeñas Oliva y Orégano,454.166666666667,7.91666666666667,75,14.1666666666667,2.91666666666667,4,e,"['en:sugary-snacks', 'en:biscuits-and-cakes']"
Pan Tipo Croissant (Mini),,400,4.44444444444444,48.8888888888889,19.3333333333333,3.11111111111111,,unknown,[]
Biocalcium,,,,,,,,unknown,[]
Yogurt Melocotón Entero Con Trozos De Fruta,Yogurt Melocotón Entero Con Trozos De Fruta,95,2.6,14,3.2,,,unknown,[]
Empanadas Con Carne,Empanadas Con Carne,120,4.8,21.2,1.6,2.8,,unknown,[]
aceite de coco,,,,,,,,unknown,[]
,,392,0,8,40,0,4,c,"['en:fats-and-sauces', 'en:dressings-and-sauces']"
,,,,,,,,unknown,[]
Mayonesa,Mayonesa,266,0.7,7.3,26,,,unknown,[]
,,,,,,,,unknown,[]
Queso Tipo Parmesano,,366,33,0,26,0,,d,"['en:milk-and-dairy-products', 'en:cheese']"
,,,,,,,,not-applicable,[]
Nuggets de Pollo Apanados,Nuggets de Pollo Apanados,210,12,18,9.9,0,3,d,"['en:fish-meat-eggs', 'en:meat', 'en:poultry']"
,,428,12,58,18,5.8,,c,"['en:sugary-snacks', 'en:biscuits-and-cakes']"
Juice Pipeline Punch,,35,0,9,0,,,unknown,[]
Suero Costeño,Suero Costeño,198,5,6.3,17,0,,unknown,[]
Fusilli Pasta,,356.25,11.71875,75,1.71875,3.28125,,unknown,[]
Crema De Mani Crunchy,,535,23.5,30.5,41,19.5,,unknown,[]
Bon o Bon chocolate,Bon o Bon chocolate,,,,,,,unknown,[]
,,,,,,,,unknown,[]
Chocolate orgánico oscuro 65%,Chocolate orgánico oscuro 65%,,,,,,,unknown,[]
Rollin Roll-On,Rollin Roll-On,110,0,0,0,0,4,not-applicable,"['en:sugary-snacks', 'en:sweets']"
BEBETO BERRIES,BEBETO BERRIES,370,3.6,0,0,0,4,d,"['en:sugary-snacks', 'en:sweets']"
desodorante,,,,,,,,unknown,[]
cafe,,,,,,,,unknown,[]
,,,,,,,,unknown,"['en:sugary-snacks', 'en:sweets']"
Pan Huevo Extra Largo,Pan Huevo Extra Largo,305.263157894737,11.0526315789474,51.5789473684211,5.26315789473684,0.526315789473684,,unknown,[]
Fetuccine,,348,13,74,1,4.3,,unknown,[]
,,,,,,,,unknown,[]
,,,,,,,,unknown,[]
Yogurt Deslactosado,Yogurt Deslactosado,65,2.9,8.9,2,0,,unknown,[]
Arroz Blanco,Arroz Blanco,350,76,80,0,23,1,c,"['en:cereals-and-potatoes', 'en:cereals']"
Arepa De Ara minitela,,192,2.6,46,0,1,,unknown,[]
Jugo De Mora,Jugo De Mora,30,0,7.5,0,,,unknown,[]
"Quesito Queso fresca, blanda, semigraso",Quesito,176.666666666667,10,6.66666666666667,12,0,,unknown,[]
Granola De Coco,,360,9.66666666666667,66.6666666666667,8,10.3333333333333,,c,"['en:cereals-and-potatoes', 'en:breakfast-cereals']"
,,,,,,,,unknown,[]
rice raw pulp,,,,,,,,unknown,[]
Kéfir Semidescremado Sin Dulce Sabor Natural,,46,3.6,4.4,1.5,,,unknown,[]
Chocolate 87% Con Miel De Abejas,Chocolate 87% Con Miel De Abejas,600,10,31.2,48,14,,unknown,[]
spaghetti,,,,,,,,unknown,[]
Yogurt Original Pequeño,Yogurt Original Pequeño,77.3333333333333,2.4,12,2.13333333333333,,,c,"['en:milk-and-dairy-products', 'en:milk-and-yogurt']"
,,,,,,,,unknown,[]
Whole Milk,,59,3,4.8,3.1,0,,unknown,[]
,,,,,,,,unknown,[]
Atún Aceite Oliva D1,,242.307692307692,23.0769230769231,0.961538461538462,16.1538461538462,0,,unknown,"['en:fish-meat-eggs', 'en:fish-and-seafood', 'en:fatty-fish']"
,,,,,,,,unknown,[]
Calados,Calados,,,,,,4,unknown,"['en:cereals-and-potatoes', 'en:bread']"
Galletas Con Avena Quinoa Y Chocolate,Galletas Con Avena Quinoa Y Chocolate,473.913043478261,7.82608695652174,69.5652173913043,19.5652173913043,6.52173913043478,4,c,"['en:sugary-snacks', 'en:biscuits-and-cakes']"
,,331,8.7,71,1.6,1.3,4,b,"['en:cereals-and-potatoes', 'en:breakfast-cereals']"
Külfi,Külfi,171.111111111111,2.44444444444444,22.2222222222222,8.22222222222222,0.666666666666667,,unknown,[]
Gel limpiador facial,,,,,,,,unknown,[]
Kythos Queso,Kythos Queso,520,6.66666666666667,63.3333333333333,28,4,,unknown,[]
,,,,,,,,unknown,[]
,,,,,,,,unknown,[]
,,,,,,,,unknown,[]
"White Rice, Long Grain, Arroz Blanco",,348,6.7,80,0.4,1,,unknown,[]
Granola Frutos Rojos,Granola Frutos Rojos,375,9.4,78,2.8,7.2,,unknown,[]
Lomitos De Atun De Agua,Lomitos De Atun De Agua,105,24,1.2,0.5,,,unknown,[]
Kefir,,48,3.9,4.1,1.8,,,unknown,[]
Agua Con Poder,Agua Con Poder,0,0,0,0,0,4,unknown,[]
"Crema Agri, Sour Cream",Crema agria 400g,364,3.6,6.4,36,,,unknown,[]
,,,,,,,,unknown,[]
,,,,,,,,unknown,[]
Leche Entera,,59.5,3,4.85,3.1,0,,unknown,[]
Tostadas De Arroz + Proteína,,369.230769230769,15,76.9230769230769,0.769230769230769,,,unknown,[]
Leche Entera En Polvo,Leche Entera En Polvo,504,25.2,39.2,27.2,,,unknown,[]
Queso Mozarella bloque 450g,,300,29,1,20,,,unknown,[]
,,,,,,,,unknown,[]
Mermelada De Fresa,Mermelada De Fresa,240,0,60,0,1,,unknown,[]
,,,,,,,,unknown,[]
,,,,,,,,unknown,[]
Blondie Macadamia Chocolate negro,Blondie Macadamia Chocolate negro,315,15,35,15,10,4,c,"['en:sugary-snacks', 'en:biscuits-and-cakes']"
Limonada De Panela,Limonada De Panela,44,0,11,0,,,unknown,[]
Soda Frescampo,,,,,,,,unknown,[]
Mirin Fu,,306.666666666667,0,73.3333333333333,0,0,,unknown,[]
,,,,,,,1,b,[]
Mini brownies,,,,,,,,unknown,[]
Papas Onduladas Tomate x105g,,,,,,,,unknown,[]
,,,,,,,3,c,"['en:sugary-snacks', 'en:chocolate-products']"
Galletas,Galletas,469.230769230769,8.07692307692308,69.2307692307692,18.0769230769231,2.30769230769231,,e,"['en:sugary-snacks', 'en:biscuits-and-cakes']"
,,,,,,,,unknown,[]
alpinito,,,,,,,,unknown,[]
Arándanos,Arándanos,363.333333333333,0,90,1.66666666666667,,,unknown,[]
Gatorlit Recover,,12.5,0,3.1,0,,,c,"['en:beverages', 'en:artificially-sweetened-beverages']"
Yogurt Sin dulce,,94,6.4,5.1,5.6,1.2,,unknown,[]
Queso Colby Jack,,423,23,4,35,0,,unknown,[]
Passata,,22.2222222222222,1.74603174603175,3.96825396825397,0,1.26984126984127,,unknown,[]
shampoo,,,,,,,,unknown,[]
White rice,,338,7.7,78,0.7,5.5,,unknown,[]
"Bread Crumbs, Miga De Pan",,410,13,74,7.9,4.6,,unknown,[]
aceite canola,,,,,,,,unknown,[]
Avena Molida,Avena Molida,392,14,68,9.6,10.4,,unknown,[]
,,22,3,1.5,0,1.5,4,e,[]
,,,,,,,,unknown,[]
Tostitos,,,,,,,,unknown,[]
Quicksy,,,,,,,,unknown,[]
Los Campanos Coastal Buttermilk,Suero Costeño Los Campanos,112,4.4,10,6,0,4,c,"['en:milk-and-dairy-products', 'en:cheese']"
,,,1,,,,,unknown,[]
"Ramen, Pollo",,452.941176470588,9.76470588235294,64.7058823529412,17.6470588235294,,,unknown,[]
Cacao en polvo,,,,,,,,unknown,[]
Galletas Tosh yogurt y fresa,Galletas Tosh yogurt y fresa,431.451612903226,6.45161290322581,72.5806451612903,17.741935483871,6.45161290322581,4,unknown,"['en:sugary-snacks', 'en:biscuits-and-cakes']"
,,,,,,,4,not-applicable,[]
Mix Chocolate,Mix Chocolate,528,20,40,32,0.45,4,c,"['en:salty-snacks', 'en:nuts']"
Chocolate 70% con Uchuva,Chocolate 70% con Uchuva,528,5.2,,35.2,,,d,"['en:sugary-snacks', 'en:chocolate-products']"
Dayamineral,,,,,,,,unknown,[]
,,,,,,,,unknown,[]
,,,,,,,,unknown,[]
,,,,,,,,unknown,[]
Lecha Alqueria Deslactosada,,46.5,3.25,4.65,1.65,0,,unknown,[]
sundark,,,,,,,,unknown,[]
,,,,,,,,unknown,[]
,,,,,,,,unknown,[]
Mantequilla,Mantequilla,885.714285714286,0,0,98.5714285714286,0,,unknown,[]
,,,,,,,,unknown,[]
,,,,,,,,unknown,[]
,,,,,,,,unknown,[]
,,,,,,,,unknown,[]
,,,,,,,,unknown,[]
,JUGO NARANJA SOLEI,,,,,,,unknown,[]
,,,,,,,,not-applicable,['en:alcoholic-beverages']
,,2,0,0,0,1,4,c,"['en:beverages', 'en:artificially-sweetened-beverages']"
,,,,,,,,unknown,[]
,,,,,,,,unknown,[]
,,,,,,,,unknown,[]
Bone Broth Powder Capuccino,,372,64,24,4,8,,unknown,[]
,,,,,,,,unknown,[]
Maizitos,,,,,,,,unknown,[]
,,,,,,,,unknown,[]
,,,,,,,,unknown,[]
,,,,,,,,unknown,[]
,,,,,,,,unknown,[]
Salchicha Super Perro,Salchicha Super Perro,220,13,3.1,17,,,unknown,[]
Pan Blanco Tajado,Pan Blanco Tajado,251.851851851852,10,51.8518518518519,1.11111111111111,2.22222222222222,,unknown,[]
Aceite De Oliva,,830,0,0,92,,,unknown,[]
,,828,0,,92,,,c,"['en:fats-and-sauces', 'en:fats']"
,Yucarina Maizena,,,,,,,unknown,[]
Sour Glow Worms,,331.818181818182,0,77.2727272727273,0,0,,unknown,[]
,,,,,,,,unknown,[]
,,,,,,,,unknown,[]
mostaza,,,,,,,,unknown,[]
Whey Protein,,366.666666666667,86.6666666666667,4.33333333333333,0.333333333333333,0.633333333333333,,unknown,[]
Grano entero de Quinua,Grano entero de Quinua,328,15,66,4,16,,unknown,[]
Pan Hamburguesa Con Ajonjolí,,270,11,55,1.75,4.75,,unknown,[]
Endulzante,,,,,,,,unknown,[]
Miel,Miel,433.333333333333,10,,10,3.33333333333333,4,d,"['en:salty-snacks', 'en:appetizers']"
Leche UHT Deslactosada,Leche UHT Deslactosada,45.8333333333333,2.91666666666667,4.58333333333333,1.66666666666667,1.25,4,b,"['en:milk-and-dairy-products', 'en:milk-and-yogurt']"
Leche Entera,Leche Entera,65,3,5,3.5,0,4,c,"['en:milk-and-dairy-products', 'en:milk-and-yogurt']"
Club Social Integral Tradicional,Club Social Integral Tradicional,440,6,63,18,2,3,e,"['en:sugary-snacks', 'en:biscuits-and-cakes']"
Tostadas Multicereal,Tostadas Multicereal,384.615384615385,7.69230769230769,84.6153846153846,0,7.69230769230769,3,b,"['en:cereals-and-potatoes', 'en:cereals']"
Chocolisto,Chocolisto,400.75,5,85,0,0,4,e,"['en:beverages', 'en:sweetened-beverages']"
Chocolate con leche,Chocolate con leche,,,,,,,unknown,"['en:sugary-snacks', 'en:chocolate-products']"
Uva Postobón,Uva Postobón,0,0,0,0,,,b,"['en:beverages', 'en:sweetened-beverages']"
Parmesano,Parmesano,450,32.7777777777778,0.555555555555556,35,0,4,d,"['en:milk-and-dairy-products', 'en:cheese']"
Esparcible 100% Vegetal con Sal. Rico Sabor a Mantequilla,Esparcible 100% Vegetal con Sal. Rico Sabor a Mantequilla,500,0,0,57.1428571428571,0,4,d,"['en:salty-snacks', 'en:salty-and-fatty-products']"
Creamy Mash Peanut Butter,Creamy Mash Peanut Butter,666.666666666667,26.6666666666667,23.3333333333333,50,3.33333333333333,,d,"['en:sugary-snacks', 'en:sweets']"
Nescafé Fina selección,Nescafé Fina selección,,,,,,,unknown,[]
Milo X 250 GR,Milo X 250 GR,80,4.6,14,0.8,0.5,,unknown,[]
Tosh Fusion de Cereales,Tosh Fusion de Cereales,421.052631578947,7.01754385964912,66.6666666666667,14.0350877192982,3.50877192982456,4,e,"['en:sugary-snacks', 'en:biscuits-and-cakes']"
Crachos Tortillas de Harina,Crachos Tortillas de Harina,,,,,,4,unknown,"['en:cereals-and-potatoes', 'en:cereals']"
Yox con Defensis Fresa,Yox con Defensis Fresa,90,3,16,2,0,4,e,"['en:beverages', 'en:sweetened-beverages']"
Natri Stevia,Natri Stevia,,,,,,4,not-applicable,[]
HIT MANGO,HIT MANGO,92,0,23,0,1,4,unknown,[]
Fruco Salsa de Tomate,Fruco Salsa de Tomate,106.666666666667,1.33333333333333,24.6666666666667,0,0.666666666666667,4,e,"['en:fats-and-sauces', 'en:dressings-and-sauces']"
Kola Granulada Tarrito Rojo,Kola Granulada Tarrito Rojo,,,,,,4,unknown,[]
Campi Sal,Campi Sal,520,0,0,58,0,2,d,"['en:salty-snacks', 'en:salty-and-fatty-products']"
Tosh Granola Crunchy Chocolate,Tosh Granola Crunchy Chocolate,453.333333333333,8.33333333333333,70,16.3333333333333,6.33333333333333,4,e,"['en:cereals-and-potatoes', 'en:breakfast-cereals']"
Crema de Cacao Duo,Crema de Cacao Duo,565,1.5,61.5,34.5,1,4,e,"['en:sugary-snacks', 'en:sweets']"
Finesse Queso Crema,Finesse Queso Crema,133.333333333333,6.66666666666667,6.66666666666667,10,0,,d,"['en:salty-snacks', 'en:salty-and-fatty-products']"
Mini Chips,Mini Chips,,5.71428571428571,68.5714285714286,20,0,4,e,"['en:sugary-snacks', 'en:biscuits-and-cakes']"
Don Pancho Hojuelas,Don Pancho Hojuelas,358.333333333333,12.5,66.6666666666667,7.5,12.9166666666667,,a,"['en:cereals-and-potatoes', 'en:cereals']"
Tosh Barra de Cereal Chocolate,Tosh Barra de Cereal Chocolate,391.304347826087,8.69565217391304,65.2173913043478,15.2173913043478,17.3913043478261,4,c,"['en:sugary-snacks', 'en:biscuits-and-cakes']"
MiniChips,,485.714285714286,5.71428571428571,68.5714285714286,20,2.85714285714286,,e,"['en:sugary-snacks', 'en:biscuits-and-cakes']"
Zumo hit de mora,Hit de mora,33.3333333333333,0,7.91666666666667,0,0,,d,[]
Cremosino,Cremosino,247,7,3,23,,4,d,"['en:salty-snacks', 'en:salty-and-fatty-products']"
Barras de Cereal Fit-Graan,Barras de Cereal Fit-Graan,434.782608695652,4.34782608695652,73.9130434782609,10.8695652173913,8.69565217391304,4,c,"['en:sugary-snacks', 'en:biscuits-and-cakes']"
Pan Blanco Familiar,Pan Blanco Familiar,269.230769230769,9.61538461538461,50,2.88461538461538,5.76923076923077,4,b,"['en:sugary-snacks', 'en:pastries']"
Yogurt Griego Sabor Natural,Yogurt Griego Sabor Natural,80,6.66666666666667,3.33333333333333,4.66666666666667,0,4,b,"['en:milk-and-dairy-products', 'en:milk-and-yogurt']"
Dux Integral,Dux Integral,478,8.5,71,18,4.2,4,d,"['en:salty-snacks', 'en:appetizers']"
Mezcla Vegetal con Granos Ancestrales,Mezcla Vegetal con Granos Ancestrales,230,7,27,11,7,3,b,"['en:cereals-and-potatoes', 'en:cereals']"
Aceite de coco,,,,,,,,unknown,"['en:fats-and-sauces', 'en:fats']"
Chocoso,Chocoso,438.461538461538,5.07692307692308,55.3846153846154,23.0769230769231,5.07692307692308,4,e,[]
Zucaritas,Zucaritas,330,3,81,0,3,3,unknown,"['en:cereals-and-potatoes', 'en:breakfast-cereals']"
Choco Lyne Endulzado con Splenda,Choco Lyne Endulzado con Splenda,,,,,,,unknown,[]
Vita Latti Yogur Descremado Light Fresa,Vita Latti Yogur Descremado Light Fresa,35,3,4.5,0,0,4,c,"['en:beverages', 'en:artificially-sweetened-beverages']"
Mantequilla Con Sal,Mantequilla Con Sal,733.333333333333,0,6.66666666666667,80,0,2,e,"['en:fats-and-sauces', 'en:fats']"
pan integral con pasas,pan integral con pasas,130,4,21,3,5,4,a,"['en:cereals-and-potatoes', 'en:bread']"
Ducales,Ducales,474,8.1,70,18,2.1,4,e,"['en:salty-snacks', 'en:appetizers']"
Kola Granulada Tarrito Rojo Tradicional,Kola Granulada Tarrito Rojo Tradicional,,,,,,4,unknown,[]
Saltín Noel Integral,Saltín Noel Integral,451.612903225806,10.3225806451613,69.0322580645161,14.6774193548387,7.09677419354839,4,d,"['en:sugary-snacks', 'en:biscuits-and-cakes']"
Cereal de Maíz y Quinua Sabor Miel,Cereal de Maíz y Quinua Sabor Miel,383.333333333333,6.66666666666667,86.6666666666667,0,3.33333333333333,4,d,"['en:cereals-and-potatoes', 'en:breakfast-cereals']"
Maní Salado con Sal Marina,Maní Salado con Sal Marina,633.333333333333,26.6666666666667,20,50,10,3,a,"['en:salty-snacks', 'en:nuts']"
Chicharrón Americano Jacks,,500,60,0,30,10,,e,[]
Leche,Leche,45,3,5,1.5,0,4,b,"['en:milk-and-dairy-products', 'en:milk-and-yogurt']"
Chicharrón Carnudo Americano Familiar,Chicharrón Carnudo Americano Familiar,500,70,0,25,0,3,e,[]
Tradición 1915 Mermelada de Frutos Amarillos,Tradición 1915 Mermelada de Frutos Amarillos,233.333333333333,0,60,0,0,4,d,"['en:sugary-snacks', 'en:sweets']"
Yogurt Griego Alpina Doble Proteína,Yogurt Griego Alpina Doble Proteína,80,6.66666666666667,3.33333333333333,4.66666666666667,0,4,b,"['en:milk-and-dairy-products', 'en:milk-and-yogurt']"
Pietran Veggie Burger,Pietran Veggie Burger,165.555555555556,18.8888888888889,8.11111111111111,7,1.33333333333333,4,b,"['en:composite-foods', 'en:sandwiches']"
Milo,Milo,72.2222222222222,3.27777777777778,11.6666666666667,1.83333333333333,1.38888888888889,,unknown,"['en:milk-and-dairy-products', 'en:milk-and-yogurt']"
Yogurt Griego Coco,Yogurt Griego Coco,116.666666666667,6.66666666666667,10.8333333333333,5.83333333333333,0,3,c,"['en:milk-and-dairy-products', 'en:milk-and-yogurt']"
Whole Milk,,61,3.2,4.8,3.2,,,unknown,[]
,,,,,,,,unknown,[]
Avena en Hojuelas Original,Avena en Hojuelas Original,341.666666666667,12.0833333333333,66.6666666666667,6.25,14.1666666666667,,unknown,"['en:cereals-and-potatoes', 'en:cereals']"
Bebida de almendras GÜD Sin azúcar,Bebida de almendras GÜD Sin azúcar,15,0.5,0.5,1,0,4,b,"['en:beverages', 'en:plant-based-milk-substitutes']"
Mani Limon Pimienta,Mani Limon Pimienta,633.333333333333,23.3333333333333,20,50,6.66666666666667,4,d,"['en:salty-snacks', 'en:nuts']"
H2OH! Limonata,H2OH! Limonata,0,0,0,0,0,4,c,"['en:beverages', 'en:sweetened-beverages']"
Rama con Sal,Rama con Sal,571.428571428571,0,0,64.2857142857143,0,4,d,"['en:salty-snacks', 'en:salty-and-fatty-products']"
Avena en Hojuelas,Avena en Hojuelas,366.666666666667,13.3333333333333,70,6.66666666666667,10,,a,"['en:cereals-and-potatoes', 'en:breakfast-cereals']"
Almendras,Almendras,,,,,,1,a,"['en:salty-snacks', 'en:nuts']"
Peanut Crunchy,Peanut Crunchy,666.666666666667,26.6666666666667,13.3333333333333,56.6666666666667,10,4,c,"['en:cereals-and-potatoes', 'en:legumes']"
Rama con Aceite de Oliva Extra Virgen,Rama con Aceite de Oliva Extra Virgen,500,0,0,57.1428571428571,0,4,d,"['en:salty-snacks', 'en:salty-and-fatty-products']"
Pan Tajado Integral,Pan Tajado Integral,297.297297297297,8.10810810810811,54.0540540540541,4.05405405405405,5.40540540540541,4,b,"['en:cereals-and-potatoes', 'en:bread']"
queso crema,,,,,,,,unknown,[]
Turrones de Granola,Turrones de Granola,520,20,40,32,16,4,c,"['en:sugary-snacks', 'en:biscuits-and-cakes']"
Crackers 4 cereales - Fusión de Cereales,Crackers 4 cereales - Fusión de Cereales,445,8.9,76,13,5.8,4,d,"['en:sugary-snacks', 'en:biscuits-and-cakes']"
Milo x 500 gr,Milo x 500 gr,80,4.57142857142857,13.8095238095238,0.80952380952381,0.523809523809524,4,unknown,"['en:milk-and-dairy-products', 'en:milk-and-yogurt']"
Alpinito,Alpinito,155.555555555556,6.66666666666667,22.2222222222222,4.44444444444444,0,4,c,"['en:milk-and-dairy-products', 'en:dairy-desserts']"
Milo,Milo,400,12,72,8,,,unknown,[]
RITZ Sandwitch sabor a Queso,RITZ Sandwitch sabor a Queso,500,5.88235294117647,61.7647058823529,23.5294117647059,0,4,e,"['en:sugary-snacks', 'en:biscuits-and-cakes']"
Yogurt Griego Maracuyá,Yogurt Griego Maracuyá,73.3333333333333,6,12.6666666666667,0,0,4,b,"['en:milk-and-dairy-products', 'en:milk-and-yogurt']"
Jet Burbujas,Jet Burbujas,66,1.2,8.1,3.2,0,4,c,"['en:sugary-snacks', 'en:sweets']"
spaghetti,spaghetti,337.5,12.5,76.25,0,3.75,1,a,"['en:cereals-and-potatoes', 'en:cereals']"
Tostadas con ajo,Tostadas con ajo,466.666666666667,10,73.3333333333333,15,6.66666666666667,4,d,"['en:cereals-and-potatoes', 'en:bread']"
Pietrán Veggie Bites,Pietrán Veggie Bites,200,20,10,10,0,3,d,[]
Corona Cocoa Superior,Corona Cocoa Superior,,,,,,,unknown,[]
,,480,8,72,16,8,4,e,"['en:sugary-snacks', 'en:biscuits-and-cakes']"
Barquillos con Crema de Chocolate,Barquillos con Crema de Chocolate,333.333333333333,3.33333333333333,46.6666666666667,13.3333333333333,3.33333333333333,4,d,"['en:sugary-snacks', 'en:biscuits-and-cakes']"
Jet Crema,Jet Crema,536,6.7,54,33.5,0,4,e,"['en:sugary-snacks', 'en:sweets']"
Fruco Mayonesa,Fruco Mayonesa,300,0,6.66666666666667,30,0,,d,"['en:fats-and-sauces', 'en:dressings-and-sauces']"
Nature's Heart Organic Raw Cacao Powder,Nature's Heart Organic Raw Cacao Powder,440,24,56,12,4,1,unknown,[]
SAL MARINA REFISAL,SAL MARINA REFISAL,,,,,,,not-applicable,[]
La Especial Mani con Sal,La Especial Mani con Sal,600,23.3333333333333,20,50,6.66666666666667,4,c,"['en:salty-snacks', 'en:nuts']"
Tortillas con Chía Y Quinua,Tortillas con Chía Y Quinua,20,4,4,9,4,,unknown,"['en:cereals-and-potatoes', 'en:bread']"
Finesse Yogurt con Probióticos Fresa,Finesse Yogurt con Probióticos Fresa,45,3,8,0,,4,a,"['en:milk-and-dairy-products', 'en:milk-and-yogurt']"
Hatsu Soda Uva blanca y Romero,Hatsu Soda Uva blanca y Romero,5,0.2,1.3,0,,4,c,"['en:beverages', 'en:artificially-sweetened-beverages']"
Cookies and Cream Oreo,Cookies and Cream Oreo,472.222222222222,2.77777777777778,72.2222222222222,19.4444444444444,2.77777777777778,,e,"['en:sugary-snacks', 'en:biscuits-and-cakes']"
Zev Vinagreta Light,Zev Vinagreta Light,166.666666666667,0,13.3333333333333,10,,4,e,"['en:fats-and-sauces', 'en:dressings-and-sauces']"
Aderezos Salsa de Soya,Aderezos Salsa de Soya,,,,,,4,unknown,"['en:fats-and-sauces', 'en:dressings-and-sauces']"
Don Olio Esparcible a Base de Canola,Don Olio Esparcible a Base de Canola,,,,,,2,unknown,"['en:fats-and-sauces', 'en:fats', 'en:vegetable-margarines']"
"Bebida con Té Helado Mangostino, Piña & Menta Verde","Bebida con Té Helado Mangostino, Piña & Menta Verde",0,0,0,0,0,4,c,"['en:beverages', 'en:artificially-sweetened-beverages']"
Aceite Premier,Aceite Premier,800,0,0,90,0,2,c,"['en:fats-and-sauces', 'en:fats']"
Tosh Fresa,Tosh Fresa,391.304347826087,8.69565217391304,65.2173913043478,10.8695652173913,17.3913043478261,4,b,"['en:sugary-snacks', 'en:biscuits-and-cakes']"
Harina de maíz blanca,Harina de maíz blanca,371.428571428571,8.57142857142857,80,2.85714285714286,8.57142857142857,1,a,"['en:cereals-and-potatoes', 'en:cereals']"
Yogur original,Yogur original,110,4,19,2.5,0,4,unknown,"['en:milk-and-dairy-products', 'en:milk-and-yogurt']"
Galleta multicereal,Galleta multicereal,420,7,66.5,14,3.5,,unknown,"['en:sugary-snacks', 'en:biscuits-and-cakes']"
Mezcla salada,Mezcla salada,520,20.6666666666667,40,33.3333333333333,11,4,e,"['en:salty-snacks', 'en:nuts']"
,,,,,,,,unknown,[]
Energy Amper,,,,,,,,unknown,[]
Pasta,Pasta,348,13,74,1,4.3,,a,"['en:cereals-and-potatoes', 'en:cereals']"
Ramen sabor a Pollo,Ramen sabor a Pollo,435.294117647059,9.52941176470588,,15.2941176470588,2.47058823529412,4,unknown,"['en:cereals-and-potatoes', 'en:cereals']"
,Maizitos Tomate,549,6,57,33,6.8,,c,"['en:salty-snacks', 'en:appetizers']"
TrociPollo,TrociPollo,500,10,18,26.666666666667,6.6666666666667,4,d,[]
Planters Mantequilla de Maní Cremosa,Planters Mantequilla de Maní Cremosa,562.5,21.875,25,46.875,6.25,,c,"['en:cereals-and-potatoes', 'en:legumes']"
Choclitos Limon,Choclitos Limon,483,3.4,55,31,,4,e,"['en:salty-snacks', 'en:appetizers']"
Club Social Integral Tradicional,Club Social Integral Tradicional,423.076923076923,7.69230769230769,65.3846153846154,15.3846153846154,0,3,e,"['en:sugary-snacks', 'en:biscuits-and-cakes']"
Saltín Noel Tradicional,Saltín Noel Tradicional,433.333333333333,10,80,6.66666666666667,3.33333333333333,4,d,"['en:sugary-snacks', 'en:biscuits-and-cakes']"
Tostacos picante,Tostacos picante,520,8,68,24,4,3,e,"['en:salty-snacks', 'en:appetizers']"
Aceite de Oliva Campiña del Olivar,Aceite de Oliva Campiña del Olivar,800,0,0,90,,2,b,"['en:fats-and-sauces', 'en:fats']"
Nuthos Mezcla Salada,Nuthos Mezcla Salada,566.666666666667,23.3333333333333,40,33.3333333333333,10,4,d,"['en:salty-snacks', 'en:nuts']"
,,62.4,3.68,8.8,2.08,3.28,,unknown,[]
Arroz blanco,Arroz blanco,360,8,80,0,4,,unknown,"['en:cereals-and-potatoes', 'en:cereals']"
,,,,,,,,unknown,[]
,Pan De Mesa Artesano,267.692307692308,10,50.7692307692308,3.23076923076923,2,,unknown,[]
Pan integral,Pan integral,285.714285714286,9.52380952380952,54.7619047619048,3.57142857142857,7.14285714285714,4,c,"['en:cereals-and-potatoes', 'en:bread']"
Yogurt Griego,Yogurt Griego,75,9,5,2,,4,a,"['en:milk-and-dairy-products', 'en:milk-and-yogurt']"
Té Azul Con Granada Y Mora Azul,Té Azul Con Granada Y Mora Azul,0,0,0.416666666666667,0,0,,b,"['en:beverages', 'en:unsweetened-beverages']"
Colcafé Clásico,Colcafé Clásico,,,,,,,unknown,[]
Multigranos Integral Pan Tajado Integral Sabor a Mantequilla,Multigranos Integral Pan Tajado Integral Sabor a Mantequilla,256.25,8.75,40.625,5,6.5625,4,a,"['en:cereals-and-potatoes', 'en:bread']"
Crokan,Crokan,360,6,51,135,6,,d,"['en:sugary-snacks', 'en:biscuits-and-cakes']"
Gudiz,Gudiz,357.142857142857,3.57142857142857,89.2857142857143,0,3.57142857142857,4,d,[]
Mermelada Mora,Mermelada Mora,266.666666666667,0,66.6666666666667,0,0,4,d,"['en:sugary-snacks', 'en:sweets']"
Salsa Mayo con Mostaza,Salsa Mayo con Mostaza,466.666666666667,0,6.66666666666667,46.6666666666667,0,4,e,"['en:fats-and-sauces', 'en:dressings-and-sauces']"
La Especial Tradicional,La Especial Tradicional,419.354838709677,3.2258064516129,80.6451612903226,12.9032258064516,6.45161290322581,4,e,"['en:beverages', 'en:sweetened-beverages']"
Atún en agua,,115.384615384615,25,0,0.961538461538462,0,,a,"['en:fish-meat-eggs', 'en:fish-and-seafood', 'en:fatty-fish']"
Margarita Natural,Margarita Natural,,,,,,3,unknown,"['en:cereals-and-potatoes', 'en:potatoes']"
Leche Descremada Deslactosada 0% Grasa,Leche Descremada Deslactosada 0% Grasa,29.1666666666667,2.91666666666667,5,0,0,4,b,"['en:milk-and-dairy-products', 'en:milk-and-yogurt']"
Yogo Yogo Fresa,Yogo Yogo Fresa,66.6666666666667,2,11.3333333333333,1.33333333333333,0,4,b,"['en:milk-and-dairy-products', 'en:milk-and-yogurt']"
Natri Topping Mediterráneo,Natri Topping Mediterráneo,633.333333333333,26.6666666666667,23.3333333333333,46.6666666666667,13.3333333333333,4,d,[]
Mani Moto,,108,10,9,3.5,0,,e,"['en:salty-snacks', 'en:nuts']"
Vinagre Blanco,Al' Fresco Vinagre Blanco,0,0,0,0,0,,not-applicable,"['en:fats-and-sauces', 'en:dressings-and-sauces']"
Nutrepro,Nutrepro,420,16,62,12,2,4,d,[]
Meel,Meel,333.333333333333,0,80,0,,2,e,"['en:sugary-snacks', 'en:sweets']"
Mayonesa,Mayonesa,110,0,0,12,0,4,unknown,"['en:fats-and-sauces', 'en:dressings-and-sauces']"
Zanara Avena hojuelas con quinoa y arroz soplado,,377.777777777778,13.3333333333333,66.6666666666667,11.1111111111111,11.1111111111111,,unknown,"['en:cereals-and-potatoes', 'en:breakfast-cereals']"
Aceite de oliva,,,,,,,2,unknown,"['en:fats-and-sauces', 'en:fats']"
Salsa de Tomate,Salsa de Tomate,20,20,5,0,0,4,a,"['en:fats-and-sauces', 'en:dressings-and-sauces']"
Yogo Yogo Melocotón,Yogo Yogo Melocotón,66.6666666666667,2,11.3333333333333,1.33333333333333,0,4,e,"['en:beverages', 'en:sweetened-beverages']"
Brisa Manzana,Brisa Manzana,0,0,0,0,0,4,c,"['en:beverages', 'en:artificially-sweetened-beverages']"
Cooltivo,Cooltivo,,,,,,,unknown,[]
Queso Mozzarella en Tajadas,Queso Mozzarella en Tajadas,240,20,4,20,0,,d,"['en:milk-and-dairy-products', 'en:cheese']"
Hatsu soda,,10,0,3,0,,,c,"['en:beverages', 'en:sweetened-beverages']"
Fuze Tea,Fuze Tea,0,0,0,0,0,4,c,"['en:beverages', 'en:teas-and-herbal-teas-and-coffees']"
,,,,,,,,unknown,[]
Natri Expandidos de Maíz y Quinoa Sabor a Finas Hierbas,Natri Expandidos de Maíz y Quinoa Sabor a Finas Hierbas,505.882352941176,8.82352941176471,64.7058823529412,23.5294117647059,1.17647058823529,4,d,[]
Aceite de Oliva 100% Virgen Extra,Aceite de Oliva 100% Virgen Extra,822,0,0,91,0,,b,"['en:fats-and-sauces', 'en:fats']"
Parfait Yogurt Griego + Granola,Parfait Yogurt Griego + Granola,131,4.4,19,4.5,1.6,4,c,"['en:milk-and-dairy-products', 'en:milk-and-yogurt']"
,,,,,,,,unknown,"['en:cereals-and-potatoes', 'en:cereals']"
Saviloe,,31,0,10,0,3,4,b,[]
,,,,,,,,unknown,"['en:milk-and-dairy-products', 'en:milk-and-yogurt']"
Nachos,Nachos,,,,,,,unknown,"['en:salty-snacks', 'en:appetizers']"
,,,,,,,,,
,,,,,,,,,
,,,,,,,,unknown,[]
Avena Hojuelas Premium Sin gluten - Toning - Toning - Toning - Toning - Toning - Toning - Toning - Toning - Toning - Toning - Toning - Toning - Toning - Toning - Toning - Toning,,362.5,12.9166666666667,70.8333333333333,5.41666666666667,12.0833333333333,,unknown,[]
kedeli gelatina,kedeli gelatina,,7,0,0,,4,not-applicable,[]
Leche entera,,59,2.9,4.6,2.9,,,c,"['en:milk-and-dairy-products', 'en:milk-and-yogurt']"
Latti Leche Descremada 0 Grasa,Latti Leche Descremada 0 Grasa,34,3.2,4.85,0.2,0,4,b,"['en:milk-and-dairy-products', 'en:milk-and-yogurt']"
Leche descremada deslactosada,Leche descremada deslactosada,47,3,4.8,1.7,0,,b,"['en:milk-and-dairy-products', 'en:milk-and-yogurt']"
Chocolatina Jet,Chocolatina Jet,540,0,,36,0,4,e,"['en:sugary-snacks', 'en:biscuits-and-cakes']"
Jumbo,Jumbo,,,,,,4,unknown,"['en:salty-snacks', 'en:nuts']"
Popetas,Popetas,533.333333333333,10,56.6666666666667,30,6.66666666666667,4,e,[]
Tosh Barras Yogurt Griego Frutos Rojos,Tosh Barras Yogurt Griego Frutos Rojos,1646.09053497943,68.5871056241426,233.196159122085,68.5871056241426,41.1522633744856,4,e,"['en:sugary-snacks', 'en:biscuits-and-cakes']"
Arveja con Zanahoria,Arveja con Zanahoria,69.2307692307692,4.61538461538461,11.5384615384615,0.384615384615385,6.92307692307692,4,a,"['en:fruits-and-vegetables', 'en:vegetables']"
Jamoneta Zenu,Jamoneta Zenu,,,,,,,unknown,[]
Fitness,Fitness,263.333333333333,10.3333333333333,51,2.33333333333333,28.3333333333333,4,a,"['en:cereals-and-potatoes', 'en:breakfast-cereals']"
Harina de Maíz Amarillo Extrafina,Harina de Maíz Amarillo Extrafina,342.857142857143,19.7142857142857,77.1428571428571,2.85714285714286,5.71428571428571,1,a,"['en:cereals-and-potatoes', 'en:cereals']"
Jugo hit,Jugo hit,,,,,,,unknown,[]
Yogo Yogo Melocotón,Yogo Yogo Melocotón,65,2,11.5,1.25,0,4,e,"['en:beverages', 'en:sweetened-beverages']"
Chocoso Mini,Chocoso Mini,450,5,55,20,5,4,e,"['en:sugary-snacks', 'en:biscuits-and-cakes']"
Cafe Sello Rojo,,100,0,20,0,,,unknown,"['en:beverages', 'en:teas-and-herbal-teas-and-coffees']"
Festival Vainilla,Festival Vainilla,446.428571428571,2.97619047619048,71.4285714285714,14.8809523809524,0,4,e,"['en:sugary-snacks', 'en:biscuits-and-cakes']"
Nissin Ramen sabor a Carne,Nissin Ramen sabor a Carne,451.764705882353,9.64705882352941,,17.6470588235294,1.88235294117647,4,unknown,"['en:cereals-and-potatoes', 'en:cereals']"
PAN Mezcla para Preparar Arepas de Choclo,PAN Mezcla para Preparar Arepas de Choclo,366.666666666667,6.66666666666667,83.3333333333333,0,6.66666666666667,4,c,"['en:cereals-and-potatoes', 'en:bread']"
Mermelada de Frutos del Bosque,Mermelada de Frutos del Bosque,200,0,50,0,0,4,d,"['en:sugary-snacks', 'en:sweets']"
Avena Original,Avena Original,66.666666666667,1.9047619047619,10.952380952381,1.9047619047619,0.47619047619048,4,e,"['en:beverages', 'en:plant-based-milk-substitutes']"
Pan integral,,266,11,50,2.8,3.4,,unknown,[]
Yogurt Griego Arándanos,Yogurt Griego Arándanos,106.666666666667,6,10.6666666666667,4.66666666666667,0,4,c,"['en:milk-and-dairy-products', 'en:milk-and-yogurt']"
Güd Original,Güd Original,25,0.5,3.5,1,0,4,c,"['en:beverages', 'en:unsweetened-beverages']"
Miel de Abeja Apis Mellifera,Miel de Abeja Apis Mellifera,300,0,80,0,0,2,d,"['en:sugary-snacks', 'en:sweets']"
Galleta de avena con pasad,Galleta de avena con pasad,461.53846153846,7.6923076923077,69.230769230769,17.307692307692,7.6923076923077,,d,"['en:sugary-snacks', 'en:biscuits-and-cakes']"
Atún en Agua Light en Sodio,Atún en Agua Light en Sodio,115.384615384615,25,0,0.961538461538462,0,1,a,"['en:fish-meat-eggs', 'en:fish-and-seafood', 'en:fatty-fish']"
Ajinomen Sabor Costilla de Res,Ajinomen Sabor Costilla de Res,,,,,,4,c,"['en:cereals-and-potatoes', 'en:cereals']"
,,,,,,,2,unknown,"['en:fats-and-sauces', 'en:fats']"
,,,,,,,,unknown,[]
,Yogurt Light,35,2.5,6.5,0,0,4,c,"['en:beverages', 'en:artificially-sweetened-beverages']"
Chocolate Corona Delicatto,Chocolate Corona Delicatto,571.428571428571,7.14285714285714,71.4285714285714,25,7.14285714285714,4,e,"['en:sugary-snacks', 'en:biscuits-and-cakes']"
Quatro Toronja,Quatro Toronja,0.0291666666666667,0,7.5,0,0,4,e,"['en:beverages', 'en:artificially-sweetened-beverages']"
Tosh Triangulitos de Arroz con Tomates Secos y Parmesano,Tosh Triangulitos de Arroz con Tomates Secos y Parmesano,500,6.66666666666667,63.3333333333333,23.3333333333333,3.33333333333333,,d,[]
Corn Flakes,Corn Flakes,374,6,88,0.8,4.6,3,c,"['en:cereals-and-potatoes', 'en:breakfast-cereals']"
Choco Lyne,Choco Lyne,500,0,50,33.3333333333333,0,4,e,"['en:sugary-snacks', 'en:chocolate-products']"
Dark Chocolate 70%,Barra de chocolate oscuro,80,,6,6,1,4,a,[]
Vinagreta de mostaza,Vinagreta de mostaza,20,0,0,10,0,4,b,"['en:fats-and-sauces', 'en:dressings-and-sauces']"
De Todito Mañanita Delicias Horneadas,De Todito Mañanita Delicias Horneadas,425,15,65,15,5,4,e,[]
Garbanzo,Garbanzo,,,,,,,unknown,"['en:cereals-and-potatoes', 'en:legumes']"
Papas Pimientas Potato Chips & Pepper Mix,Papas Pimientas Potato Chips & Pepper Mix,520,8,56,32,4,,e,"['en:salty-snacks', 'en:appetizers']"
Halls,Halls,12,0,3,0,,4,unknown,"['en:sugary-snacks', 'en:sweets']"
Salchicha Viena de Pollo,Salchicha Viena de Pollo,140,10,8,8,2,,d,"['en:fish-meat-eggs', 'en:meat', 'en:poultry']"
Yogurt,Yogurt,80,2.66666666666667,12.6666666666667,2,0,4,e,"['en:beverages', 'en:sweetened-beverages']"
Frutiño Frutos Rojos,Frutiño Frutos Rojos,375,12.5,75,0,0,4,e,[]
Fruco Mayonesa Light,Fruco Mayonesa Light,166.666666666667,0,6.66666666666667,16.6666666666667,0,4,d,"['en:fats-and-sauces', 'en:dressings-and-sauces']"
"Tosh Estilo Artesanal Galletas de Arroz, Chía, Quinua, Chocolate y Almendras","Tosh Estilo Artesanal Galletas de Arroz, Chía, Quinua, Chocolate y Almendras",461.538461538462,3.84615384615385,65.3846153846154,21.1538461538462,0,4,e,"['en:sugary-snacks', 'en:biscuits-and-cakes']"
Te para la noche,Te para la noche,,,,,,,unknown,"['en:beverages', 'en:teas-and-herbal-teas-and-coffees']"
La Especial Maní Kraks,La Especial Maní Kraks,520,16,56,24,4,4,d,"['en:salty-snacks', 'en:nuts']"
Tosh Galletas Miel,Tosh Galletas Miel,433.333333333333,10,76.6666666666667,10,3.33333333333333,3,d,"['en:sugary-snacks', 'en:biscuits-and-cakes']"
Cheetos Crispetas,Cheetos Crispetas,,,,,,,unknown,[]
Bebida sin Azúcar Cero Calorías Tropical,Bebida sin Azúcar Cero Calorías Tropical,0,0,0,0,0,4,c,"['en:beverages', 'en:artificially-sweetened-beverages']"
Nissin Ramen sabor a Verduras,Nissin Ramen sabor a Verduras,457.647058823529,10.5882352941176,60,18.8235294117647,2.70588235294118,4,unknown,"['en:fruits-and-vegetables', 'en:soups']"
Yox con Defensis Multifrutas,Yox con Defensis Multifrutas,90,3,16,2,0,4,e,"['en:beverages', 'en:sweetened-beverages']"
Mayonesa light,Mayonesa light,173.333333333333,0,9.33333333333333,15.3333333333333,0,,c,"['en:fats-and-sauces', 'en:dressings-and-sauces']"
Mayonesa Baja en Grasa,Mayonesa Baja en Grasa,200,0,13.3333333333333,16.6666666666667,0,4,d,"['en:fats-and-sauces', 'en:dressings-and-sauces']"
Corona Vainilla,Corona Vainilla,120,1,20,4,0,4,c,"['en:sugary-snacks', 'en:chocolate-products']"
La Constancia Salsa de Tomate,La Constancia Salsa de Tomate,100,0,26.6666666666667,0,0,4,e,"['en:fats-and-sauces', 'en:dressings-and-sauces']"
Jet Crema,Jet Crema,533.333333333333,6.66666666666667,53.3333333333333,33.3333333333333,0,4,e,"['en:sugary-snacks', 'en:sweets']"
Gel'hada Frambuesa,Gel'hada Frambuesa,375,25,75,0,0,4,e,[]
Oka Loka,Oka Loka,400,0,93.3333333333333,0,0,,unknown,[]
La Especial Mix Nueces,La Especial Mix Nueces,622.222222222222,20,22.2222222222222,51.1111111111111,6.66666666666667,,d,"['en:salty-snacks', 'en:nuts']"
,,,,,,,,unknown,[]
Riopaila Suprema,Riopaila Suprema,400,0,100,0,,2,unknown,"['en:sugary-snacks', 'en:sweets']"
Yogurt Griego,Yogurt Griego,80,6.66666666666667,3.33333333333333,4.66666666666667,0,4,b,"['en:milk-and-dairy-products', 'en:milk-and-yogurt']"
Fruco Salsa de Tomate,Fruco Salsa de Tomate,,,,,,4,unknown,"['en:fats-and-sauces', 'en:dressings-and-sauces']"
Doria Tornillos con Verduras,Doria Tornillos con Verduras,350,13.75,72.5,0,6.25,1,a,"['en:cereals-and-potatoes', 'en:cereals']"
Té Original Negro,Té Original Negro,,,,,,1,b,"['en:beverages', 'en:unsweetened-beverages']"
Nescafé Dolca,Nescafé Dolca,,,,,,,unknown,[]
H2OH! Limonata,H2OH! Limonata,0,0,0,0,0,1,b,"['en:beverages', 'en:waters-and-flavored-waters']"
Hit mora,Hit mora,104,0,26,0,,,e,"['en:beverages', 'en:sweetened-beverages']"
Jugo de Naranja,Jugo de Naranja,45,0,10,0,0,4,d,"['en:beverages', 'en:artificially-sweetened-beverages']"
La Constancia Mermelada de Fresa,La Constancia Mermelada de Fresa,233.333333333333,0,60,0,,4,d,"['en:sugary-snacks', 'en:sweets']"
cacao en polvo natural,,,,,,,4,unknown,[]
Bary Mayonesa Baja en Grasa y Calorías,Bary Mayonesa Baja en Grasa y Calorías,200,0,6.66666666666667,20,0,4,d,"['en:fats-and-sauces', 'en:dressings-and-sauces']"
Manzana Postobón,Manzana Postobón,16.25,0,4.08333333333333,0,0,4,d,"['en:beverages', 'en:artificially-sweetened-beverages']"
Galletas 100% Naturales Sin Azúcar Con Almendras,Galletas 100% Naturales Sin Azúcar Con Almendras,400,10,70,13.3333333333333,10,4,b,"['en:sugary-snacks', 'en:biscuits-and-cakes']"
Panelada,Panelada,,,,,,4,unknown,"['en:beverages', 'en:sweetened-beverages']"
,,42,3.6,7,0,0.7,4,a,"['en:milk-and-dairy-products', 'en:milk-and-yogurt']"
Margarita Receta Clásica Alitas BBQ,Margarita Receta Clásica Alitas BBQ,492,7.6,60,25.6,4.8,4,d,"['en:salty-snacks', 'en:appetizers']"
Esparcible Gustosita,Esparcible Gustosita,428.571428571429,0,0,42.8571428571429,0,4,e,"['en:salty-snacks', 'en:salty-and-fatty-products']"
Kedeli Light Sabor a Naranja,Kedeli Light Sabor a Naranja,0,8.33333333333333,0,0,,4,a,[]
Canada Dry Ginger Ale,Canada Dry Ginger Ale,33.3333333333333,0,8.66666666666667,0,,,d,"['en:beverages', 'en:sweetened-beverages']"
Galleta,,465,4.7,79,15,2.3,,unknown,"['en:sugary-snacks', 'en:biscuits-and-cakes']"
Spaghetti,Spaghetti,350,12.5,76.25,0,3.75,1,a,"['en:cereals-and-potatoes', 'en:cereals']"
Trident Freshmint,,0,0,1,0,0,,not-applicable,"['en:sugary-snacks', 'en:sweets']"
Fit-Graan Cereal de Maíz y Quinoa Sabor a Miel,Fit-Graan Cereal de Maíz y Quinoa Sabor a Miel,383.333333333333,6.66666666666667,86.6666666666667,0,3.33333333333333,,d,"['en:cereals-and-potatoes', 'en:breakfast-cereals']"
Pan blanco bimbo,Pan blanco bimbo,238.461538461538,7.69230769230769,53.8461538461538,0.769230769230769,1.53846153846154,,unknown,"['en:cereals-and-potatoes', 'en:bread']"
Hit naranja piña,,0,1,12,1,1,,unknown,[]
,,,,,,,,unknown,[]
,,,,,,,,unknown,[]
,,,,,,,,unknown,"['en:fats-and-sauces', 'en:dressings-and-sauces']"
Néctar fruto pera,Néctar fruto pera,28,0,7.1,0,0.6,4,e,"['en:beverages', 'en:sweetened-beverages']"
,,,,,,,,unknown,[]
Agua Saborizada OMI,Agua Saborizada OMI,,,,,,,unknown,"['en:beverages', 'en:sweetened-beverages']"
Quinoa club,,450,6.66666666666667,74.1666666666667,15,2.5,,d,"['en:cereals-and-potatoes', 'en:breakfast-cereals']"
aceite de coco liquido,,,,,,,,unknown,[]
,,,,,,,,unknown,[]
deditos,deditos,482.608695652174,5.21739130434783,73.9130434782609,19.1304347826087,0.869565217391304,,e,"['en:sugary-snacks', 'en:sweets']"
,,,,,,,,unknown,[]
duraznos almibar,duraznos almibar,,,,0,,,unknown,[]
NutriBaby Premium Bienestar,,,1.5,7,3.5,0.8,,unknown,[]
BUDDHI BLUE,,,,,,,,unknown,[]
spaghetti integral multicereal,spaghetti integral multicereal,344,12,76,1.5,11,1,a,"['en:cereals-and-potatoes', 'en:cereals']"
Finesse (yogurt con probióticos),Finesse (yogurt con probióticos),43.3333333333333,3.73333333333333,7.33333333333333,0,0,4,a,"['en:milk-and-dairy-products', 'en:milk-and-yogurt']"
Barra de cereal con nueces y arándanos Tosh,Barra de cereal con nueces y arándanos Tosh,409,11,59,18,17,4,c,"['en:sugary-snacks', 'en:biscuits-and-cakes']"
Nuthos Maní Mezcla Sensación,Nuthos Maní Mezcla Sensación,536.666666666667,18.3333333333333,40,36.6666666666667,9.66666666666667,4,d,"['en:salty-snacks', 'en:nuts']"
latti leche semidescremada,latti leche semidescremada,,,,,,,unknown,"['en:milk-and-dairy-products', 'en:milk-and-yogurt']"
,,,,,,,,,
,,,,,,,,unknown,"['en:milk-and-dairy-products', 'en:ice-cream']"
Fitness Original,Fitness Original,366.666666666667,10,80,3.33333333333333,10,,a,"['en:cereals-and-potatoes', 'en:breakfast-cereals']"
Dejamu Parfait Arándanos,Dejamu Parfait Arándanos,130,5.75,15,5.375,0.625,4,b,"['en:milk-and-dairy-products', 'en:milk-and-yogurt']"
Maizena,Maizena,,,,,,2,unknown,"['en:cereals-and-potatoes', 'en:cereals']"
Submarinos Fresa,Submarinos Fresa,368.571428571429,4.85714285714286,57.1428571428571,14,2,,unknown,[]
Bénet Proteína,Bénet Proteína,363.636363636364,81.8181818181818,9.09090909090909,4.54545454545455,0,,d,[]
arepas maíz,Arepa De Maiz De Chocolo,186.25,4.75,43.75,0.625,6,,unknown,[]
Not Milk,Not Milk,46,1.6,1.8,3.3,,4,c,"['en:beverages', 'en:plant-based-milk-substitutes']"
,,356,6.1,87,0,9.3,,b,"['en:cereals-and-potatoes', 'en:breakfast-cereals']"
Tosh Maní y Pasas,Tosh Maní y Pasas,,,,,,,unknown,"['en:sugary-snacks', 'en:biscuits-and-cakes']"
Aji-no-men sabor Carne,Aji-no-men sabor Carne,,,,,,4,c,"['en:cereals-and-potatoes', 'en:cereals']"
Monticello Penne Rigate No. 42 Integral,Monticello Penne Rigate No. 42 Integral,337.5,11.625,75,1.5,11,1,unknown,"['en:cereals-and-potatoes', 'en:cereals']"
Yogurt Griego Sin Azúcares Añadidos,Yogurt Griego Sin Azúcares Añadidos,66,8,8.66666666666667,0,0,1,a,"['en:milk-and-dairy-products', 'en:milk-and-yogurt']"
Pan blanco,,314.814814814815,11.1111111111111,59.2592592592593,2.77777777777778,1.85185185185185,,c,"['en:cereals-and-potatoes', 'en:bread']"
Tostadas Clásicas,Tostadas Clásicas,,,,,,,unknown,"['en:cereals-and-potatoes', 'en:bread']"
,Vita Latti Fresa,33.3333333333333,3.33333333333333,4.66666666666667,0,0,4,a,"['en:milk-and-dairy-products', 'en:milk-and-yogurt']"
Yogurt Griego Sabor Natural,Yogurt Griego Sabor Natural,79.3333333333333,8,4.53333333333333,3.13333333333333,0,4,a,"['en:milk-and-dairy-products', 'en:milk-and-yogurt']"
Yox con Defensis,Yox con Defensis,90,2,15,2,0,,e,"['en:milk-and-dairy-products', 'en:milk-and-yogurt']"
Arándanos deshidratados,Arándanos deshidratados,333.333333333333,0,83.3333333333333,0,10,3,d,"['en:fruits-and-vegetables', 'en:dried-fruits']"
Hony Bran,Hony Bran,444,6.7,75,13,2.3,4,e,"['en:sugary-snacks', 'en:biscuits-and-cakes']"
Crema de Leche,Crema de Leche,400,0,6.66666666666667,40,0,,d,[]
Noel Wafers Vainilla,Noel Wafers Vainilla,458.333333333333,4.16666666666667,70.8333333333333,18.75,0,4,e,"['en:sugary-snacks', 'en:biscuits-and-cakes']"
Maní Moto,Maní Moto,500,20,47.5,25,,4,c,"['en:salty-snacks', 'en:nuts']"
Hatsu Tea Red Berries,Hatsu Tea Frutos Rojos,35,0,8.5,0,,3,d,"['en:beverages', 'en:sweetened-beverages']"
Chocolate Negro 70% 0% Azúcares Añadidos,Chocolate Negro 70% 0% Azúcares Añadidos,481,11,34,36,,4,d,"['en:sugary-snacks', 'en:chocolate-products']"
ensalada de vegetales,ensalada de vegetales,82.1052631578947,4.52631578947368,16.8421052631579,0.210526315789474,2.94736842105263,,unknown,[]
Poker,Poker,,,,,,,unknown,[]
Nutella Ferrero,Nutella,542,6.3,58,31,3,4,e,"['en:sugary-snacks', 'en:sweets']"
Ducales,Ducales,474,8.1,70,18,2.1,4,e,"['en:salty-snacks', 'en:appetizers']"
Esencia sabor a Vainilla,,,,,,,,unknown,[]
Granola,Granola,363.636363636364,10.9090909090909,78.1818181818182,3.63636363636364,12.7272727272727,4,a,"['en:cereals-and-potatoes', 'en:breakfast-cereals']"
Granola proteina Hello Day,,380,20,62,6,,,unknown,[]
Pancake & Waffle Avena Mix,Pancake & Waffle Avena Mix,90,,15,2,,4,unknown,[]
Klim clásica x 360 gr,Klim clásica x 360 gr,500,23.0769230769231,38.4615384615385,26.9230769230769,,,unknown,"['en:milk-and-dairy-products', 'en:milk-and-yogurt']"
Potato ships,Potato ships,531.25,6.25,50,37.5,6.25,4,e,"['en:salty-snacks', 'en:appetizers']"
Papas Fritas Sabor Natural,Papas Fritas Sabor Natural,500,6.66666666666667,60,26.6666666666667,6.66666666666667,3,d,"['en:salty-snacks', 'en:appetizers']"
Arándanos Deshidratados Tosh,Arándanos Deshidratados Tosh,366.666666666667,0,86.6666666666667,0,3.33333333333333,4,d,"['en:fruits-and-vegetables', 'en:dried-fruits']"
Trululu Gusanos Ácidos,Trululu Gusanos Ácidos,375,0,87.5,0,0,4,e,"['en:sugary-snacks', 'en:sweets']"
Arroz Diana,Arroz Diana,345,7.3,78,0.8,1.8,,unknown,"['en:cereals-and-potatoes', 'en:cereals']"
Fitness Original,Fitness Original,366.666666666667,10,80,3.33333333333333,10,4,a,"['en:cereals-and-potatoes', 'en:breakfast-cereals']"
Soy Plus Mujer Vainilla,Soy Plus Mujer Vainilla,,,,,,4,unknown,"['en:beverages', 'en:plant-based-milk-substitutes']"
Tostaos,Tostaos,,,,,,,unknown,[]
Emulsión de Scott,Emulsión de Scott,,,,,,,unknown,[]
Quesito,Quesito,175,9.9,6.8,12,,,d,"['en:milk-and-dairy-products', 'en:cheese']"
NOT MILK,,44,1.7,6.1,1.4,4.6,4,c,"['en:beverages', 'en:plant-based-milk-substitutes']"
parfait,parfait,,,,,,,unknown,[]
Galletas RITZ,Galletas RITZ,491.071428571429,8.92857142857143,,17.8571428571429,0,4,e,"['en:salty-snacks', 'en:appetizers']"
Mermelada de Mora,Mermelada de Mora,300,0,73.3333333333333,0,0,4,d,"['en:sugary-snacks', 'en:sweets']"
Kibo Spaghetti con Proteína de Arveja,Kibo Spaghetti con Proteína de Arveja,362.5,21.25,63.75,2.5,3.75,,a,"['en:cereals-and-potatoes', 'en:cereals']"
,,,,,,,,unknown,[]
Chupa Chups Sour Bites,,104,0.8,24,0.5,0,4,c,"['en:sugary-snacks', 'en:sweets']"
Crökan Pasas,Crökan Pasas,480,8,72,16,8,4,d,"['en:sugary-snacks', 'en:biscuits-and-cakes']"
Crakeñas,Crakeñas,416,5.6,76,14,4.8,,c,"['en:sugary-snacks', 'en:biscuits-and-cakes']"
Yogurt Light Deslactosado Durazno,Yogurt Light Deslactosado Durazno,44.4444444444444,4.44444444444444,6.11111111111111,0,0,1,b,"['en:milk-and-dairy-products', 'en:milk-and-yogurt']"
Boggy Fresa,Boggy Fresa,46.2962962962963,1.85185185185185,10.1851851851852,0,0,4,c,[]
Chocolisto,,,,,,,,unknown,[]
Tortillas de Harina Integral,Tortillas de Harina Integral,322.58064516129,6.45161290322581,48.3870967741936,9.67741935483871,9.67741935483871,4,d,"['en:cereals-and-potatoes', 'en:cereals']"
Colcafé Coffee Crem,Colcafé Coffee Crem,,,,,,4,unknown,[]
Lomitos de Atún en Agua,Lomitos de Atún en Agua,50,10,0,1.5,0,1,a,"['en:fish-meat-eggs', 'en:fish-and-seafood', 'en:fatty-fish']"
Pringles Barbacoa,Pringles Barbacoa,518,5,57,30,3.8,4,d,"['en:cereals-and-potatoes', 'en:potatoes']"
Nutella,,520,8,56,32,4,,e,"['en:sugary-snacks', 'en:sweets']"
Salsa bbq,,,,,,,,unknown,"['en:fats-and-sauces', 'en:dressings-and-sauces']"
syrup,syrup,,0,30,0,,4,unknown,[]
Jet Wafer,Jet Wafer,504,4.8,65,25,1.9,,e,"['en:sugary-snacks', 'en:biscuits-and-cakes']"
Lomitos de Atún en Agua,Lomitos de Atún en Agua,109.090909090909,23.6363636363636,0,1.81818181818182,0,3,a,"['en:fish-meat-eggs', 'en:fish-and-seafood', 'en:fatty-fish']"
Yogurt Light Deslactosado Fresa,Yogurt Light Deslactosado Fresa,44.4444444444444,4.44444444444444,6.11111111111111,0,0,4,c,"['en:beverages', 'en:artificially-sweetened-beverages']"
Creamy Mash Peanut Butter,Creamy Mash Peanut Butter,700,26.6666666666667,30,53.3333333333333,6.66666666666667,4,e,"['en:salty-snacks', 'en:salty-and-fatty-products']"
Leche deslactosada,Leche deslactosada,45.8333333333333,3.33333333333333,4.16666666666667,1.45833333333333,0,4,b,"['en:milk-and-dairy-products', 'en:milk-and-yogurt']"
Dulcesita,Dulcesita,,,,,,,unknown,"['en:sugary-snacks', 'en:sweets']"
,,,,,,,,unknown,[]
Croutons Caesar,Croutons Caesar,428.571428571429,14.2857142857143,71.4285714285714,14.2857142857143,0,4,e,"['en:cereals-and-potatoes', 'en:bread']"
Leche Semidescremada Deslactosada Parmalat,Leche Semidescremada Deslactosada Parmalat,45.8333333333333,3.33333333333333,4.16666666666667,1.66666666666667,0,4,b,"['en:milk-and-dairy-products', 'en:milk-and-yogurt']"
Yogurt Griego Frutos Amarillos,Yogurt Griego Frutos Amarillos,81.25,7.5,8.125,1.5625,0.625,4,a,"['en:milk-and-dairy-products', 'en:milk-and-yogurt']"
Galletas Tipo Leche,Galletas Tipo Leche,394,5.3,74,8.8,2,4,e,"['en:sugary-snacks', 'en:biscuits-and-cakes']"
Arroz del Llano,Arroz del Llano,230,4,53,0,1,,b,"['en:cereals-and-potatoes', 'en:cereals']"
Nachos Sal Marina Tortilla Chips & Sea Salt,Nachos Sal Marina Tortilla Chips & Sea Salt,433.333333333333,6.66666666666667,70,10,6.66666666666667,3,c,"['en:salty-snacks', 'en:appetizers']"
Natilla con sabor a arequipe,Natilla con sabor a arequipe,382,0,94.1,0,0,4,e,[]
Tosh Pasión,Tosh Pasión,138.888888888889,1.38888888888889,23.6111111111111,4.16666666666667,0,,c,"['en:milk-and-dairy-products', 'en:ice-cream']"
Desayuno Integral,Desayuno Integral,430,6.9,63,17,10,,c,"['en:sugary-snacks', 'en:biscuits-and-cakes']"
Mayonesa Light,Mayonesa Light,233.333333333333,0,13.3333333333333,20,0,4,c,"['en:fats-and-sauces', 'en:dressings-and-sauces']"
Avena Deslactosada,Avena Deslactosada,70,2,11.5,2,0.5,4,e,"['en:beverages', 'en:plant-based-milk-substitutes']"
,,466.666666666667,6.66666666666667,76.6666666666667,13.3333333333333,6.66666666666667,,unknown,[]
Tosh Mix Primaveral,Tosh Mix Primaveral,514.285714285714,14.2857142857143,51.4285714285714,28.5714285714286,5.71428571428571,,e,[]
Frutiño Frutos Rojos,Frutiño Frutos Rojos,,,,,,,not-applicable,[]
Rama Light,Rama Light,321.428571428571,0,0,35.7142857142857,0,4,d,"['en:salty-snacks', 'en:salty-and-fatty-products']"
Wafer Jet,Wafer Jet,512,4.4,65,26,2.7,4,unknown,"['en:sugary-snacks', 'en:biscuits-and-cakes']"
Emulsión de Scott Tradicional,Emulsión de Scott Tradicional,,,,,,,unknown,[]
Compota de Pera,Compota de Pera,,,,,,,unknown,"['en:fruits-and-vegetables', 'en:fruits']"
Ensalada Campesina,Ensalada Campesina,76.9230769230769,4.61538461538461,10,0.769230769230769,5.38461538461539,3,unknown,"['en:composite-foods', 'en:one-dish-meals']"
Arepa de Maíz Pincho,Arepa de Maíz Pincho,133.333333333333,3.33333333333333,2.66666666666667e-05,0,,3,c,"['en:cereals-and-potatoes', 'en:cereals']"
Atún Rallado en Aceite al Natural,Atún Rallado en Aceite al Natural,183.333333333333,26.6666666666667,0,8.33333333333333,0,3,c,"['en:fish-meat-eggs', 'en:fish-and-seafood', 'en:fatty-fish']"
Leche Condensada,Leche Condensada,366.666666666667,6.66666666666667,60,10,0,4,e,"['en:sugary-snacks', 'en:sweets']"
Frijoles,Frijoles,,,,,,,unknown,"['en:cereals-and-potatoes', 'en:legumes']"
Salmón Ahumado,Salmón Ahumado,160,18,2,8,0,,c,"['en:fish-meat-eggs', 'en:meat', 'en:meat-other-than-poultry']"
Turkey Breast Oven Roasted,Turkey breast,107.142857142857,17.8571428571429,7.14285714285714,1.78571428571429,0,4,d,"['en:fish-meat-eggs', 'en:processed-meat']"
Jugo de Mandarina,Jugo de Mandarina,35,0.5,9,0,0.5,1,b,"['en:beverages', 'en:unsweetened-beverages']"
Tosh Granola Crunchy Manzana,Tosh Granola Crunchy Manzana,400,8.57142857142857,77.1428571428571,4.28571428571429,8.57142857142857,,c,"['en:cereals-and-potatoes', 'en:breakfast-cereals']"
Crachos Tortillas de Harina,Crachos Tortillas de Harina,,5,39,0,0,4,unknown,[]
Trululu Gusanos Ácidos,Trululu Gusanos Ácidos,348.958333333333,4.16666666666667,83.3333333333333,0,,4,e,"['en:sugary-snacks', 'en:sweets']"
Saltinas Integrales,Saltinas Integrales,424.242424242424,9.09090909090909,69.6969696969697,12.1212121212121,0,4,d,"['en:sugary-snacks', 'en:biscuits-and-cakes']"
Corona Mezcla para Pancakes,Corona Mezcla para Pancakes,357.142857142857,7.14285714285714,75,0,3.57142857142857,,unknown,[]
Mayonesa La Constancia,Mayonesa La Constancia,,,,,,,unknown,"['en:fats-and-sauces', 'en:dressings-and-sauces']"
Popsy Vainilla Gourmet Helado Cremoso,Popsy Vainilla Gourmet Helado Cremoso,266.666666666667,3.33333333333333,26.6666666666667,16.6666666666667,0,4,c,"['en:milk-and-dairy-products', 'en:ice-cream']"
Vive100,Vive100,50,0,12,0,0,4,e,"['en:beverages', 'en:artificially-sweetened-beverages']"
La Constancia Mayonesa,La Constancia Mayonesa,300,0,13.3333333333333,26.6666666666667,0,,d,"['en:fats-and-sauces', 'en:dressings-and-sauces']"
natu stevia,,,,,,,,unknown,[]
Doria Bucatini,Doria Bucatini,350,13.75,73.75,0,5,,a,"['en:cereals-and-potatoes', 'en:cereals']"
Bee'Dony,Bee'Dony,,,,,,,unknown,"['en:sugary-snacks', 'en:sweets']"
Café Águila Roja,Café Águila Roja,,,,,,,unknown,[]
Granola Crunchy Chocolate,Tosh Granola Crunchy Chocolate,428.571428571429,8.57142857142857,71.4285714285714,17.1428571428571,5.71428571428571,,e,"['en:cereals-and-potatoes', 'en:breakfast-cereals']"
Salsa Queso Cheddar,Salsa Queso Cheddar,,,,,,,unknown,"['en:fats-and-sauces', 'en:dressings-and-sauces']"
Carne de diablo ze,,,,,,,,unknown,[]
,,,,,,,,unknown,[]
Taeq Gelatina Fresa,Taeq Gelatina Fresa,,,,,,,unknown,[]
Milo Anillos,Milo Anillos,433.333333333333,7.08333333333333,66.6666666666667,15,1.25,4,e,"['en:sugary-snacks', 'en:biscuits-and-cakes']"
Külfi helado gourmet chocolate,Külfi helado gourmet chocolate,,,,,,4,unknown,"['en:milk-and-dairy-products', 'en:ice-cream']"
Bebida de Almendras Original,Bebida de Almendras Original,29.1666666666667,0.416666666666667,4.16666666666667,1.25,0.833333333333333,4,c,"['en:beverages', 'en:plant-based-milk-substitutes']"
Cocoato,Cocoato,66.0377358490566,3.77358490566038,6.60377358490566,2.83018867924528,5.66037735849057,4,a,[]
Leche Condensada Latti,Leche Condensada Latti,300,6.66666666666667,56.6666666666667,6.66666666666667,0,4,e,[]
Nescafe Tradición,Nescafe Tradición,,,,,,,unknown,[]
Rosquillas Caleñas,Rosquillas Caleñas,59,0.6,13,0.6,0.5,3,a,"['en:cereals-and-potatoes', 'en:bread']"
Jugo Hit Mora Sin Azúcar Añadida,Jugo Hit Mora Sin Azúcar Añadida,5,0,1,0,0,4,c,"['en:beverages', 'en:artificially-sweetened-beverages']"
Maizena Multicereal Infantil,Maizena Multicereal Infantil,357.142857142857,0,85.7142857142857,0,14.2857142857143,4,not-applicable,"['en:cereals-and-potatoes', 'en:breakfast-cereals']"
SunTea Durazno,SunTea Durazno,416.666666666667,0,100,0,0,4,unknown,"['en:beverages', 'en:sweetened-beverages']"
Salchichas Ranchera,,243,15,2.3,16,0,,e,"['en:fish-meat-eggs', 'en:processed-meat']"
Sonne Esparcible a Base de Canola,Sonne Esparcible a Base de Canola,500,0,0,57.1428571428571,0,4,d,"['en:fats-and-sauces', 'en:fats']"
Pan integral,,283.582089552239,,47.7611940298507,4.47761194029851,8.95522388059702,,unknown,[]
"Agua con Colageno, Pepino y Limón","Agua con Colageno, Pepino y Limón",,,,,,,unknown,[]
Salsa de Tomate,Salsa de Tomate,,,,,,,unknown,"['en:fats-and-sauces', 'en:dressings-and-sauces']"
Ginger Ale con Extracto Natural de Jengibre,Ginger Ale con Extracto Natural de Jengibre,0,0,0,0,0,4,c,"['en:beverages', 'en:artificially-sweetened-beverages']"
Country Ranch Aceite de Soya,Country Ranch Aceite de Soya,800,0,0,90,0,,c,"['en:fats-and-sauces', 'en:fats']"
Choclitos Picante,Choclitos Picante,,,,,,,unknown,[]
Galletas Integrales con Avena y Ajonjolí,Galletas Integrales con Avena y Ajonjolí,444.444444444444,11.1111111111111,74.0740740740741,11.1111111111111,7.40740740740741,4,d,"['en:sugary-snacks', 'en:biscuits-and-cakes']"
Yogurt Griego,Yogurt Griego,140,11,5.9,7.8,,,unknown,[]
Trululu Aros,Trululu Aros,,1,10,0,0,4,unknown,"['en:sugary-snacks', 'en:sweets']"
Gelatina Sin Sabor,Gelatina Sin Sabor,,,,,,4,not-applicable,[]
Merkén Receta de la Abuela,Merkén Receta de la Abuela,33,2.7,2.6,1.3,0,,not-applicable,[]
Chicharrón americano,,533.333333333333,60,,33.3333333333333,6.66666666666667,,unknown,[]
Crema y Cebolla,Crema y Cebolla,544,4.8,60,32,3.6,4,d,"['en:cereals-and-potatoes', 'en:potatoes']"
Bicarbonato de sodio,Bicarbonato de sodio,,,,,,1,not-applicable,[]
Gel'hada Sabor a Piña,Gel'hada Sabor a Piña,375,25,75,0,0,4,e,[]
Arroz Leopardo,Arroz Leopardo,370,6,84,1,1,,b,"['en:cereals-and-potatoes', 'en:cereals']"
limpio,limpio,,,,,,,unknown,[]
Yogurt Griego Mora y Arándanos,Yogurt Griego Mora y Arándanos,80,6,13.3333333333333,0,0,,b,"['en:milk-and-dairy-products', 'en:milk-and-yogurt']"
Salchichón de Cerdo,Salchichón de Cerdo,181.818181818182,9.09090909090909,18.1818181818182,4.54545454545455,0,4,d,"['en:fish-meat-eggs', 'en:processed-meat']"
FRESI KRISPIS,,330,2,78,0,,,unknown,[]
Jus de Fruit,,33.333,0,8.5,0,,,unknown,[]
Arroz Blanco 75% de Grano Blanco,Arroz Blanco 75% de Grano Blanco,360,8,80,0,4,,b,"['en:cereals-and-potatoes', 'en:cereals']"
Avena Molida Don Pancho,Avena Molida Don Pancho,391.304347826087,13.0434782608696,69.5652173913043,8.69565217391304,13.0434782608696,1,a,"['en:cereals-and-potatoes', 'en:cereals']"
Pan Harina Integral,Pan Harina Integral,426.66666666667,6.6666666666667,76.666666666667,5,21,1,a,"['en:cereals-and-potatoes', 'en:cereals']"
Aji Picante,,,,,,,,unknown,[]
Pan Tajado Integral,Pan Tajado Integral,309.52380952381,9.04761904761905,61.9047619047619,0,0.761904761904762,4,c,"['en:cereals-and-potatoes', 'en:bread']"
Quinoa con Cobertura con Vegetales y Sabor a Yogurt,Quinoa con Cobertura con Vegetales y Sabor a Yogurt,600,5,50,40,10,4,d,[]
Mezcla Premium,Mezcla Premium,633.333333333333,26.6666666666667,23.3333333333333,50,10,3,d,"['en:salty-snacks', 'en:nuts']"
Agua Con Gas,Agua Con Gas,,,,,,1,unknown,"['en:beverages', 'en:waters-and-flavored-waters']"
Vinagre Blanco,Vinagre Blanco,0,0,0,0,,4,not-applicable,"['en:fats-and-sauces', 'en:dressings-and-sauces']"
,,,,,,,,unknown,[]
GALLETA DE ARROZ CON ARÁNDANOS,,90,2,2,2,3,4,unknown,[]
Cheerios miel,Cheerios miel,333.33333333333,6.6666666666667,80,3.3333333333333,3.3333333333333,4,d,"['en:cereals-and-potatoes', 'en:breakfast-cereals']"
Soy Plus Sin Lactosa Vainilla,Soy Plus Sin Lactosa Vainilla,454.545454545455,21.2121212121212,48.4848484848485,18.1818181818182,0,4,e,"['en:beverages', 'en:plant-based-milk-substitutes']"
Pringles Sabor a Crema y Cebolla,Pringles Sabor a Crema y Cebolla,525,5,62.5,27.5,2.5,4,e,"['en:cereals-and-potatoes', 'en:potatoes']"
Margarina de Soya con Sal,Margarina de Soya con Sal,800,0,0,86.6666666666667,0,4,e,"['en:salty-snacks', 'en:salty-and-fatty-products']"
canela molida,canela molida,,,,,,,not-applicable,[]
Yogurt griego,Yogurt Griego Descremado,54,9.33333333333333,4.13333333333333,0,,,unknown,[]
,,400,6.66666666666667,80,6.66666666666667,0,4,d,"['en:cereals-and-potatoes', 'en:breakfast-cereals']"
,,,,,,,,unknown,[]
Fuze Tea Herbales Té Negro Sabor a Manzana Limonaria,Fuze Tea Herbales Té Negro Sabor a Manzana Limonaria,20,0,5,0,0,4,d,"['en:beverages', 'en:sweetened-beverages']"
Quinoa Club,Quinoa Club,45,1,8,1,0,4,a,[]
konfyt Gelatina de frambuesa,konfyt Gelatina de frambuesa,5,1,0,0,0,4,a,[]
Quaker 100% Pasas y Chia,Quaker 100% Pasas y Chia,433.333333333333,10,66.6666666666667,20,10,,d,"['en:sugary-snacks', 'en:biscuits-and-cakes']"
Imitación Manjar de Leche,Imitación Manjar de Leche,160,4.66666666666667,31.3333333333333,2,0,,c,"['en:sugary-snacks', 'en:sweets']"
sandra,,,,,,,,unknown,[]
Sancao 80%,Sancao 80%,600,10,35,50,12.5,,d,"['en:sugary-snacks', 'en:chocolate-products']"
Cheetos,,500,,40,300,,,unknown,[]
Pan de perro,Pan De Perro,272.058823529412,11.0294117647059,55.8823529411765,1.47058823529412,1.47058823529412,,unknown,[]
Natri galletas rellenas,Natri galletas rellenas,150,2,26,4.5,1,4,c,"['en:sugary-snacks', 'en:biscuits-and-cakes']"
Maduritos,Maduritos,484,0.8,72,22.4,6,,d,[]
El Rodeo,El Rodeo,,,,,,4,unknown,"['en:milk-and-dairy-products', 'en:milk-and-yogurt']"
arros valle grande,arros valle grande,,,,,,,unknown,"['en:cereals-and-potatoes', 'en:breakfast-cereals']"
,,,,,,,,unknown,"['en:milk-and-dairy-products', 'en:milk-and-yogurt']"
,,,,,,,,unknown,[]
Nesquik Fresa x 200 gr,Nesquik Fresa x 200 gr,384.615384615385,0,100,0,0,4,e,"['en:beverages', 'en:sweetened-beverages']"
Colombiana,,18.75,0,4.58333333333333,0,,,c,"['en:beverages', 'en:sweetened-beverages']"
Salsa de tomate,,15,,4,,,,unknown,"['en:fats-and-sauces', 'en:dressings-and-sauces']"
,,,,,,,,unknown,[]
Huevos,,,,,,,,unknown,"['en:fish-meat-eggs', 'en:eggs']"
cheetos,cheetos,,,,,,,unknown,[]
crema de maní Tote,crema de maní Tote,666.666666666667,30,13.3333333333333,53.3333333333333,3.33333333333333,,e,"['en:sugary-snacks', 'en:sweets']"
Bebida achoçolatada,,80,1,17,1,1,,unknown,[]
Queso Mozarella Alpina,Queso Mozarella Alpina,333.333333333333,30,0,23.3333333333333,0,3,d,"['en:milk-and-dairy-products', 'en:cheese']"
,,278.688524590164,9.83606557377049,49.1803278688525,4.0983606557377,8.19672131147541,4,b,"['en:cereals-and-potatoes', 'en:bread']"
Yox con Defensis Vainilla,Yox con Defensis Vainilla,90,3,16,2,0,4,e,"['en:beverages', 'en:sweetened-beverages']"
Almendras Naturales,Almendras Naturales,600,20,20,50,13.3333333333333,,a,"['en:salty-snacks', 'en:nuts']"
Golden cinnamon roll spread,,611,16,29,51,11,4,unknown,[]
el fortín. atún rallado en agua,el fortín. atún rallado en agua,109.090909090909,18.1818181818182,,4,,3,unknown,"['en:fish-meat-eggs', 'en:fish-and-seafood', 'en:fatty-fish']"
De Todito BBQ,,475,12.5,50,27.5,5,,unknown,[]
jamón de cerdo pietran,jamón de cerdo pietran,109.756097560976,14.6341463414634,7.31707317073171,2.4390243902439,0,4,d,"['en:fish-meat-eggs', 'en:processed-meat']"
Limonara con gas,,1,0,0,0,0,,unknown,[]
,,403,11,76,7.5,6.5,,unknown,[]
CRÖKAN Galletas Integrales con Avena | Uvas y Ciruelas Pasas,Crökan - Galletas Integrales con Avena | Uvas y Ciruelas Pasas,480,8,72,16,8,,d,"['en:sugary-snacks', 'en:biscuits-and-cakes']"
Buffalo Wings Sauce,,166.66666666667,0,13.333333333333,13.333333333333,,,unknown,[]
El Estío Premium,El Estío Premium,360,8,80,0,4,,b,"['en:cereals-and-potatoes', 'en:cereals']"
Reducción Vinagre Balsámico de Modena,Reducción Vinagre Balsámico de Modena,250,0,60,0,0,4,not-applicable,"['en:fats-and-sauces', 'en:dressings-and-sauces']"
Del Valle Refresco de Mango,Del Valle Refresco de Mango,34,0,8.5,0,0,,d,"['en:beverages', 'en:artificially-sweetened-beverages']"
Yox con Mentalis Manzana Verde,Yox con Mentalis Manzana Verde,78,2.9,13,1.6,0,4,d,"['en:beverages', 'en:unsweetened-beverages']"
Sancao 75% Cacao Chocolate Colombiano,Sancao 75% Cacao Chocolate Colombiano,586.666666666667,10.6666666666667,40,26.6666666666667,2.66666666666667,4,e,"['en:sugary-snacks', 'en:chocolate-products']"
Splot Acid,Splot Acid,,,,,,,unknown,[]
,,,,,,,,unknown,[]
,,,,,,,,unknown,[]
,,,,,,,,unknown,[]
Mermelada de Frutos Rojos,,0,,,,,4,unknown,"['en:sugary-snacks', 'en:sweets']"
,7501071907562,,,,,,,unknown,[]
,,,,,,,,unknown,[]
,,,,,,,,unknown,[]
,,,,,,,,unknown,[]
,,,,,,,,unknown,[]
Leche Megalitro alquería 40% balance semidescremada,Leche Megalitro alquería 40% balance semidescremada,45.8333333333333,2.91666666666667,5,1.875,0.416666666666667,4,b,"['en:milk-and-dairy-products', 'en:milk-and-yogurt']"
Pan pullman blanco extralargo,Pan pullman blanco extralargo,120,4,24,1,2,4,b,"['en:cereals-and-potatoes', 'en:bread']"
Finesse,Finesse,43.3333333333333,3.53333333333333,7.33333333333333,0,0,,unknown,[]
,,,,,,,,unknown,[]
,,,,,,,,unknown,[]
,,,,,,,,unknown,[]
,,,,,,,,unknown,[]
,,,,,,,,unknown,"['en:cereals-and-potatoes', 'en:bread']"
,,,,,,,,unknown,[]
fines de yogurt con probióticos,fines de yogurt con probióticos,39,3.5,6.3,0,,,unknown,[]
,,,,,,,,unknown,[]
queso mazzarella,queso mazzarella,,,,,,,unknown,[]
takis fuego,,489,5.9,65,24,5.5,,d,"['en:salty-snacks', 'en:appetizers']"
Cerveza,Cerveza,,,,,,,not-applicable,['en:alcoholic-beverages']
Natilla Tres Leches,Natilla Tres Leches,150,3.6,34,0,0,4,c,"['en:milk-and-dairy-products', 'en:dairy-desserts']"
,,,,,,,,unknown,[]
,,,,,,,,unknown,[]
Crackers,,428,11,79,7.7,3.1,,d,"['en:sugary-snacks', 'en:biscuits-and-cakes']"
Galletas rellenas de fruta,,413.79310344828,6.8965517241379,75.862068965517,6.8965517241379,3.448275862069,,unknown,[]
,,,,,,,,unknown,[]
jumbo,jumbo,,,,,,4,unknown,"['en:sugary-snacks', 'en:sweets']"
Salsa rosa,,166.666666666667,0.666666666666667,14,14,0,,unknown,[]
,,,,,,,,unknown,[]
,,,,,,,,unknown,[]
Alpin,Alpin,,,,,,,unknown,"['en:milk-and-dairy-products', 'en:milk-and-yogurt']"
Don Olio Line,Don Olio Line,342,0,0,38,,2,d,"['en:cereals-and-potatoes', 'en:cereals']"
lenteja,lenteja,,,,,,,unknown,[]
Vita Latti Yogurt Descremado Light en Calorías,Vita Latti Yogurt Descremado Light en Calorías,,,,,,4,unknown,"['en:milk-and-dairy-products', 'en:milk-and-yogurt']"
Aceite de Girasol,Aceite de Girasol,,,,,,,unknown,[]
,,,,,,,,unknown,[]
,,,,,,,,unknown,[]
Syrup,Syrup,,,,,,,unknown,[]
,,,,,,,,unknown,[]
conserva de salmón con aceite,conserva de salmón con aceite,116.666666666667,19.2982456140351,0,4.3859649122807,0,,unknown,"['en:fish-meat-eggs', 'en:fish-and-seafood', 'en:fatty-fish']"
,,,,,,,,unknown,[]
,,210.526315789474,0.263157894736842,52.6315789473684,0,0.526315789473684,,unknown,[]
,,,,,,,,unknown,[]
,,,,,,,,unknown,"['en:cereals-and-potatoes', 'en:breakfast-cereals']"
Hershey's Chococereal,,,,,,,,unknown,[]
Crema de Leche,Crema de Leche,,,,,,,unknown,[]
Maní Salado,Maní Salado,,,,,,4,unknown,[]
galletas de arroz inflado,,,,,,,,unknown,"['en:cereals-and-potatoes', 'en:cereals']"
Barquillos de Chocolate. Galletas wafferr,,444.444444444444,5,77.7777777777778,13.3333333333333,3.33333333333333,,unknown,"['en:sugary-snacks', 'en:biscuits-and-cakes']"
Pancakes Waffles,,364,3.3,23,1.4,3.8,,unknown,[]
,,,,,,,,unknown,[]
,,,,,,,,unknown,[]
Salsa Teriyaky,Salsa Teriyaky,,,,,,,unknown,[]
Hatsu,,,,,,,,unknown,[]
Chocolate Corona 0% Azúcar,Chocolate Corona 0% Azúcar,64,3.9,6.1,2.6,0,4,unknown,[]
Tostadas Integrales,Tostadas Integrales,68,2.2,13.2,0.9,0.7,4,b,"['en:cereals-and-potatoes', 'en:bread']"
Trocillos,Trocillos,,,,,,4,unknown,"['en:cereals-and-potatoes', 'en:cereals']"
ACEITE DE AGUAGATE,ACEITE DE AGUAGATE,,,,,,,unknown,[]
dulce de mora,dulce de mora,,,,,,,unknown,"['en:sugary-snacks', 'en:sweets']"
,,,,,,,,unknown,[]
Brownie  azúcar,,438.571428571429,6.71428544180734,55.7142857142857,21.4285714285714,1.71428578240531,,unknown,[]
Snack Horneado de Mi Tierra,Snack Horneado de Mi Tierra,100,2.60869565217391,52.1739130434783,5.65217391304348,2.60869565217391,4,c,[]
Galletas Tosh Naranja,,175.806451612903,0,0,1.25,,,unknown,[]
,,,,,,,,unknown,[]
Ravioli de pollo,Ravioli de pollo,383,14,62,9.8,4.5,4,a,"['en:cereals-and-potatoes', 'en:cereals']"
Condimento Completo NATUREY,Condimento Completo NATUREY,351,10,72,2.6,10,2,not-applicable,"['en:cereals-and-potatoes', 'en:cereals']"
Leche en polvo,Leche en polvo,352,36.4,52,0,,,e,"['en:milk-and-dairy-products', 'en:milk-and-yogurt']"
Agua De Manzana Con Gas,Agua De Manzana Con Gas,0,0,0,0,0,1,b,"['en:beverages', 'en:waters-and-flavored-waters']"
Queso Mozzarella tajado,Queso Mozzarella tajado,340,23,3.4,26,,3,unknown,"['en:milk-and-dairy-products', 'en:cheese']"
Mr. Tea,Mr. Tea,20,0,5.9,0,0,4,d,"['en:beverages', 'en:sweetened-beverages']"
"Lomos de atún (Ensalada con Atún, maiz y vegetales)","Lomos de atún (Ensalada con Atún, maiz y vegetales)",162,15,7.7,7.9,0,1,a,"['en:fish-meat-eggs', 'en:fish-and-seafood', 'en:fatty-fish']"
,,,,,,,,,
,,,,,,,,unknown,[]
Taeq Tostadas de Arroz con Quinoa,Taeq Tostadas de Arroz con Quinoa,368,7.6,84,1.2,4.4,3,c,"['en:sugary-snacks', 'en:biscuits-and-cakes']"
,,,,,,,,unknown,[]
,,,,,,,,,
,,,,,,,,unknown,[]
,,,,,,,,unknown,[]
,,30,0,7.5,0,,,unknown,[]
Maizitos - Ramo - Ramo - Ramo - Ramo - Ramo,,70.422532967033,0.633983516483516,6.03791758241758,3.01896153846154,0.452846153846154,,unknown,"['en:cereals-and-potatoes', 'en:cereals']"
Cheese Tris,,500,10,60,25,,,e,"['en:milk-and-dairy-products', 'en:cheese']"
De todito mix,,250,10,27,15,3,4,unknown,"['en:cereals-and-potatoes', 'en:potatoes']"
,,,,,,,,unknown,[]
Whisky escocés Buchanan's Special Reserve 18 años,Whisky escocés Buchanan's Special Reserve 18 años,,,,,,,unknown,[]
Coca cola sin azucar,,0,0,0,0,,,b,[]
arequipe,arequipe,,,,,,,unknown,"['en:sugary-snacks', 'en:sweets']"
Papas,Papas,540,6.3,57,33,2.7,3,e,"['en:salty-snacks', 'en:appetizers']"
PAN VITA MULTICEREALES,Pan Vital multicereal,263,13,48,4,8.7,4,c,"['en:cereals-and-potatoes', 'en:bread']"
OMI Maracuyá,OMI Maracuyá,0,0,0,0,,,unknown,[]
Yourt,Yoghurt Griego 0%,58,10,4.4,0,0,,unknown,[]
Tomates Pelados Enteros,,20,1,4,0,1,,unknown,[]
Fit Cook Mogolla Integral Miel con Uvas Pasas,Fit Cook Mogolla Integral Miel con Uvas Pasas,272.5,10,52.5,3.75,22.5,4,c,"['en:cereals-and-potatoes', 'en:bread']"
Yogurt Con Trozos De Fruta,Yogurt Con Trozos De Fruta,77,2.4,12,2.1,,,unknown,"['en:milk-and-dairy-products', 'en:milk-and-yogurt']"
Bio Seven Granola Frutos Rojos con Quinoa,Bio Seven Granola Frutos Rojos con Quinoa,207.5,17.5,20,17.5,,1,unknown,"['en:cereals-and-potatoes', 'en:breakfast-cereals']"
Müsli Arándanos,Müsli Arándanos,366.666666666667,6.66666666666667,86.6666666666667,1.66666666666667,6.66666666666667,3,d,"['en:cereals-and-potatoes', 'en:breakfast-cereals']"
Chocapic,,366.666666666667,6.66666666666667,80,5,6.66666666666667,,d,"['en:cereals-and-potatoes', 'en:breakfast-cereals']"
,,,,,,,,unknown,"['en:salty-snacks', 'en:appetizers']"
White Chocolate Hazelnut,,603,16,30,50,13,,unknown,[]
,,,,,,,,unknown,[]
,,,,,,,,unknown,[]
Avena Sin Azucar,,16,0.5,2.2,0.6,0,,a,"['en:beverages', 'en:plant-based-milk-substitutes']"
,,,,,,,,unknown,"['en:milk-and-dairy-products', 'en:milk-and-yogurt']"
ACT II sabor Mantequilla,ACT II sabor Mantequilla,470,8,52,26,9,4,e,[]
Limonada de Coco Refresco,Limonada de Coco Refresco,400,0,100,0,0,,unknown,"['en:beverages', 'en:sweetened-beverages']"
Chokis,Chokis,473.684210526316,4.73684210526316,68.4210526315789,26.3157894736842,15.7894736842105,4,d,[]
Hony Bran,Hony Bran,424.242424242424,6.06060606060606,75.7575757575758,12.1212121212121,3.03030303030303,4,e,"['en:sugary-snacks', 'en:biscuits-and-cakes']"
DELIPAVO,DELIPAVO,260,16,0,22,0,,unknown,[]
Fitness Frutos Rojos,Fitness Frutos Rojos,409.090909090909,4.54545454545455,72.7272727272727,13.6363636363636,4.54545454545455,4,e,"['en:sugary-snacks', 'en:biscuits-and-cakes']"
MILO,MILO,,,,,,,unknown,[]
Colombiana,Colombiana,200,0,50,0,0,4,e,"['en:beverages', 'en:sweetened-beverages']"
La Constancia Mermelada de Mora,La Constancia Mermelada de Mora,233.333333333333,0,60,0,0,,d,"['en:sugary-snacks', 'en:sweets']"
Papas margarita sabor pollo,,,,,,,,unknown,[]
Rosquitas de Queso,Rosquitas de Queso,400,13.3333333333333,66.6666666666667,6.66666666666667,0,3,a,[]
Cumbre Fuerte,Cumbre Fuerte,,,,,,1,unknown,"['en:beverages', 'en:unsweetened-beverages']"
Chips Ahoy!,Chips Ahoy!,466.666666666667,4.44444444444444,68.8888888888889,20,2.22222222222222,,e,"['en:sugary-snacks', 'en:biscuits-and-cakes']"
Alpina Yogur Original Mora,Alpina Yogur Original Mora,70,3,10.5,2,0,4,b,"['en:milk-and-dairy-products', 'en:milk-and-yogurt']"
Instacrem Light,Instacrem Light,6,0,1.4,0.2,0,,unknown,[]
,,,,,,,,unknown,[]
Lomitos de Atún en Agua,Lomitos de Atún en Agua,,,,,,3,e,"['en:fish-meat-eggs', 'en:fish-and-seafood', 'en:fatty-fish']"
Nescafé Gold,Nescafé Gold,,,,,,1,unknown,[]
Nabisco Ritz Galletas Queso Six Pack,Nabisco Ritz Galletas Queso Six Pack,500,5.8,61.7,23.5,0,4,e,[]
Mejillones al natural,Mejillones al natural,,,,,,,unknown,"['en:fish-meat-eggs', 'en:fish-and-seafood']"
Jamón de cerdo pietran,,,,,,,,unknown,[]
Avena Original,Avena Original,80,2,13.5,2,0.5,4,e,"['en:beverages', 'en:plant-based-milk-substitutes']"
Muesli Croustillant Chocolat Caramel,,461,9,61,18,9.7,4,d,"['en:cereals-and-potatoes', 'en:breakfast-cereals']"
ACT II sabor Natural,ACT II sabor Natural,,,,,,3,a,"['en:salty-snacks', 'en:salty-and-fatty-products']"
Choco lyne,,0.5,0.5,1,0.25,0.5,,unknown,[]
82% Cacao Supreme Dark,82% Cacao Supreme Dark,560,12,22,44,,4,d,"['en:sugary-snacks', 'en:chocolate-products']"
Infusion Herbal Frutos Rojos,Infusion Herbal Frutos Rojos,,,,,,4,unknown,"['en:beverages', 'en:artificially-sweetened-beverages']"
Palitroques,Palitroques,437.5,12.5,75,9.375,6.25,3,d,"['en:cereals-and-potatoes', 'en:cereals']"
Kumis El Original,Kumis El Original,91,3.1,13,3,0,3,e,"['en:beverages', 'en:sweetened-beverages']"
Galleta integral con 9 grants,,423.076923076923,7.6923076923077,76.923076923077,19.2307692307692,11.5384615384616,,unknown,"['en:sugary-snacks', 'en:biscuits-and-cakes']"
Gelatina frutino sabor a frutos rojos,Gelatina frutino sabor a frutos rojos,,,,,,4,not-applicable,"['en:sugary-snacks', 'en:sweets']"
bocaditos,bocaditos,160,5,12,10,3,4,b,"['en:fruits-and-vegetables', 'en:fruits']"
Hatsu Bites con Mango y Chia Cubiertos con Yogurt,Hatsu Bites con Mango y Chia Cubiertos con Yogurt,400,8,64,18,12,4,d,[]
Granola Light Mix de Frutas,Granola Light Mix de Frutas,236.363636363636,7.27272727272727,74.5454545454545,5.45454545454545,36.3636363636364,,a,"['en:cereals-and-potatoes', 'en:breakfast-cereals']"
San Jorge Mermelada de Frutos Rojos,San Jorge Mermelada de Frutos Rojos,233.333333333333,0,60,0,0,,d,"['en:sugary-snacks', 'en:sweets']"
Granola,Granola,418.18181818182,9.0909090909091,72.727272727273,9.0909090909091,12.727272727273,,d,"['en:cereals-and-potatoes', 'en:breakfast-cereals']"
Taeq Cuadritos de Avena,Taeq Cuadritos de Avena,400,10,80,3.33333333333333,3.33333333333333,,c,"['en:cereals-and-potatoes', 'en:breakfast-cereals']"
Pastillas Chao cerez,Pastillas Chao cerez,,,,,,,unknown,"['en:sugary-snacks', 'en:sweets']"
Avena Original,Avena Original,79.1666666666667,2.08333333333333,13.3333333333333,1.875,0.416666666666667,,e,"['en:beverages', 'en:plant-based-milk-substitutes']"
Tocineta Ahumada Burger,Tocineta Ahumada Burger,200,15,5,15,0,4,e,"['en:fish-meat-eggs', 'en:meat', 'en:meat-other-than-poultry']"
0% Grasa Baja en Colesterol,0% Grasa Baja en Colesterol,33.3333333333333,3.33333333333333,5,0,0,4,b,"['en:milk-and-dairy-products', 'en:milk-and-yogurt']"
Leche Entera,Leche Entera,54.1666666666667,2.5,4.16666666666667,2.91666666666667,0,,c,"['en:milk-and-dairy-products', 'en:milk-and-yogurt']"
gelatinas fruto jelly,gelatinas fruto jelly,,,,,,,not-applicable,[]
saltines noel,saltines noel,,,,,,,unknown,[]
Froot Loops,Froot Loops,120,2,26,0.5,0,4,c,"['en:cereals-and-potatoes', 'en:cereals']"
,,,,,,,,unknown,[]
Mezcla de maní almendra y marañon,Mezcla de maní almendra y marañon,,,,,,,unknown,"['en:salty-snacks', 'en:nuts']"
Avena UHT Sabor a Canela,Avena UHT Sabor a Canela,75,2.5,11,2.5,0,4,e,"['en:beverages', 'en:plant-based-milk-substitutes']"
galletas saladas crujientes,galletas saladas crujientes,406.25,9.375,78.125,6.25,3.125,3,d,"['en:sugary-snacks', 'en:biscuits-and-cakes']"
Club Colombia Dorada,Club Colombia Dorada,39.6969696969697,,,,,3,not-applicable,['en:alcoholic-beverages']
Bebida Energizante sin Azúcar,Bebida Energizante sin Azúcar,0,0,0,0,0,4,c,"['en:beverages', 'en:artificially-sweetened-beverages']"
Bebida hidratante sabor tropical,Bebida hidratante sabor tropical,,,,,,4,unknown,[]
Bebida Gaseosa Hipinto,Bebida Gaseosa Hipinto,45.8333333333333,0,11.25,0,0,3,e,"['en:beverages', 'en:sweetened-beverages']"
Chocolatinas Jet,Chocolatinas Jet,70,1,58,33,,,e,"['en:sugary-snacks', 'en:chocolate-products']"
Trululú Oro,Trululú Oro,375,8.33333333333333,83.3333333333333,0,0,4,e,"['en:sugary-snacks', 'en:sweets']"
Fitness Fruits,Fitness Fruits,400,6.66666666666667,80,3.33333333333333,10,4,b,"['en:cereals-and-potatoes', 'en:breakfast-cereals']"
Kellogg's Corn Flakes,Kellogg's Corn Flakes,366.666666666667,6.66666666666667,86.6666666666667,0,3.33333333333333,3,c,"['en:cereals-and-potatoes', 'en:breakfast-cereals']"
Soy Plus Sin Lactosa Vainilla,Soy Plus Sin Lactosa Vainilla,454.545454545455,21.2121212121212,48.4848484848485,18.1818181818182,0,4,e,"['en:cereals-and-potatoes', 'en:legumes']"
,,,,,,,,unknown,[]
Tostada Centregranos,Tostada Centregranos,360,10,50,10,10,,c,"['en:cereals-and-potatoes', 'en:bread']"
Arepa de yuca con queso,,321.666666666667,8.33333333333333,53.3333333333333,8.33333333333333,,,unknown,[]
Jamón de pavo Premium 2 tajadas,,119.047619047619,19.047619047619,4.76190476190476,2.38095238095238,,,unknown,[]
Don Chicharrón Barbecue,Don Chicharrón Barbecue,571.428571428571,57.1428571428571,0,37.1428571428571,0,,e,[]
Hatsu Mix de Nueces y Frutas Cubiertas con Yogurt,Hatsu Mix de Nueces y Frutas Cubiertas con Yogurt,525,20,35,37.5,10,4,d,"['en:fruits-and-vegetables', 'en:dried-fruits']"
Tostacos Picantes,Tostacos Picantes,500,10.5263157894737,10.5263157894737,23.6842105263158,5.26315789473684,3,e,[]
,,,,,,,,unknown,[]
Leche Entera Maxilitro,Leche Entera Maxilitro,60,3,5,3,0,,c,"['en:milk-and-dairy-products', 'en:milk-and-yogurt']"
Mamma Quinoa Miel de Abeja,Mamma Quinoa Miel de Abeja,400,13.3333333333333,73.3333333333333,6.66666666666667,10,,b,"['en:cereals-and-potatoes', 'en:breakfast-cereals']"
Consciente Mix Garbanzos y Quinoa,Consciente Mix Garbanzos y Quinoa,533.333333333333,16.6666666666667,43.3333333333333,33.3333333333333,16.6666666666667,4,c,"['en:salty-snacks', 'en:nuts']"
Fire Kids Sandia,Fire Kids Sandia,307.692307692308,,,0,,4,unknown,"['en:sugary-snacks', 'en:sweets']"
Café Instantáneo Polvo,Café Instantáneo Polvo,,,,,,,unknown,[]
Vanicanela,Vanicanela,,,,,,1,unknown,"['en:beverages', 'en:teas-and-herbal-teas-and-coffees']"
Endulzante natural,,,,,,,,unknown,[]
,,400,10,65,10,0,,e,"['en:sugary-snacks', 'en:sweets']"
Salsa de Tomate,Salsa de Tomate,22.7272727272727,0,4.54545454545455,0,0,4,b,"['en:fats-and-sauces', 'en:dressings-and-sauces']"
Mixtura de Frutos Secos y Arandanos,Mixtura de Frutos Secos y Arandanos,600,16.6666666666667,33.3333333333333,43.3333333333333,6.66666666666667,3,d,"['en:salty-snacks', 'en:nuts']"
Colombiana Sin Calorías,Colombiana Sin Calorías,0,0,0,0,0,4,c,"['en:beverages', 'en:artificially-sweetened-beverages']"
Uvalina tomates cherry,,,,,,,,unknown,"['en:fruits-and-vegetables', 'en:vegetables']"
Bon nuit dietary supplement,,,,,,,,unknown,[]
,,,,,,,,unknown,[]
Queso pera,Queso pera,,,,,,,unknown,"['en:milk-and-dairy-products', 'en:cheese']"
,,,,,,,,unknown,[]
Mr.Tea Cero Calorías Durazno,Mr.Tea Cero Calorías Durazno,0,0,0.416666666666667,0,0,,b,"['en:beverages', 'en:teas-and-herbal-teas-and-coffees']"
Miel de abejas,Miel de abejas,,,,,,,unknown,"['en:sugary-snacks', 'en:sweets']"
,Rizadas Mayonesa,540,4.8,56,34.4,5.6,,unknown,[]
Nachos,,,,,,,,unknown,[]
Mountain Food Maní con Sal,Mountain Food Maní con Sal,700,30,20,50,0,3,e,"['en:fruits-and-vegetables', 'en:dried-fruits']"
Helado Artesanal Cookies and Cream,Helado Artesanal Cookies and Cream,186.666666666667,2.66666666666667,30.6666666666667,6.66666666666667,1.33333333333333,4,d,"['en:milk-and-dairy-products', 'en:ice-cream']"
,,,,,,,,unknown,[]
Leche de Soya 40 y Tantos Sabor Original,Leche de Soya 40 y Tantos Sabor Original,636.363636363636,45.4545454545455,84.8484848484848,15.1515151515152,6.06060606060606,4,d,"['en:cereals-and-potatoes', 'en:legumes']"
,,,,,,,,unknown,[]
,,,,,,,,unknown,[]
,,,,,,,,unknown,[]
Frijol Calima,Frijol Calima,350,20,,3.33333333333333,,,a,"['en:cereals-and-potatoes', 'en:legumes']"
Chocolate,Chocolate,297,20,50.2,1.3,,,unknown,"['en:beverages', 'en:teas-and-herbal-teas-and-coffees']"
,Avena En Hojuelas Sabor Vainilla,358.333333333333,13.75,66.6666666666667,7.08333333333333,14.5833333333333,,unknown,[]
La especial,La especial,526.666666666667,14,50,29.6666666666667,6.66666666666667,,unknown,[]
Yogurt,Yogurt,,,,,,,unknown,[]
Colombia Papas Fritas,,,,,,,,unknown,[]
Fruco Salsa Rosada,,35,0,2,3,0,,b,"['en:fats-and-sauces', 'en:dressings-and-sauces']"
Penne Rigate,,,,,,,,unknown,"['en:cereals-and-potatoes', 'en:cereals']"
,,337.5,12.5,76.25,0,3.75,,a,"['en:cereals-and-potatoes', 'en:cereals']"
SunTea Limón,SunTea Limón,,,,,,,unknown,"['en:beverages', 'en:teas-and-herbal-teas-and-coffees']"
Insta crem,Insta crem,,,,,,4,unknown,[]
Cerezas Marrasschino,Cerezas Marrasschino,0,0,0,0,0,4,a,"['en:fruits-and-vegetables', 'en:fruits']"
,,,,,,,,unknown,[]
Tocineta,Tocineta,233.333333333333,6.66666666666667,6.66666666666667,20,0,,d,"['en:fish-meat-eggs', 'en:meat', 'en:meat-other-than-poultry']"
La Lechera,,0.3,6.66666666666667,56.6666666666667,6.66666666666667,0,,d,"['en:milk-and-dairy-products', 'en:milk-and-yogurt']"
Dulce de Leche,Dulce de Leche,2.5,1,17,1.5,,,c,"['en:sugary-snacks', 'en:sweets']"
Platanitos verdes,Platanitos verdes,535.714285714286,0,57.1428571428571,35.7142857142857,7.14285714285714,,d,[]
Avena en Hojuelas Precocida,Avena en Hojuelas Precocida,409.090909090909,18.1818181818182,68.1818181818182,6.81818181818182,9.09090909090909,,a,"['en:cereals-and-potatoes', 'en:cereals']"
queso mozzarela entero,queso mozzarela entero,,,,,,,unknown,"['en:milk-and-dairy-products', 'en:cheese']"
Alimento liquido de coco,,,,,,,,unknown,[]
Bicarbonato de sodio,Bicarbonato de sodio,,,,,,1,not-applicable,[]
Sour Glowworms,Sour Glowworms,168,3,38,0,0,4,c,"['en:sugary-snacks', 'en:sweets']"
Carne de res cruda molida,Carne de res cruda molida,150,20,5,6,0,4,c,"['en:fish-meat-eggs', 'en:meat', 'en:meat-other-than-poultry']"
Tocineta premium,Tocineta premium,320,20,8,24,0,4,d,"['en:fish-meat-eggs', 'en:processed-meat']"
,,,,,,,,unknown,[]
Tomates Peritas,Tomates Peritas,19,0.7,3.5,0,0.6,1,a,"['en:fruits-and-vegetables', 'en:vegetables']"
Pistachos Horneados con Sal,Pistachos Horneados con Sal,566.666666666667,16.6666666666667,30,43.3333333333333,10,3,c,"['en:salty-snacks', 'en:nuts']"
,,,,,,,,unknown,[]
Doria Spaghetti,Doria Spaghetti,350,13.75,73.75,0,5,,a,"['en:cereals-and-potatoes', 'en:cereals']"
Agua sin gas,Agua sin gas,0,0,0,0,0,,a,"['en:beverages', 'en:unsweetened-beverages']"
,,,,,,,,unknown,[]
"Parsnip, Sweet Potato and Beetroot Chips",,500,3.5714285714286,60.714285714286,25,3.5714285714286,,unknown,[]
Leche Semidescremada LÄKTOLAND,Leche Semidescremada LÄKTOLAND,50,2.91666666666667,4.58333333333333,2.08333333333333,0,4,b,"['en:milk-and-dairy-products', 'en:milk-and-yogurt']"
BBC Cerveza Roja Tipo Bitter Monserrate,BBC Cerveza Roja Tipo Bitter Monserrate,,,,,,3,not-applicable,['en:alcoholic-beverages']
,Lentejas,362,25,63,1.1,11,,unknown,[]
Ponky,,1309.52380952381,,,,,,unknown,[]
AGUA MÁS,AGUA MÁS,,,,,,1,unknown,"['en:beverages', 'en:waters-and-flavored-waters']"
Mortadela Zenú pollo,,,,,,,,unknown,[]
Barks Fresa,Barks Fresa,560,8,48,36,8,3,e,"['en:sugary-snacks', 'en:chocolate-products']"
Jamón de pavo Casablanca S.A.,Jamón de pavo Casablanca S.A.,0.184210526315789,15.7894736842105,2.63157894736842,1.31578947368421,0,4,d,"['en:fish-meat-eggs', 'en:meat', 'en:meat-other-than-poultry']"
Salsa de Tomate,Salsa de Tomate,100,6.66666666666667,20,0,6.66666666666667,4,d,"['en:fats-and-sauces', 'en:dressings-and-sauces']"
frijoles con tocino frescampo,frijoles con tocino frescampo,0.0769230769230769,5.38461538461539,13.8461538461538,1.15384615384615,4.61538461538461,4,b,"['en:cereals-and-potatoes', 'en:legumes']"
Platanitos Fritos Don Jose,Platanitos Fritos Don Jose,0.535714285714286,0,60.7142857142857,32.1428571428571,0,3,d,[]
Riovalle Pistachos,Riovalle Pistachos,600,20,23.3333333333333,46.6666666666667,10,3,c,"['en:salty-snacks', 'en:nuts']"
Leche en Polvo Entera Cosmolac,Leche en Polvo Entera Cosmolac,500,26.6666666666667,40,26.6666666666667,3.33333333333333,4,unknown,"['en:milk-and-dairy-products', 'en:milk-and-yogurt']"
Salchicha Viena BLONY,Salchicha Viena BLONY,0.125,10.4166666666667,4.16666666666667,6.25,0,4,c,"['en:fish-meat-eggs', 'en:meat', 'en:poultry']"
Tortillas Integrales,,258.06451612903,9.6774193548387,51.612903225806,3.2258064516129,,,d,"['en:cereals-and-potatoes', 'en:bread']"
Vinagrete Salad Dressing,,50,0,13.333333333333,0,,,unknown,[]
Yogurt mora Celema,Yogurt mora Celema,105,2.5,17.5,3,0,4,e,"['en:beverages', 'en:sweetened-beverages']"
fosforitos,fosforitos,500,6.66666666666667,60,26.6666666666667,3.33333333333333,3,d,"['en:cereals-and-potatoes', 'en:potatoes']"
Salsa de tomate Ekono,Salsa de tomate Ekono,100,0,26.6666666666667,0,0,4,d,"['en:fats-and-sauces', 'en:dressings-and-sauces']"
,,,,,,,,unknown,[]
Pan para Hamburguesa,Pan para Hamburguesa,127.272727272727,5.45454545454545,0,1.81818181818182,4.54545454545455,,a,"['en:cereals-and-potatoes', 'en:bread']"
Aloha Mix Frutos Rojos y Salsa de Leche Condensada,Aloha Mix Frutos Rojos y Salsa de Leche Condensada,87.5,0,20,1.25,0,4,c,"['en:milk-and-dairy-products', 'en:ice-cream']"
,,,,,,,,unknown,[]
Coca Cola Sabor Original,Coca Cola Sabor Original,41.6666666666667,0,10.8333333333333,0,0,,e,"['en:beverages', 'en:sweetened-beverages']"
Cargando…,Cargando…,,,,,,,unknown,[]
Cargando…,Cargando…,,,,,,,unknown,[]
Infusión Frambuesa Hibiscus,Infusión Frambuesa Hibiscus,,,,0,,4,unknown,"['en:beverages', 'en:unsweetened-beverages']"
,,,,,,,,unknown,[]
Harina de Trigo Fortificado,Harina de Trigo Fortificado,333.333333333333,10,76.6666666666667,0,0,,a,"['en:cereals-and-potatoes', 'en:cereals']"
Tocineta Express BBQ,Tocineta Express BBQ,,,,,,,unknown,[]
Helado Lácteo Fresa,Helado Lácteo Fresa,,,,,,,unknown,"['en:milk-and-dairy-products', 'en:ice-cream']"
Pasta de Tomate,Pasta de Tomate,66.6666666666667,0,16.6666666666667,0,0,4,d,"['en:fruits-and-vegetables', 'en:vegetables']"
Trolli Oink!,Trolli Oink!,,,,,,,unknown,[]
Arequipe,Arequipe,90,2,16,2,0,,c,"['en:sugary-snacks', 'en:sweets']"
zetva ajo,zetva ajo,,,,,,,unknown,[]
Kefir Deslactosado,Kefir Deslactosado,45,3.3,4.4,1.6,0,,b,"['en:milk-and-dairy-products', 'en:milk-and-yogurt']"
Glucerna,,,,,,,4,unknown,[]
Jumbo Flow Blanca,Jumbo Flow Blanca,479.166666666667,7.08333333333333,62.5,22.0833333333333,1.25,4,e,"['en:sugary-snacks', 'en:biscuits-and-cakes']"
Kibo Chips de Garbanzos Sabor a Caramelo,Kibo Chips de Garbanzos Sabor a Caramelo,98.2142857142857,6.25,12.5,0,2.67857142857143,,e,[]
One Peace Mix,One Peace Mix,333.333333333333,3.33333333333333,76.6666666666667,0,10,,d,"['en:fruits-and-vegetables', 'en:dried-fruits']"
Jappi Bebida de Almendras con Calcio Sabor Natural,Jappi Bebida de Almendras con Calcio Sabor Natural,25,1,0,3,0,,b,"['en:beverages', 'en:plant-based-milk-substitutes']"
Crema de Mani,Crema de Mani,90,4,3,7,0,,e,"['en:cereals-and-potatoes', 'en:legumes']"
Bebida de Almendras Original,Bebida de Almendras Original,25,1,3.5,1,0.5,1,c,"['en:beverages', 'en:plant-based-milk-substitutes']"
Platanitos verdes Ramo,,500,2.5,72.5,22.5,5,3,d,[]
DeTodito 45g,,150,1,20,7,1,4,c,[]
Súper Salchicha,Súper Salchicha,,,,,,,unknown,"['en:fish-meat-eggs', 'en:processed-meat']"
Veggie Power Vainilla,Veggie Power Vainilla,,,,,,4,unknown,[]
Parfait Frutos del Bosque,Parfait Frutos del Bosque,150,4.375,19.375,3.125,3.125,4,c,"['en:milk-and-dairy-products', 'en:milk-and-yogurt']"
Chicharrón,Chicharrón,520,60,0,32,0,3,e,[]
Jugo de Naranja,Jugo de Naranja,30,,,0,,,unknown,"['en:beverages', 'en:fruit-juices']"
Leche Entera,Leche Entera,58.3333333333333,2.91666666666667,5,2.91666666666667,0,4,c,"['en:milk-and-dairy-products', 'en:milk-and-yogurt']"
Crema multiactiva,Crema multiactiva,,,,,,1,unknown,[]
Garbanzos,Garbanzos,,,,,,,unknown,"['en:cereals-and-potatoes', 'en:legumes']"
Granola Coco,Granola Coco,,,,,,,unknown,[]
Avena,Avena,75,2,12,2,0.5,4,e,"['en:beverages', 'en:plant-based-milk-substitutes']"
Gelatina Colageno,Gelatina Colageno,,,,,,4,unknown,[]
FINO Light,FINO Light,900,0,0,100,0,2,c,"['en:fats-and-sauces', 'en:fats']"
Limoncitas,Limoncitas,421.052631578947,5.26315789473684,84.2105263157895,5.26315789473684,0,4,e,"['en:sugary-snacks', 'en:biscuits-and-cakes']"
Speed Max,Speed Max,25,0,5.83333333333333,0,0.833333333333333,,c,[]
Speed Max,Speed Max,,,,,,,unknown,[]
Tostaos 100% Integrales,Tostaos 100% Integrales,400,16.6666666666667,63.3333333333333,8.33333333333333,16.6666666666667,4,d,"['en:cereals-and-potatoes', 'en:bread']"
Ducoco Bebida de coco,Ducoco Bebida de coco,33.3333333333333,0.416666666666667,1.25,2.91666666666667,0.833333333333333,4,b,"['en:beverages', 'en:plant-based-milk-substitutes']"
Salsa de tomate,Salsa de tomate,106.666666666667,1.33333333333333,25.3333333333333,0,0.666666666666667,3,d,"['en:fats-and-sauces', 'en:dressings-and-sauces']"
H2OH,H2OH,,,,,,,unknown,[]
Avena Precocida en Hojuela,Avena Precocida en Hojuela,409.090909090909,13.6363636363636,68.1818181818182,6.81818181818182,9.09090909090909,1,a,"['en:cereals-and-potatoes', 'en:breakfast-cereals']"
Hindú Para la Noche,Hindú Para la Noche,,,,,,1,unknown,"['en:beverages', 'en:unsweetened-beverages']"
Pan Integral con Pasas Sabor a Miel,Pan Integral con Pasas Sabor a Miel,,,,,,,unknown,"['en:cereals-and-potatoes', 'en:bread']"
Tropicalyá,Tropicalyá,400,0,96,0,,4,unknown,[]
Arroz achocolatado,Arroz achocolatado,400,3.33333333333333,86.6666666666667,3.33333333333333,3.33333333333333,4,d,"['en:cereals-and-potatoes', 'en:breakfast-cereals']"
,,500,6.66666666666667,63.3333333333333,26.6666666666667,3.33333333333333,4,e,"['en:salty-snacks', 'en:appetizers']"
Rico Salsa Gulash,Rico Salsa Gulash,409.090909090909,9.09090909090909,63.6363636363636,13.6363636363636,0,4,unknown,"['en:fats-and-sauces', 'en:dressings-and-sauces']"
Caldo con costilla,Caldo con costilla,,,,,,4,unknown,[]
Del Valle Refresco de Mango y Fresa,Del Valle Refresco de Mango y Fresa,,,,,,,unknown,[]
Tornillinas Burritos,Tornillinas Burritos,320,10,50,9,4,4,d,"['en:composite-foods', 'en:sandwiches']"
Milo,Milo,360,8,80,4,4,,unknown,[]
Barra Natural Mantequilla de Maní,Barra Natural Mantequilla de Maní,400,26,40,16,14,,not-applicable,"['en:sugary-snacks', 'en:biscuits-and-cakes']"
Milo,Milo,60,12,76,6,48,,unknown,[]
not milk,not milk,30,1.6,2,1.4,,4,b,"['en:beverages', 'en:plant-based-milk-substitutes']"
Bénet,Bénet,400,20,62,12,6,4,c,[]
,,,,,,,,unknown,"['en:fruits-and-vegetables', 'en:dried-fruits']"
Achiras Amazonic Chili,Achiras Amazonic Chili,360,28,52,20,0,,b,[]
AGUACATE HASS,AGUACATE HASS,,,,,,,unknown,[]
The Cantaro,The Cantaro,,,,,,,unknown,[]
Medalla de Oro Trozos de Atun en Agua,Medalla de Oro Trozos de Atun en Agua,,,,,,3,b,"['en:fish-meat-eggs', 'en:fish-and-seafood', 'en:fatty-fish']"
Fitness Original,Fitness Original,366.666666666667,10,80,3.33333333333333,10,,b,"['en:cereals-and-potatoes', 'en:breakfast-cereals']"
Fitness Original,Fitness Original,,,,,,,unknown,[]
Fitness Original,Fitness Original,,,,,,,unknown,[]
Raizan Flomecol,Raizan Flomecol,,,,,,,unknown,[]
,,,,,,,,unknown,[]
Vainilla Light en Calorías,Vainilla Light en Calorías,116.666666666667,3.33333333333333,16.6666666666667,4.16666666666667,0,4,c,"['en:milk-and-dairy-products', 'en:ice-cream']"
Caldo de costillas,Caldo de costillas,0,0,36.363636363636,0,0,4,unknown,[]
Premezcla para Pancakes,Premezcla para Pancakes,,,,,,,unknown,[]
Doria Macarrones con Queso,Doria Macarrones con Queso,343.75,12.5,75,0,3.125,4,a,"['en:cereals-and-potatoes', 'en:cereals']"
Doria Spaghetti Sin Gluten con Quinoa y Chía,Doria Spaghetti Sin Gluten con Quinoa y Chía,350,7.5,72.5,2.5,3.75,3,b,"['en:cereals-and-potatoes', 'en:cereals']"
Vinagre de Sidra de Manzana,Vinagre de Sidra de Manzana,,,,,,2,not-applicable,"['en:fats-and-sauces', 'en:dressings-and-sauces']"
Cheese girasoli,Cheese girasoli,239,10,37,5.1,1.7,,c,"['en:fruits-and-vegetables', 'en:dried-fruits']"
Vita Granola Vainilla,Vita Granola Vainilla,436.363636363636,7.27272727272727,74.5454545454545,10.9090909090909,9.09090909090909,,a,"['en:cereals-and-potatoes', 'en:breakfast-cereals']"
Té Negro,Té Negro,,0,0,0,,,unknown,"['en:beverages', 'en:unsweetened-beverages']"
Aromáticas Surtidas,Aromáticas Surtidas,,,,,,,unknown,[]
happy cream,happy cream,,,,,,,unknown,[]
Leche Entera,Leche Entera,,,,,,,unknown,"['en:milk-and-dairy-products', 'en:milk-and-yogurt']"
La Especial Choco Arándanos,La Especial Choco Arándanos,520,12,48,32,4,4,e,"['en:sugary-snacks', 'en:sweets']"
Chalet Chocolate con Leche,Chalet Chocolate con Leche,560,4,58,34,2,4,e,"['en:sugary-snacks', 'en:chocolate-products']"
Ramito,Ramito,400,8,60,14,4,4,e,"['en:sugary-snacks', 'en:biscuits-and-cakes']"
,,,,,,,,unknown,[]
Flopi Bala de Cereja,sugar free,,,,,,4,unknown,"['en:sugary-snacks', 'en:sweets']"
helado aloha,helado aloha,,,,,,,unknown,[]
,,,,,,,,unknown,[]
Aroma Café Instantáneo en Polvo,Aroma Café Instantáneo en Polvo,,,,,,,unknown,[]
Almendra Francesa,Almendra Francesa,,,,,,,unknown,[]
Zucaritas,Zucaritas,366.666666666667,3.33333333333333,90,0,3.33333333333333,3,d,"['en:cereals-and-potatoes', 'en:breakfast-cereals']"
Mogolla Integral Tres Cereales Sabor a Coco,Mogolla Integral Tres Cereales Sabor a Coco,310,11.75,55,5.5,3.75,4,c,[]
La Constancia Salsa de Tomate,La Constancia Salsa de Tomate,,,,,,4,d,"['en:fats-and-sauces', 'en:dressings-and-sauces']"
Cheese tris,Cheese tris,500,10,60,25,,,unknown,[]
Spezia Linaza Molida,Spezia Linaza Molida,,,,,,,unknown,[]
Milo,Milo,,,,,,,unknown,[]
Sal Marina Bajo en Sodio,Sal Marina Bajo en Sodio,,,,,,2,not-applicable,[]
Chocoramo Forti,Chocoramo Forti,425,5,52.5,22.5,5,4,e,"['en:sugary-snacks', 'en:biscuits-and-cakes']"
El rey,El rey,,,,,,1,unknown,[]
Ainoa Tomates Secos en Aceite con Hierbas,Ainoa Tomates Secos en Aceite con Hierbas,,,,,,,unknown,"['en:fruits-and-vegetables', 'en:vegetables']"
Crakeñas,Crakeñas,410,8.7,78,9.4,3.3,4,d,"['en:sugary-snacks', 'en:biscuits-and-cakes']"
La Lechera,La Lechera,300,6.66666666666667,56.6666666666667,6.66666666666667,0,3,e,"['en:milk-and-dairy-products', 'en:milk-and-yogurt']"
Hit Frutas Tropicales,Hit Frutas Tropicales,37.5,0.416666666666667,9.16666666666667,0,,,e,"['en:beverages', 'en:sweetened-beverages']"
Choco Lyne Clavos y Canela Sin Azúcar,Choco Lyne Clavos y Canela Sin Azúcar,,,,,,4,unknown,[]
Yogurt Griego Latti Frutos Amarillos,Yogurt Griego Latti Frutos Amarillos,,,,,,4,unknown,"['en:milk-and-dairy-products', 'en:milk-and-yogurt']"
Meli Mellow Sabor a Vainilla,Meli Mellow Sabor a Vainilla,321.428571428571,3.57142857142857,78.5714285714286,0,0,4,e,[]
granola,granola,,,,,,,unknown,[]
Kola Román,Kola Román,33.3333333333333,0,8.33333333333333,0,,,d,"['en:beverages', 'en:sweetened-beverages']"
Chokis,Chokis,,,,,,,unknown,[]
Arroz Excelso,Arroz Excelso,360,8,80,0,4,,b,"['en:cereals-and-potatoes', 'en:cereals']"
Café Instantáneo en Polvo,Café Instantáneo en Polvo,,,,,,,unknown,[]
cappuccino,cappuccino,,,,,,,unknown,[]
Spaghetti,Spaghetti,,,,,,,unknown,"['en:cereals-and-potatoes', 'en:cereals']"
gomitas grisly sour asidas,gomitas grisly sour asidas,,,,,,,unknown,[]
Jumbo Flow,Jumbo Flow,458.333333333333,6.25,62.5,20.8333333333333,0,,e,[]
Palomitas taeq,,400,4,84,8,16,,unknown,[]
Pan Perro,Pan Perro,290.322580645161,9.67741935483871,50,4.83870967741935,3.2258064516129,4,d,"['en:cereals-and-potatoes', 'en:bread']"
Wafers Sabor a Guanabana,Wafers Sabor a Guanabana,500,4.16666666666667,66.6666666666667,25,0,,e,"['en:sugary-snacks', 'en:biscuits-and-cakes']"
Colombina 100% Wafer Gluten Free Chocolate,Colombina 100% Wafer Gluten Free Chocolate,500,3.84615384615385,73.0769230769231,23.0769230769231,3.84615384615385,4,e,"['en:sugary-snacks', 'en:biscuits-and-cakes']"
Vivri Tomato Basil,Vivri Tomato Basil,,,,,,,unknown,"['en:fruits-and-vegetables', 'en:soups']"
Zucaritas Granola,Zucaritas Granola,400,10,83.3333333333333,5,6.66666666666667,,c,"['en:cereals-and-potatoes', 'en:breakfast-cereals']"
familia 12 rollos 50mil,familia 12 rollos 50mil,,,,,,,unknown,[]
Gala,Gala,,,,,,,unknown,[]
Todo Rico,Todo Rico,,,,,,,unknown,[]
Natri Almendra,Natri Almendra,391.304347826087,0,73.9130434782609,8.69565217391304,0,,e,"['en:beverages', 'en:plant-based-milk-substitutes']"
pastas nieve,pastas nieve,,,,,,,unknown,[]
l,l,,,,,,,unknown,[]
Maxilitro Leche Descremada,Maxilitro Leche Descremada,35.04,3.504,5.496,0,,4,b,"['en:milk-and-dairy-products', 'en:milk-and-yogurt']"
Miel de Caña Orgánica,Miel de Caña Orgánica,,0,80,0,0,,unknown,"['en:sugary-snacks', 'en:sweets']"
Papos Sabor Limón,Papos Sabor Limón,,,,,,,unknown,"['en:cereals-and-potatoes', 'en:potatoes']"
Redonditas,Redonditas,,,,,,,unknown,[]
Salsa Boloñesa,Salsa Boloñesa,96,4,7.2,5.6,2.4,4,c,"['en:fats-and-sauces', 'en:dressings-and-sauces']"
Pan gourmet,Pan gourmet,,,,,,,unknown,[]
Ponqué Familiar,Ponqué Familiar,,,,,,,unknown,"['en:sugary-snacks', 'en:biscuits-and-cakes']"
Hummus Original con Garbanzos y Limón,Hummus Original con Garbanzos y Limón,280,8,20,18,4,3,c,"['en:fats-and-sauces', 'en:dressings-and-sauces']"
Lomitos de Mojarra,Lomitos de Mojarra,,,,,,4,unknown,"['en:fish-meat-eggs', 'en:fish-and-seafood']"
Mamma Quinoa Natural,Mamma Quinoa Natural,433.333333333333,13.3333333333333,73.3333333333333,8.33333333333333,10,,a,"['en:cereals-and-potatoes', 'en:breakfast-cereals']"
Avena en Hojuelas Quaker,Avena en Hojuelas Quaker,454.545454545455,13.6363636363636,77.2727272727273,9.09090909090909,18.1818181818182,,unknown,[]
Hugh Potency Vitamin C with Rose Hips,Hugh Potency Vitamin C with Rose Hips,,,,,,4,unknown,[]
,,,,,,,,unknown,[]
Zippers Chocolate y Avellana,Zippers Chocolate y Avellana,,,,,,,unknown,"['en:cereals-and-potatoes', 'en:breakfast-cereals']"
Galleta Integral Avena y Miel,Galleta Integral Avena y Miel,,,,,,,unknown,"['en:sugary-snacks', 'en:biscuits-and-cakes']"
Tosh Barra Chocolate,Tosh Barra Chocolate,391.304347826087,8.69565217391304,65.2173913043478,15.2173913043478,17.3913043478261,,c,"['en:sugary-snacks', 'en:biscuits-and-cakes']"
Piazza Vainilla,Piazza Vainilla,488.888888888889,4.44444444444444,71.1111111111111,20,0,4,e,[]
Tutti Frutti Salpicón,Tutti Frutti Salpicón,,,,,,,unknown,"['en:beverages', 'en:sweetened-beverages']"
Lolita mantequilla,Lolita mantequilla,,,,,,2,unknown,"['en:fats-and-sauces', 'en:fats']"
Harina de Trigo Fortificada Tradicional,Harina de Trigo Fortificada Tradicional,,,,,,1,a,"['en:cereals-and-potatoes', 'en:cereals']"
Pandebono caleño crocante,Pandebono caleño crocante,,,,,,,unknown,[]
Bianchi Chocolates Maní,Bianchi Chocolates Maní,,,,,,,unknown,[]
Cereal Granola de Coco y Pasas,Cereal Granola de Coco y Pasas,366.666666666667,6.66666666666667,76.6666666666667,3.33333333333333,10,3,c,"['en:cereals-and-potatoes', 'en:breakfast-cereals']"
Cereal Granola de Coco y Pasas,Cereal Granola de Coco y Pasas,366.666666666667,6.66666666666667,76.6666666666667,3.33333333333333,10,3,c,"['en:cereals-and-potatoes', 'en:breakfast-cereals']"
Almond Plus,Almond Plus,333.333333333333,10,76.6666666666667,1.66666666666667,10,4,e,"['en:beverages', 'en:plant-based-milk-substitutes']"
Gol,Gol,483.870967741935,3.2258064516129,64.5161290322581,22.5806451612903,0,,unknown,[]
bridge wafer,bridge wafer,,,,,,,unknown,[]
Z Mezcla de Aceites Vegetales,Z Mezcla de Aceites Vegetales,800,0,0,90,0,2,d,"['en:fats-and-sauces', 'en:fats']"
Salsa BBQ,Salsa BBQ,,,,,,,unknown,"['en:fats-and-sauces', 'en:dressings-and-sauces']"
Granola Light Miel con Uvas,Granola Light Miel con Uvas,,,,,,1,unknown,"['en:cereals-and-potatoes', 'en:breakfast-cereals']"
Masmaï Arepa de Puro Maíz Amarillo,Masmaï Arepa de Puro Maíz Amarillo,,,,,,,unknown,[]
Kumis Entero con Dulce,Kumis Entero con Dulce,105,3,16.5,3,0,,e,"['en:beverages', 'en:sweetened-beverages']"
Compota de Manzana,Compota de Manzana,53.0973451327434,0,13.2743362831858,0,0.884955752212389,1,not-applicable,"['en:baby-foods-and-milks', 'en:baby-foods']"
Jumbo mix,,500,10,48.3333333333333,30,1.66666666666667,,unknown,[]
Yox con Defensis Melocotón Sin Azúcar Añadido,Yox con Defensis Melocotón Sin Azúcar Añadido,60,3,6,2.5,0,,c,"['en:milk-and-dairy-products', 'en:milk-and-yogurt']"
Pepsi,,29.1666666666667,,,,,,unknown,"['en:beverages', 'en:sweetened-beverages']"
Agua Cristal,Agua Cristal,,,,,,,unknown,[]
Néctar Frutto Manzana,Néctar Frutto Manzana,23.3333333333333,0,5.66666666666667,0,0.333333333333333,,c,"['en:beverages', 'en:fruit-nectars']"
Aderezo de Mostaza San Jorge,Aderezo de Mostaza San Jorge,10,,1,,1,4,unknown,"['en:fats-and-sauces', 'en:dressings-and-sauces']"
Bebida de Almendras Sin Azúcar,Bebida de Almendras Sin Azúcar,10.4166666666667,0.833333333333333,0.416666666666667,0.625,0,,b,"['en:beverages', 'en:plant-based-milk-substitutes']"
Play autos,Play autos,,,,,,,unknown,[]
Trufus,Trufus,375,7.5,70,7.5,0,4,d,"['en:sugary-snacks', 'en:sweets']"
,,,,,,,4,unknown,"['en:milk-and-dairy-products', 'en:milk-and-yogurt']"
,,,1,10,0,0,,unknown,[]
Millows Corazón,Millows Corazón,,1,29,0,0,,unknown,"['en:sugary-snacks', 'en:sweets']"
Halls Limón y Miel,Halls Limón y Miel,,,,,,4,unknown,"['en:sugary-snacks', 'en:sweets']"
Té Verde con Sabor a Limón,Té Verde con Sabor a Limón,,,,,,4,unknown,"['en:beverages', 'en:artificially-sweetened-beverages']"
Comarrico Caracol,Comarrico Caracol,333.333333333333,13.3333333333333,73.3333333333333,0,6.66666666666667,4,a,"['en:cereals-and-potatoes', 'en:cereals']"
Piqui Pollo,Piqui Pollo,,,,,,,unknown,[]
FortiKids Yogurt Sabor Fresa,FortiKids Yogurt Sabor Fresa,80,2.66666666666667,11.3333333333333,2.66666666666667,0,4,e,"['en:beverages', 'en:sweetened-beverages']"
,,,,,,,,unknown,[]
Yogurt La Campesina con Sabor a Melocotón,Yogurt La Campesina con Sabor a Melocotón,105,2.5,16.5,2.5,0,,c,"['en:milk-and-dairy-products', 'en:milk-and-yogurt']"
Leche Entera,Leche Entera,110,6,9,6,0,4,e,"['en:milk-and-dairy-products', 'en:milk-and-yogurt']"
Fruly Limón,Fruly Limón,64.2857142857143,0,15.7142857142857,0,,4,c,"['en:milk-and-dairy-products', 'en:ice-cream']"
Gel'Hada Limón,Gel'Hada Limón,375,25,75,0,0,4,e,[]
Harina de Ajonjolí Rojo 100% Natural,Harina de Ajonjolí Rojo 100% Natural,420,40,36,12,0,,b,"['en:cereals-and-potatoes', 'en:cereals']"
Mary Mendez Skinny Crackers Semillas,Mary Mendez Skinny Crackers Semillas,350,16.6666666666667,66.6666666666667,3.33333333333333,20,3,a,"['en:sugary-snacks', 'en:biscuits-and-cakes']"
Queso Manchego Montecampero,Queso Manchego Montecampero,,,,,,4,unknown,"['en:milk-and-dairy-products', 'en:cheese']"
Aceite Gourmet Oliva,Aceite Gourmet Oliva,800,0,0,90,0,,b,"['en:fats-and-sauces', 'en:fats']"
,,,,,,,,unknown,[]
Mayonesa San Jorge,Mayonesa San Jorge,400,0,13.3333333333333,40,0,4,d,"['en:fats-and-sauces', 'en:dressings-and-sauces']"
Ensure,,105.485232067511,5.48523206751055,13.5021097046414,3.37552742616034,,,unknown,[]
All-Bran Linaza,All-Bran Linaza,275,12.5,,3.75,27.5,3,c,"['en:cereals-and-potatoes', 'en:breakfast-cereals']"
,,,,,,,,unknown,[]
PAN Semillas Nutritivas,PAN Semillas Nutritivas,400,8.57142857142857,74.2857142857143,5.71428571428571,14.2857142857143,1,a,"['en:cereals-and-potatoes', 'en:cereals']"
Kumis,Kumis,105,2.5,16.5,2.5,0,4,e,"['en:beverages', 'en:sweetened-beverages']"
Mr. Brownie mani y arequipe,,300,4,41,9,,,unknown,[]
Helado Artesanal Tres Leches,Helado Artesanal Tres Leches,197.142857142857,4.14285714285714,25.7142857142857,8.71428571428571,0.142857142857143,,unknown,[]
Manzanilla miel y jengibre,Manzanilla miel y jengibre,,,,,,,unknown,"['en:beverages', 'en:teas-and-herbal-teas-and-coffees']"
On Guard,On Guard,,,,,,4,unknown,[]
Aceite Fraccionado de Coco,Aceite Fraccionado de Coco,,,,,,,unknown,"['en:fats-and-sauces', 'en:fats']"
Aceite de bebé,Aceite de bebé,,,,,,,unknown,[]
Jamin,,116,13,8.1,3.5,0.8,,unknown,[]
,,,,,,,,unknown,[]
Cristal con Gas,Cristal con Gas,,,,,,,unknown,"['en:beverages', 'en:waters-and-flavored-waters']"
Hojuela de Avena,Hojuela de Avena,409.090909090909,13.6363636363636,68.1818181818182,6.81818181818182,18.1818181818182,1,a,"['en:cereals-and-potatoes', 'en:breakfast-cereals']"
Salsina,Salsina,,,,,,4,not-applicable,[]
,,,,,,,,unknown,[]
arroz,arroz,,8,78,0,2,1,unknown,"['en:cereals-and-potatoes', 'en:cereals']"
Helado Artesanal,Helado Artesanal,142.857142857143,1.42857142857143,24.2857142857143,4.28571428571429,1.42857142857143,4,c,"['en:milk-and-dairy-products', 'en:ice-cream']"
Yogurt descremado sabor natural,,40,3.33333333333333,6.66666666666667,,,,unknown,[]
La Muñeca Spaghetti,La Muñeca Spaghetti,337.5,12.5,76.25,0,3.75,1,a,"['en:cereals-and-potatoes', 'en:cereals']"
Corona Harina de Trigo Fortificada Tradicional,Corona Harina de Trigo Fortificada Tradicional,366.666666666667,10,80,0,3.33333333333333,1,a,"['en:cereals-and-potatoes', 'en:cereals']"
Halls Fruit Mix,Halls Fruit Mix,,,,,,4,unknown,"['en:sugary-snacks', 'en:sweets']"
Té,,,,1,,,,unknown,[]
Pan Blanco,Pan Fit Blanco 0% Azúcar Adicionada,252.631578947368,12.1052631578947,51.578947368421,2.10526315789474,3.68421052631579,,unknown,[]
Salchichón Cervecero Ahumado,Salchichón Cervecero Ahumado,,,,,,4,unknown,"['en:fish-meat-eggs', 'en:processed-meat']"
Ponqués,Ponqués,366.666666666667,8.33333333333333,50,15,3.33333333333333,4,d,"['en:sugary-snacks', 'en:biscuits-and-cakes']"
Halls Mini Extra Fuerte,Halls Mini Extra Fuerte,,,,,,4,unknown,"['en:sugary-snacks', 'en:sweets']"
Salchicha tradicional de res,Salchicha tradicional de res,,,,,,4,unknown,"['en:fish-meat-eggs', 'en:processed-meat']"
Mortadela Jamonada de Res,Mortadela Jamonada de Res,,,,,,4,unknown,"['en:fish-meat-eggs', 'en:processed-meat']"
Tosh Artesanal Arándanos y Açaí,Tosh Artesanal Arándanos y Açaí,461.538461538462,3.84615384615385,73.0769230769231,17.3076923076923,3.84615384615385,,d,"['en:sugary-snacks', 'en:biscuits-and-cakes']"
Tosh Mix de Vegetales,Tosh Mix de Vegetales,500,3.57142857142857,60.7142857142857,25,3.57142857142857,3,d,[]
Yogurt Melocotón,Yogurt Melocotón,105,2.5,16.5,2.5,0,4,c,"['en:milk-and-dairy-products', 'en:milk-and-yogurt']"
,,,,,,,,unknown,[]
mayonesa,,,,,,,,unknown,[]
,,,,,,,,unknown,[]
Aguila light,Aguila light,,,,,,,unknown,[]
Yogurt sin dulce,Yogurt sin dulce,46.6666666666667,3.33333333333333,3.33333333333333,2,0,4,b,"['en:beverages', 'en:unsweetened-beverages']"
Creatine,,18,,3,,2,,unknown,[]
Deslactosada de Fácil Digestión,Deslactosada de Fácil Digestión,45.8333333333333,2.91666666666667,5,1.66666666666667,0,4,b,"['en:milk-and-dairy-products', 'en:milk-and-yogurt']"
Incauca Azúcar Morena,Incauca Azúcar Morena,400,0,100,0,,2,e,"['en:sugary-snacks', 'en:sweets']"
Alagran Frijoles,Alagran Frijoles,333.333333333333,20,56.6666666666667,2.5,5,,a,"['en:cereals-and-potatoes', 'en:legumes']"
,,,,,,,,unknown,[]
Shweppes soda,,0,0,0,0,0,,b,"['en:beverages', 'en:sweetened-beverages']"
Origami,Origami,,7.14285714285714,64.2857142857143,3.57142857142857,20,4,unknown,"['en:sugary-snacks', 'en:biscuits-and-cakes']"
Drácula Refugios Tenebrosos,Drácula Refugios Tenebrosos,316.666666666667,3.33333333333333,30,20,0,4,e,"['en:milk-and-dairy-products', 'en:ice-cream']"
chorizo ranchera premium,,,,,,,,unknown,[]
Cristalina,Cristalina,,,,,,1,unknown,"['en:beverages', 'en:waters-and-flavored-waters']"
Yogurt Fresa,Yogurt Fresa,105,2.5,16.5,2.5,0,4,c,"['en:milk-and-dairy-products', 'en:milk-and-yogurt']"
Mermelada Mora,Mermelada Mora,40,0,10,0,0,,unknown,"['en:sugary-snacks', 'en:sweets']"
Yogurt Descremado Sin Dulce,Yogurt Descremado Sin Dulce,40,4.66666666666667,5.33333333333333,0,0,4,a,"['en:milk-and-dairy-products', 'en:milk-and-yogurt']"
JAMÓN DE PAVO,Jamón De Pavo,117.777777777778,18.780487804878,6.09756097560976,0.975609756097561,,,unknown,[]
Ticos,Ticos,2093.4,8.33333333333333,75,16.6666666666667,0,4,e,"['en:salty-snacks', 'en:appetizers']"
Salsa de tomate Fruco,Salsa de tomate Fruco,418.68,0,26.6666666666667,0,0,4,d,"['en:fats-and-sauces', 'en:dressings-and-sauces']"
Acqua Frutos Cítricos,Acqua Frutos Cítricos,0,0.416666666666667,0,0,0,4,c,"['en:beverages', 'en:artificially-sweetened-beverages']"
Piazza,Piazza,512.820512820513,8.54700854700855,76.9230769230769,17.0940170940171,0,4,e,"['en:sugary-snacks', 'en:biscuits-and-cakes']"
Oka Loka Chicle en polvo,Oka Loka Chicle en polvo,300,0,73.3333333333333,0,0,4,not-applicable,"['en:sugary-snacks', 'en:sweets']"
Yogurt sin dulce,,50,3.5,5,1.5,,,unknown,[]
lomotil,lomotil,,,,,,,unknown,[]
Pita chips,Pita chips,,,,,,,unknown,[]
Finesse,Finesse,45,3.5,8,0,0.5,4,a,"['en:milk-and-dairy-products', 'en:milk-and-yogurt']"
Hojuelas de Avena,Hojuelas de Avena,110,4,16,1,1,,a,"['en:cereals-and-potatoes', 'en:breakfast-cereals']"
Éxito Granola Coco,Éxito Granola Coco,109.090909090909,10.9090909090909,69.0909090909091,12.7272727272727,12.7272727272727,,d,"['en:cereals-and-potatoes', 'en:breakfast-cereals']"
Yogurt Griego Vainilla Francesa,Yogurt Griego Vainilla Francesa,73.3333333333333,4,5.33333333333333,4,0.666666666666667,4,b,"['en:milk-and-dairy-products', 'en:milk-and-yogurt']"
,,,,,,,,unknown,[]
Tostadas de arroz con sal marina,Tostadas de arroz con sal marina,50,1,12,0,0,3,b,[]
Crakeñas Mantequilla,,444.444444444444,7.40740740740741,74.0740740740741,14.8148148148148,,,unknown,[]
Deditos de Chocolate,Deditos de Chocolate,541.666666666667,12.5,58.3333333333333,25,0,4,e,"['en:sugary-snacks', 'en:biscuits-and-cakes']"
Mix Griego,Mix Griego,500,10,60,23.3333333333333,10,4,c,"['en:salty-snacks', 'en:nuts']"
Bizcochitos 9 de oro grasa,Bizcochitos 9 de oro grasa,480,10,60,23.333333333333,3.3333333333333,,unknown,[]
Suero Pasteurizado Klarens,Suero Pasteurizado Klarens,234,4.8,8.7,20,0,4,e,[]
Süper Harina de Avena,Süper Harina de Avena,351.851851851852,12.962962962963,55.5555555555556,9.25925925925926,12.962962962963,1,a,"['en:cereals-and-potatoes', 'en:cereals']"
Salchicha,Salchicha,200,15,1,15,0,,b,"['en:fish-meat-eggs', 'en:processed-meat']"
choclitos,choclitos,,,,,,,unknown,[]
Salchichas viena de pollo,Salchichas viena de pollo,105.882352941176,8.23529411764706,7.05882352941176,4.70588235294118,2.35294117647059,4,c,"['en:fish-meat-eggs', 'en:meat', 'en:poultry']"
,,,,,,,,unknown,[]
Rosquillas integrales de arroz,Rosquillas integrales de arroz,,,,,,,unknown,[]
Chocapic,,386,8.3,82,4.6,8.1,,d,"['en:cereals-and-potatoes', 'en:breakfast-cereals']"
Crökan Frutos Rojos,Crökan Frutos Rojos,480,8,68,20,8,4,d,"['en:sugary-snacks', 'en:biscuits-and-cakes']"
Don olio aceite vegetal,,,,,,,,unknown,[]
BBQ Toque ahumado (Receta artesanal),,133.333333333333,,26.6666666666667,,,,unknown,[]
Saltinas Queso Crema & Cebolla,Saltinas Queso Crema & Cebolla,458.333333333333,8.33333333333333,66.6666666666667,16.6666666666667,0,4,e,"['en:sugary-snacks', 'en:biscuits-and-cakes']"
,,,,,,,,unknown,[]
Ensure advance,,,,,,,,unknown,[]
yogurt  light deslactosado,yogurt  light deslactosado,,,,,,,unknown,[]
,,,,,,,,unknown,[]
Oat milk,,50,0.41666666666667,7.5,2.0833333333333,0,,unknown,[]
Chocolatina Jet,Chocolatina Jet,,,,9,,4,unknown,[]
Latti Leche Saborizada Chocolate,Latti Leche Saborizada Chocolate,85,2,12.5,3,0,4,e,"['en:milk-and-dairy-products', 'en:milk-and-yogurt']"
,,,,,,,,unknown,[]
Latti Leche Saborizada Vainilla,Latti Leche Saborizada Vainilla,80,2,13.5,2.25,0,4,e,"['en:milk-and-dairy-products', 'en:milk-and-yogurt']"
,,,,,,,,unknown,[]
brilla king desinfectante,brilla king desinfectante,,,,,,4,unknown,[]
BiPro,,,,,,,4,unknown,[]
Shake con colageno hidrolizado,,120,4,28,3,2,,unknown,[]
Galletas Milo,Galletas Milo,480,4,76,16,0,4,e,"['en:sugary-snacks', 'en:biscuits-and-cakes']"
,,,,,,,,unknown,[]
,,,,,,,,unknown,[]
sal parrillera marina,,,,,,,,not-applicable,[]
Bimbo casero sabor vainilla,Bimbo Casero Sabor Vainilla,404.054054054054,8.24324324324324,48.6486486486486,20.2702702702703,3.24324324324324,,unknown,[]
PapaFacil Papas a la francesa,PapaFacil Papas a la francesa,136.25,2.35294117647059,21.1764705882353,3.52941176470588,1.17647058823529,4,b,['en:cereals-and-potatoes']
Agua Mineral con Gas,Agua Mineral con Gas,0,0,0,0,0,,a,"['en:beverages', 'en:unsweetened-beverages']"
panela Dulcemaría,panela Dulcemaría,,,,,,2,unknown,"['en:sugary-snacks', 'en:sweets']"
Dulce de Leche,Dulce de Leche,,,,,,1,unknown,[]
,,,,,,,,unknown,[]
Queso Pera,,120,9,3,8,0,,unknown,[]
arroz florhuila,arroz florhuila,,,,,,,unknown,[]
care,care,,,,,,,unknown,[]
queso crema,queso crema,266.666666666667,6.66666666666667,0,26.6666666666667,0,4,d,"['en:salty-snacks', 'en:salty-and-fatty-products']"
Salchicha Viandé,Salchicha Viandé,70,,,,,,unknown,"['en:fish-meat-eggs', 'en:processed-meat']"
,,,,,,,,unknown,[]
,,,,,,,,unknown,[]
Yogurt Cuchareable Mango,Yogurt Cuchareable Mango,60,4,8,1.5,0,4,b,"['en:milk-and-dairy-products', 'en:milk-and-yogurt']"
Yogurt Cuchareable Salpicón,Yogurt Cuchareable Salpicón,70,4,9,1.5,0,4,b,"['en:milk-and-dairy-products', 'en:milk-and-yogurt']"
Yogurt Griego Gotas de Cacao Edición Especial,Yogurt Griego Gotas de Cacao Edición Especial,106.666666666667,6,8,5.33333333333333,0,4,c,"['en:milk-and-dairy-products', 'en:milk-and-yogurt']"
,,,,,,,,unknown,[]
Yogurt Con Trozos de Fruta Fresa,Yogurt Con Trozos de Fruta Fresa,60,2.66666666666667,8.66666666666667,1.66666666666667,0,4,d,"['en:beverages', 'en:sweetened-beverages']"
Yogurt con Trozos de Fruta Lulo,Yogurt con Trozos de Fruta Lulo,53.3333333333333,2.66666666666667,7.33333333333333,1.66666666666667,0,4,d,"['en:beverages', 'en:sweetened-beverages']"
Yogurt Con Trozos de Fruta Limonada de Coco,Yogurt Con Trozos de Fruta Limonada de Coco,60,2.66666666666667,8,1.66666666666667,0,4,c,"['en:beverages', 'en:sweetened-beverages']"
cheese lite,cheese lite,233.333333333333,24.6666666666667,1.66666666666667,14.3333333333333,,,d,[]
ARVEJA AL NATURAL,ARVEJA AL NATURAL,45,3,9,0,1,,unknown,[]
Miel de Abejas,Miel de Abejas,320,0,80,0,0,2,c,"['en:sugary-snacks', 'en:sweets']"
Yogurt Dulce Entero Coolechera,Yogurt Dulce Entero Coolechera,85.7142857142857,2.85714285714286,11.4285714285714,2.85714285714286,0,,c,"['en:milk-and-dairy-products', 'en:milk-and-yogurt']"
Club Social Multicereales,Club Social Multicereales,458.333333333333,8.33333333333333,75,16.6666666666667,4.16666666666667,4,d,"['en:sugary-snacks', 'en:biscuits-and-cakes']"
Mango,,33.333333333333,0,8.3333333333333,0,0.208333333333333,,unknown,[]
Ponqué Mañana,Ponqué Mañana,383.333333333333,6.66666666666667,58.3333333333333,13.3333333333333,3.33333333333333,4,e,"['en:sugary-snacks', 'en:biscuits-and-cakes']"
Pan de arroz tostado,,140,6,17,5,2,,unknown,[]
Latti Bebida Láctea Melocotón,Latti Bebida Láctea Melocotón,65,1.5,12,1,0,4,e,"['en:beverages', 'en:sweetened-beverages']"
,,,,,,,,unknown,[]
Gatorade maracuyá,,30,0,15,0,0,,unknown,[]
,,,,,,,,unknown,[]
Aceite de oliva,Aceite de oliva,820,0,0,90,,,b,"['en:fats-and-sauces', 'en:fats']"
Pinguinos Cookies & Cream,Pinguinos Cookies & Cream,375,5,60,12.5,2.5,4,e,"['en:sugary-snacks', 'en:biscuits-and-cakes']"
,,,,,,,,unknown,[]
Zörba Yogurt Griego con Stevia,Zörba Yogurt Griego con Stevia,103.703703703704,8.14814814814815,4.37037037037037,5.77777777777778,0,4,b,"['en:milk-and-dairy-products', 'en:milk-and-yogurt']"
Bubu compota manzana,Bubu compota manzana,,,,,,,unknown,[]
harina precocidad de maíz blanco con sabor a mantequilla,harina precocidad de maíz blanco con sabor a mantequilla,,,,,,3,unknown,"['en:cereals-and-potatoes', 'en:cereals']"
Chiqui Chups Mango,Chiqui Chups Mango,72,0.8,18.4,0,,4,b,[]
Margarina light en calorias,,27,0,0,3,0,,unknown,[]
Mezcla lista para PANCAKES,,190,6,38,2,0,,unknown,[]
Premium Pork Ham,,,,,,,,unknown,[]
Yogurt griego Arándanos,,200,7,23,10,6,,unknown,[]
Yox con Defensis Naranja Miel,Yox con Defensis Naranja Miel,90,3,16,2,0,4,e,"['en:beverages', 'en:sweetened-beverages']"
Blue Band Nutrisabor,Blue Band Nutrisabor,571.428571428571,0,0,60,0,4,e,"['en:fats-and-sauces', 'en:fats']"
Crema de maní crunchy,,583,22,31,42,19,,unknown,[]
Maní confitado,,160,5,15,9,3,,unknown,"['en:salty-snacks', 'en:nuts']"
Chocolisto sin  azúcar en Leche,,60,0.5,6,2.5,1,,unknown,[]
Ensure,Ensure,435,16.16,62.65,16.16,0,4,c,[]
Jamón de Cerdo en Tajadas,,25,6,1,2.5,0,,unknown,[]
Tradición 1915 Alfajor Chocolate,Tradición 1915 Alfajor Chocolate,400,4.28571428571429,70,12.8571428571429,4.28571428571429,4,e,"['en:sugary-snacks', 'en:sweets']"
Tostadas con Frutos Rojos,Tostadas con Frutos Rojos,406.25,12.5,78.125,4.6875,9.375,4,d,"['en:cereals-and-potatoes', 'en:bread']"
Lomitos de atún en agua Extra,Lomitos de atún en agua Extra,109.090909090909,23.6363636363636,,,,3,unknown,"['en:fish-meat-eggs', 'en:fish-and-seafood', 'en:fatty-fish']"
Maní Salado,Maní Salado,,,,,,3,unknown,"['en:salty-snacks', 'en:nuts']"
Popetas Mix Caramelo Queso,Popetas Mix Caramelo Queso,,2,29,6,4,4,unknown,[]
Kibo Chips de Lentejas Cebolla Maui,Kibo Chips de Lentejas Cebolla Maui,428.571428571429,21.4285714285714,50,12.5,3.57142857142857,3,d,[]
Sol Naciente,Sol Naciente,,,,,,2,unknown,"['en:fats-and-sauces', 'en:fats']"
Manzana Postobón,Manzana Postobón,29.1666666666667,0.416666666666667,7.5,0,0,4,e,"['en:beverages', 'en:artificially-sweetened-beverages']"
Arepa de maíz blanco con avena y chia,Arepa de maíz blanco con avena y chia,,3.57,21.4,2.38,3.57,3,unknown,"['en:cereals-and-potatoes', 'en:bread']"
yogurt light en calorias,yogurt light en calorias,45,3.5,4.5,1.5,0.5,4,a,"['en:milk-and-dairy-products', 'en:milk-and-yogurt']"
Pane Lista,,11,0,2.8,0,0,,unknown,[]
Crema de Champiñones,,325,4,72,0,0,,unknown,[]
Crem Helado Kids,,100,2,15,3,0,,unknown,[]
Veggie power,,92,18,6.5,0.9,6.5,,unknown,[]
Ducales Provocación Cookies and Cream,Ducales Provocación Cookies and Cream,517.241379310345,6.89655172413793,58.6206896551724,27.5862068965517,0,4,e,"['en:sugary-snacks', 'en:biscuits-and-cakes']"
,,,,,,,,unknown,[]
Agua pura,,0,0,0,0,0,,unknown,[]
,,,,,,,,unknown,[]
Juego citrica,,10.106382978723,0,4.6808510638298,0,0,,unknown,[]
Pollo Teriyaki con Vegetales,Pollo Teriyaki Con Vegetales,74,10.5,5.4,1.1,1.9,,unknown,[]
PIAZZA - FRESA,PIAZZA - FRESA,500,6.25,75,18.75,0,4,e,"['en:sugary-snacks', 'en:biscuits-and-cakes']"
Agua Sin Gas,Agua Sin Gas,0,0,0,0,0,1,b,"['en:beverages', 'en:waters-and-flavored-waters']"
,,,,,,,,unknown,[]
Galletas wafer tosh sin azucar,,,,,,,,unknown,"['en:sugary-snacks', 'en:biscuits-and-cakes']"
Wakeup Crema de Maní,Wakeup Crema de Maní,675,27,21.5,50,14.5,4,a,"['en:fats-and-sauces', 'en:dressings-and-sauces']"
Taeq Barra con Proteína Sabor a Chocolate,Taeq Barra con Proteína Sabor a Chocolate,370.37037037037,18.5185185185185,66.6666666666667,1.85185185185185,3.7037037037037,,d,"['en:sugary-snacks', 'en:biscuits-and-cakes']"
Nesquik Chocolate,Nesquik Chocolate,346.153846153846,7.69230769230769,84.6153846153846,0,7.69230769230769,,e,[]
Margarina La Fina,Margarina La Fina,700,0,0,80,0,2,e,"['en:salty-snacks', 'en:salty-and-fatty-products']"
,,,,,,,,unknown,[]
Pink Latte,Pink Latte,383.333333333333,24.1666666666667,63.3333333333333,3.75,21.6666666666667,,unknown,[]
Atún en Agua con Jugo de Limón,Atún en Agua con Jugo de Limón,115.384615384615,25,0,0.961538461538462,0,,a,"['en:fish-meat-eggs', 'en:fish-and-seafood', 'en:fatty-fish']"
Pesto Verde Passione Italiana,Pesto Verde Passione Italiana,424,4.8,6.4,42.4,1.6,,e,"['en:fats-and-sauces', 'en:dressings-and-sauces']"
Panelada,Panelada,4.58333333333333,0,1.08333333333333,0,0,4,c,"['en:beverages', 'en:sweetened-beverages']"
,,,,,,,,unknown,[]
Fitme Spirulina y Cacao,Fitme Spirulina y Cacao,444.444444444444,16.6666666666667,50,19.4444444444444,16.6666666666667,,d,[]
,,,,,,,,unknown,[]
Aunt Jemima La Original,Aunt Jemima La Original,357.142857142857,10.7142857142857,75,0,3.57142857142857,3,e,"['en:cereals-and-potatoes', 'en:cereals']"
Trululu,,50,1,12,0,0,,unknown,[]
Aromática de Frutas Instantánea,Aromática de Frutas Instantánea,230.769230769231,0,53.8461538461538,0,0,4,unknown,[]
Ice Tea Light Limón,Ice Tea Light Limón,200,0,50,0,0,4,unknown,"['en:beverages', 'en:teas-and-herbal-teas-and-coffees']"
Waffles Pandeyuca,Premezcla De Waffle De Pandeyuca,192.941176470588,3.88235294117647,35.2941176470588,4,0,,unknown,[]
Salsa napolitana,,90,2,11,4,3,,unknown,[]
Mermelada Mora,Mermelada Mora,266.666666666667,0,66.6666666666667,0,0,4,d,"['en:sugary-snacks', 'en:sweets']"
Quesillo queso en tajadas,Quesillo queso en tajadas,233.333333333333,24.6666666666667,1.66666666666667,14.3333333333333,,4,c,"['en:milk-and-dairy-products', 'en:cheese']"
,,,,,,,,unknown,[]
,,,,,,,,unknown,[]
Leche Entera,,,,,,,,unknown,"['en:milk-and-dairy-products', 'en:milk-and-yogurt']"
,Gala Vainilla,390,7,47.5,19.5,2.75,,unknown,[]
,,,,,,,,unknown,[]
,,,,,,,,unknown,[]
,,,,,,,,unknown,[]
,,,,,,,,unknown,[]
queso mozzarela tajado,queso mozzarela tajado,70,,,,,,unknown,"['en:milk-and-dairy-products', 'en:cheese']"
Cocina superior,,375,25,50,12.5,25,,unknown,[]
,,,,,,,,unknown,[]
Ritz Galletas,Ritz Galletas,450.892857142857,6.25,66.9642857142857,17.4107142857143,1.33928571428571,4,e,"['en:sugary-snacks', 'en:biscuits-and-cakes']"
Arándano Deleite,Arándano Deleite,333.333333333333,0,83.3333333333333,0,6.66666666666667,4,d,"['en:fruits-and-vegetables', 'en:dried-fruits']"
"Alimento lácteo fermentado, con dulce, con salsa sabor a melocotón","Alimento lácteo fermentado, con dulce, con salsa sabor a melocotón",120,,,,,4,unknown,"['en:beverages', 'en:sweetened-beverages']"
,,,,,,,,unknown,[]
,,,,,,,,unknown,[]
,,,,,,,,unknown,[]
Bebida de almendras,,4,2,12,7,0,,unknown,[]
Mayonesa,Mayonesa,251,0,6.1,25,0,,c,"['en:fats-and-sauces', 'en:dressings-and-sauces']"
,,,,,,,,unknown,[]
,,,,,,,,unknown,[]
,,,,,,,,unknown,[]
,,,,,,,,unknown,[]
,,,,,,,,unknown,[]
arepa de maíz blanco,arepa de maíz blanco,128,3.5,30,0.2,5.6,3,c,"['en:cereals-and-potatoes', 'en:bread']"
Garbanzos enlatados,Garbanzos enlatados,,,,,,,unknown,"['en:cereals-and-potatoes', 'en:legumes']"
Yogurt Griego Natural Semidescremado,Yogurt Griego Natural Semidescremado,80,6.66666666666667,9.33333333333333,2,0,,b,"['en:milk-and-dairy-products', 'en:milk-and-yogurt']"
,,,,,,,,unknown,[]
,,,,,,,,unknown,[]
,,,,,,,,unknown,[]
Néctar manzana,Néctar manzana,80,,,,,4,unknown,"['en:beverages', 'en:sweetened-beverages']"
kumis,,,,,,,,unknown,[]
,,,,,,,,unknown,[]
,,,,,,,,unknown,[]
,,,,,,,,unknown,[]
Óleo hass,,,,,,,,unknown,[]
,,,,,,,,unknown,[]
Takis xplosion,,517,5.5,4.6,28,4.6,,unknown,[]
,,,,,,,,unknown,[]
,,,,,,,,unknown,[]
,,,,,,,,unknown,[]
,,,,,,,,unknown,[]
Mani Kraks,,433,13,48,23,4.1,,unknown,[]
Papas Fosforitos,,596,5.2,60,38,4.4,,unknown,[]
Tosh Estilo Artesanal Arándanos y Acaí,Tosh Estilo Artesanal Arándanos y Acaí,576.923076923077,3.84615384615385,73.0769230769231,17.3076923076923,3.84615384615385,4,d,"['en:sugary-snacks', 'en:biscuits-and-cakes']"
Galleta de Avena con trozos de chocolate,Galletas De Avena Chocolate Y Cocoa,480,8.33333333333333,63.3333333333333,25,8.66666666666667,,unknown,[]
,,,,,,,,unknown,[]
Galleta con Queso,Galleta con Queso,,,,,,,unknown,[]
DeTodito de Limón,,520,16,49,30,5.1,,unknown,[]
Paleta Frutosita Coco,Paleta Frutosita Coco,17,,,,,3,unknown,"['en:milk-and-dairy-products', 'en:ice-cream']"
platano verde y sal marina,platano verde y sal marina,508,1.3,68,26,1.5,,unknown,[]
Crema Agria,Crema Agria,364,3.6,6.4,36,,,unknown,[]
Crema de mani,,200,9,2,17,8,,unknown,[]
Néctar de manzana california,Néctar de manzana california,32,0,8,0,0,,d,"['en:beverages', 'en:fruit-nectars']"
,,,,,,,,unknown,[]
,,,,,,,,unknown,[]
Chocolate Tesalia,,56,3.8,5.9,2,0,,unknown,[]
Pudin sabor a chocolate,Pudin sabor a chocolate,138,3.7,23,3.7,1.1,4,unknown,[]
Galleta granos ancestrales,,462,9.9,75.9,11.55,6.6,,unknown,[]
,,,,,,,,unknown,"['en:sugary-snacks', 'en:biscuits-and-cakes']"
Zucaritas,Zucaritas,388,4.2,92,0.6,0.9,3,d,"['en:cereals-and-potatoes', 'en:breakfast-cereals']"
,,,,,,,,unknown,[]
Brownie mamamia,,453,6.5,56,24,6.6,,e,"['en:sugary-snacks', 'en:biscuits-and-cakes']"
,,,,,,,,unknown,[]
Rosquitas jacks,,,,,,,,unknown,"['en:sugary-snacks', 'en:biscuits-and-cakes']"
Griego,Yogurt Griego Vainilla,69,7.5,5.7,1.8,,,unknown,[]
,,,,,,,,unknown,[]
,,,,,,,,unknown,[]
Papas fritas Margarita,,,,,,,,unknown,"['en:salty-snacks', 'en:appetizers']"
,,,,,,,,unknown,[]
Atún rallado en aceite vegetal,,163.636363636364,18.1818181818182,,9.09090909090909,,,unknown,[]
,,,,,,,,unknown,[]
Avena Original,,69,2,11,1.9,,,unknown,[]
,,,,,,,,unknown,[]
,,,,,,,,unknown,[]
,,,,,,,,unknown,[]
,,,,,,,,unknown,[]
7700304206575,7700304206575,,,,,,,unknown,[]
,,,,,,,,unknown,[]
,,,,,,,,unknown,[]
gel’hada vital,,,,,,,,unknown,[]
hidrasol,hidrasol,,,,,,,unknown,[]
,,,,,,,,unknown,[]
Regeneris,Regeneris,,,,,,,unknown,[]
Tortillas,,299,11,49,7.3,3.6,,c,[]
,,,,,,,,unknown,[]
,,,,,,,,unknown,[]
,,,,,,,,unknown,[]
,,,1.6,,1,,,unknown,[]
,,,,,,,,unknown,[]
parmesano,parmesano,,,,,,,unknown,[]
Leche Condensada,Leche Condensada,304,7.2,59,4.4,0,3,e,[]
,,,,,,,,unknown,[]
,,,,,,,,unknown,[]
,,,,,,,,unknown,[]
Great Day Power Powder,,20,0,5,0,1,,unknown,[]
Milo,Milo,80,4.1,15,0.6,0.6,,unknown,[]
,,,,,,,,unknown,[]
Mezcla para pancakes Haz de Oteos,,,,,,,4,unknown,[]
Salchichas,Salchichas,,,,,,,unknown,[]
,,,,,,,,unknown,[]
,,,,,,,,unknown,[]
,,,,,,,,unknown,[]
,,,,,,,,unknown,[]
lyne,lyne,486,8.7,53,35,11,4,d,"['en:sugary-snacks', 'en:chocolate-products']"
Mantequilla con sal coolechera,Mantequilla con sal coolechera,,,,,,2,e,"['en:fats-and-sauces', 'en:fats']"
Kibo proteína vegana soya gruesa texturizada,Kibo proteína vegana soya gruesa texturizada,321,50,34,2.5,19,1,a,"['en:cereals-and-potatoes', 'en:legumes']"
,,,,,,,,unknown,[]
mini sándwich,mini sándwich,,,,,,,unknown,[]
mini molde de arroz,mini molde de arroz,171,8.3,29,4.2,4.2,4,a,"['en:cereals-and-potatoes', 'en:bread']"
,,417,9,78,7.6,,4,d,"['en:sugary-snacks', 'en:biscuits-and-cakes']"
BastiYá,BastiYá,,,,,,,unknown,[]
,,,,,,,,unknown,[]
Maní Japonés,Maní Japonés,500,16.6666666666667,50,26.6666666666667,6.66666666666667,3,d,"['en:salty-snacks', 'en:nuts']"
dispronat granola,dispronat granola,,,,,,,unknown,[]
,,,,,,,,unknown,[]
,,,,,,,,unknown,[]
colágeno hidrolizado vainilla,colágeno hidrolizado vainilla,,,,,,,unknown,[]
Salsa De Tomate,Salsa De Tomate,,,,,,,unknown,"['en:fats-and-sauces', 'en:dressings-and-sauces']"
Choco Listo,Choco Listo,,,,,,,unknown,[]
,,,,,,,,unknown,[]
Agua saborizadas Lima limón,Agua saborizadas Lima limón,,,,,,,unknown,[]
,,,,,,,,unknown,[]
Leche Condensada,Leche Condensada,,,,,,,unknown,[]
Pan Tajado,Pan Tajado,282.608695652174,9.1304347826087,56.5217391304348,3.47826086956522,6.08695652173913,4,unknown,"['en:cereals-and-potatoes', 'en:bread']"
maxilitro leche entera,maxilitro leche entera,,,,,,4,unknown,[]
,,,,,,,,unknown,"['en:sugary-snacks', 'en:biscuits-and-cakes']"
Jamón de cerdo,Jamón de cerdo,,,,,,4,unknown,"['en:fish-meat-eggs', 'en:meat', 'en:meat-other-than-poultry']"
Agua Cristal,Agua Cristal,,,,,,1,a,"['en:beverages', 'en:waters-and-flavored-waters']"
,,,,,,,,unknown,[]
Mr Tea limón,Mr Tea limón,40,0,10,0,0,,e,"['en:beverages', 'en:teas-and-herbal-teas-and-coffees']"
platano verde,platano verde,502,3.3,67,26,5.5,3,c,"['en:fruits-and-vegetables', 'en:dried-fruits']"
Mezcla maní arándanos,Mezcla maní arándanos,,,,,,,unknown,[]
,,,,,,,,unknown,[]
Aceite Vegetal,Aceite Vegetal,,,,,,,unknown,[]
Tostadas Clásicas,Tostadas Clásicas,,,,,,,unknown,[]
,,,,,,,,unknown,[]
chocolate instantaneo,chocolate instantaneo,,,,,,4,unknown,[]
Yogur semidescremado con dulce de fresa sin azúcar añadida,Yogur semidescremado con dulce de fresa sin azúcar añadida,,,,,,,unknown,[]
,,,,,,,,unknown,[]
,,,,,,,,unknown,[]
,,,,,,,,unknown,[]
,,,,,,,,unknown,"['en:fish-meat-eggs', 'en:processed-meat']"
del Valle - refresco de mango,del Valle - refresco de mango,18.0851063829787,0,4.68085106382979,0,,4,d,"['en:beverages', 'en:artificially-sweetened-beverages']"
Pitaya gold,,,,,,,,unknown,[]
Coca Cola,Coca Cola,,,,,,,unknown,"['en:beverages', 'en:sweetened-beverages']"
Pasta Conchas,Pasta Conchas,,,,,,1,unknown,"['en:cereals-and-potatoes', 'en:cereals']"
Agua,Agua,,,,,,,unknown,[]
,,,,,,,,unknown,[]
,,,,,,,,unknown,[]
Müsli Melocotón,Müsli Melocotón,370,6,85,2,6.1,,d,"['en:cereals-and-potatoes', 'en:breakfast-cereals']"
,,,,,,,,unknown,[]
,,,,,,,,unknown,[]
Panna Rosa,,80,1.8,9.5,4.4,2.4,,unknown,[]
,,,,,,,1,unknown,"['en:cereals-and-potatoes', 'en:breakfast-cereals']"
,,,,,,,,unknown,[]
,,,,,,,,not-applicable,"['en:sugary-snacks', 'en:sweets']"
,,,,,,,,unknown,[]
,,,,,,,,unknown,[]
,,,,,,,,unknown,[]
Pimienta Negra Pura,Pimienta Negra Pura,,,,,,1,not-applicable,[]
,,,,,,,,unknown,[]
,,,,,,,,unknown,[]
Néctar de Mandarina,Néctar de Mandarina,,,,,,4,unknown,[]
leche semidescremada y deslactosada,leche semidescremada y deslactosada,45,3,4.5,1.5,0,4,b,"['en:milk-and-dairy-products', 'en:milk-and-yogurt']"
Mini Chocohorneaditos,Mini Chocohorneaditos,446,4.8,55,23,1.9,4,e,"['en:sugary-snacks', 'en:biscuits-and-cakes']"
Vinagreta,Vinagreta,193,0,33,7.1,1.2,4,e,"['en:fats-and-sauces', 'en:dressings-and-sauces']"
Papas gourmet,,541,6.3,56,33,2.7,,e,"['en:salty-snacks', 'en:appetizers']"
Sirope sabor a miel,Sirope sabor a miel,,,,,,4,unknown,"['en:beverages', 'en:sweetened-beverages']"
Latti Latti,Latti Latti,55,1.7,9.1,1.2,0,4,e,"['en:beverages', 'en:sweetened-beverages']"
Aloha Mango Biche,Aloha Mango Biche,93,0,23,0,0.6,4,c,[]
Pan,,336.363636363636,9.09090909090909,50,10.9090909090909,2.72727272727273,,unknown,[]
,,,,,,,,unknown,[]
,,,,,,,,unknown,[]
,,,,,,,,unknown,[]
Arepas,Arepas,,,,,,,unknown,[]
,,,,,,,,unknown,[]
,,,,,,,,unknown,[]
Aceite,Aceite,,,,,,2,unknown,"['en:fats-and-sauces', 'en:fats']"
,,,,,,,4,unknown,[]
Shiloh Farma Bing Cherries,,,,,,,,unknown,[]
,,,,,,,,unknown,"['en:salty-snacks', 'en:appetizers']"
Joe’s Soft Bar Cookie Dough Peanut,,396,28,33,20,4.8,4,d,"['en:sugary-snacks', 'en:biscuits-and-cakes']"
Sharp Cheddar Cheese,,,,,,,4,unknown,[]
brisa,brisa,,,,,,1,unknown,"['en:beverages', 'en:waters-and-flavored-waters']"
,,,,,,,,unknown,[]
,,,,,,,,unknown,[]
Tutti Frutti - Fresa,Tutti Frutti - Fresa,3.6,0,0.9,0,0,,e,[]
,,,1,0,4,,,unknown,"['en:beverages', 'en:plant-based-milk-substitutes']"
Mortadela de Pollo Premium,,,,,,,,unknown,[]
rizadas mayonesa paqute,,,,,,,,unknown,[]
,,,,,,,,unknown,[]
,,,,,,,,unknown,"['en:sugary-snacks', 'en:chocolate-products']"
,,,,,,,,unknown,[]
paleta dracula,paleta dracula,123,,,,,3,unknown,"['en:milk-and-dairy-products', 'en:ice-cream']"
Soda,Soda,,,,,,,unknown,"['en:beverages', 'en:sweetened-beverages']"
Hojuelas de maiz,,356.666666666667,6,86.6666666666667,,9.33333333333333,,unknown,[]
Salsa tipo guacamole,Salsa tipo guacamole,394,0.8,,40,1.1,4,d,"['en:fats-and-sauces', 'en:dressings-and-sauces']"
Ginger Ale,Ginger Ale,30,0,7.4,0,,4,e,"['en:beverages', 'en:artificially-sweetened-beverages']"
Bebida de avena con almendras,Bebida de avena con almendras,16,0,3.2,0,1.9,4,b,"['en:beverages', 'en:plant-based-milk-substitutes']"
,,,,,,,,unknown,[]
,,,,,,,,unknown,[]
Yogurt griego entero Alkosto,Yogurt griego entero Alkosto,99,6.4,5.2,5.9,,4,b,"['en:milk-and-dairy-products', 'en:milk-and-yogurt']"
Harina precocida de 7 granos,Harina precocida de 7 granos,5,72,8,35.6,8,1,a,"['en:cereals-and-potatoes', 'en:cereals']"
Galletas crakeñas saltin,Galletas crakeñas saltin,431,8.7,78,9.4,3.3,4,c,"['en:sugary-snacks', 'en:biscuits-and-cakes']"
Fécula de Maíz,Fécula de Maíz,,,,,,2,unknown,"['en:cereals-and-potatoes', 'en:cereals']"
,,,,,,,,unknown,[]
Nuggets à base de proteína vegetal,,268.181818181818,14.7727272727273,20.4545454545455,14.7727272727273,3.40909090909091,,unknown,[]
Frutiño,Frutiño,6.4,0,1.6,0,0,4,c,"['en:beverages', 'en:artificially-sweetened-beverages']"
Duraznos en almibar,Duraznos en almibar,72,0.3,17,0,1.5,,c,[]
Jugo de Naranja,,,,,,,,unknown,"['en:beverages', 'en:fruit-juices']"
,,,,,,,,unknown,[]
,,,,,,,,unknown,[]
,,,,,,,,unknown,[]
,,,,,,,,unknown,[]
Veggie salchicha,Veggie Salchicha,171.111111111111,17.7777777777778,7.55555555555556,8.22222222222222,2.66666666666667,,unknown,[]
Not Milk Zero Sugar - NotCo - NotCo - NotCo - NotCo - NotCo,,15,1.6,0.2,0.5,1.2,4,b,"['en:beverages', 'en:plant-based-milk-substitutes']"
,,,,,,,,unknown,[]
,,,,,,,,unknown,[]
,,,,,,,,unknown,[]
Vinagreta,Vinagreta,220,,29,12,,4,unknown,"['en:fats-and-sauces', 'en:dressings-and-sauces']"
Kurabie,Kurabie,,9.5,,25,6.5,3,d,"['en:sugary-snacks', 'en:biscuits-and-cakes']"
,,,,,0,,,unknown,[]
,,,,,,,,unknown,[]
base de pollo con champiñones,base de pollo con champiñones,,,,,,,unknown,[]
,,,,,,,,unknown,[]
j,j,,,,,,,unknown,[]
Raspado Kola - Aloha,,92.5,0.9375,20,1,,,unknown,[]
,,312,,,19,,,unknown,[]
light ya,light ya,,0,0,0,0,4,unknown,[]
,,,,,,,,unknown,[]
AlqueMix Hojuelas Crunchy,AlqueMix Hojuelas Crunchy,112.941176470588,2.70588235294118,21.1764705882353,2.11764705882353,0.705882352941177,4,c,"['en:milk-and-dairy-products', 'en:milk-and-yogurt']"
Taeq Mantequilla Clarificada Ghee 100% Natural,Taeq Mantequilla Clarificada Ghee 100% Natural,883,0,0.5,98,0,2,e,"['en:fats-and-sauces', 'en:fats']"
Carlson norwegian super omega 3,Carlson norwegian super omega 3,,1,,2,,4,unknown,[]
SUNTEA TE ROJO Y NEGRO,SUNTEA TE ROJO Y NEGRO,10,0,2.5,0,0,4,a,[]
Tortillas integrales as de oro,Tortillas integrales as de oro,303.125,10.625,56.25,5.3125,6.875,,unknown,[]
,,,,,,,,unknown,[]
,,,,,,,,unknown,[]
Ronda Lechona Tolimense,Ronda Lechona Tolimense,191,12,23,5.7,0,4,c,"['en:fish-meat-eggs', 'en:meat', 'en:meat-other-than-poultry']"
Mortadela,,143,11,14,4.9,,,unknown,[]
Cafecitas,Cafecitas,175,2.6,24,7.5,0.6,3,unknown,"['en:sugary-snacks', 'en:biscuits-and-cakes']"
,,595,27,21.5,48.5,14.5,,c,[]
,,,,,,,3,unknown,"['en:cereals-and-potatoes', 'en:bread']"
,,,,,,,,unknown,[]
,,,,,,,,,
,,545,62,0,33,0,4,e,[]
,,,,,,,,,
,,,,,,,,,
,,,,,,,,unknown,[]
,,,,,,,,,
,,,,,,,,,
,,,,,,,,unknown,"['en:fish-meat-eggs', 'en:fish-and-seafood', 'en:fatty-fish']"
,,,,,,,,unknown,"['en:milk-and-dairy-products', 'en:milk-and-yogurt']"
,,,,,,,,,
café instantáneo granulado viejo molino,café instantáneo granulado viejo molino,,,,,,,unknown,[]
Yogurt artesanal griego premium sabor vainilla,,69.3000030517578,7.5,5.69999980926514,1.79999995231628,,,unknown,[]
,,,,,,,,unknown,[]
,,,,,,,,,
Arepa De Maiz Extra Queso,Arepa De Maiz Extra Queso,170,6.66666666666667,24.4444444444444,5.55555555555556,2.27777777777778,,unknown,[]
salsa de mostaza,salsa de mostaza,,,,,,4,d,"['en:fats-and-sauces', 'en:dressings-and-sauces']"
,,,,,,,,,
,,,,,,,,,
,,,,,,,,,
,,,,,,,,unknown,[]
,,,,,,,,unknown,[]
,,,,,,,,unknown,[]
"Falafel Vege Burger, Mezcla de verduras secas para hamburguesa","Falafel Vege Burger, Mezcla de verduras secas para hamburguesa",,,,,,,unknown,[]
Arepas con yuca y queso,Arepas con yuca y queso,212,4.1,42,3.1,0.5,3,c,"['en:cereals-and-potatoes', 'en:bread']"
,,,,,,,,unknown,[]
Alpinette Mora,Alpinette Mora,,,,,,,unknown,[]
,,,,,,,,unknown,[]
Syrup haz de oros,,290,0,73,0,0,,d,[]
Natri Mezcla Frutos Secos Midday Sun,Natri Mezcla Frutos Secos Midday Sun,396.666666666667,22,50,16,18,3,c,"['en:salty-snacks', 'en:nuts']"
Alpina Leche Deslactosada,Alpina Leche Deslactosada,47,3,4.75,1.7,0,4,b,"['en:milk-and-dairy-products', 'en:milk-and-yogurt']"
,,,,,,,,,
Wraps XL,,300,9.72222222222222,52.7777777777778,6.11111111111111,2.22222222222222,,unknown,[]
Lucky Charms,,366.666666666667,6.66666666666667,83.3333333333333,3.33333333333333,6.66666666666667,4,d,"['en:cereals-and-potatoes', 'en:breakfast-cereals']"
Doria Spaghetti Sin Gluten,Doria Spaghetti Sin Gluten,362.5,6.25,81.25,0.625,3.75,,b,"['en:cereals-and-potatoes', 'en:cereals']"
Beta fuel orange,Beta fuel orange,385,0,98,0,,,unknown,[]
Yogurt Griego Entero Natural,,83,5.5,2,5.9,,,unknown,[]
,,,,,,,,,
Leche Saborizada Fresa,Leche Saborizada Fresa,80,2,13.5,2.25,0,4,e,"['en:beverages', 'en:sweetened-beverages']"
,,,,,,,,,
Bebida Con Cacao Y Almendras,Bebida Con Cacao Y Almendras,21,1.2,1.4,1.2,,,unknown,[]
Pan tajado blanco,Pan tajado blanco,268,11,53,1.9,2.6,4,c,"['en:cereals-and-potatoes', 'en:bread']"
Fresco de avena instantáneo,Fresco de avena instantáneo,97,4.4,19,0.6,1,,c,"['en:cereals-and-potatoes', 'en:breakfast-cereals']"
Pimienta pepa tapa molino,,,,,,,,unknown,[]
,,,,,,,,,
,,,,,,,,,
sedal,,,,,,,4,unknown,[]
Dulce de Guayaba (Guava Paste),Dulce de Guayaba (Guava Paste),303.3,0.83,76,0.36,7.66,,unknown,[]
Skyr Entero Sin Dulce,,101.333333333333,8,7.33333333333333,4.4,0.6,,unknown,[]
Chalet du chocolat,Chalet du chocolat,564,4.2,59,35,2,4,e,"['en:sugary-snacks', 'en:chocolate-products']"
Manzana,,,,,,,,unknown,[]
Nissin Ramen Sabor a Costilla,Nissin Ramen Sabor a Costilla,447.058823529412,9.64705882352941,62.3529411764706,17.6470588235294,2.47058823529412,4,unknown,"['en:cereals-and-potatoes', 'en:cereals']"
,galletas Wafers Italo Naranja,453.125,6.25,62.5,20,1.25,4,e,"['en:sugary-snacks', 'en:biscuits-and-cakes']"
Algarra Yogurt Vainilla Francesa,Algarra Yogurt Vainilla Francesa,88,3,13.3333333333333,2.73333333333333,0,4,c,"['en:milk-and-dairy-products', 'en:milk-and-yogurt']"
Choco Break,Choco Break,230,1,25,13,0,,d,"['en:sugary-snacks', 'en:chocolate-products']"
Crema de Choclo,Crema de Choclo,,,,,,,unknown,"['en:fruits-and-vegetables', 'en:soups']"
Frutas Tropicales,Frutas Tropicales,20,0,4.9,0,,,unknown,[]
torta artesanal,,,,,,,3,unknown,"['en:sugary-snacks', 'en:biscuits-and-cakes']"
,,,,,,,,unknown,[]
,,,,,,,,,
Pool,,18,0,4.6,0,0,,unknown,"['en:beverages', 'en:sweetened-beverages']"
,,435,6.5,53,23,5,4,e,"['en:sugary-snacks', 'en:biscuits-and-cakes']"
,,,,,,,2,unknown,"['en:sugary-snacks', 'en:sweets']"
Pasta De Tomate,Pasta De Tomate,78,2.4,16,0.2,,,unknown,[]
tosti picantikos,tosti picantikos,476.666666666667,6.66666666666667,63.3333333333333,24.3333333333333,10.6666666666667,,e,"['en:salty-snacks', 'en:appetizers']"
Platano verde chips,,508,1.2,68,26,1.6,,unknown,[]
,,,,,,,,,
Arepa de Maíz Mini Tela,,210.344827586207,6.03448275862069,44.8275862068966,2.24137931034483,6.20689655172414,3,a,"['en:cereals-and-potatoes', 'en:bread']"
Veggie desmechado,,146,22,8,3,,,unknown,[]
,,,,,,,,,
Garlic Pasta de Ajo,Garlic Pasta de Ajo,66.6666666666667,6.66666666666667,13.3333333333333,0,0,4,e,"['en:fruits-and-vegetables', 'en:vegetables']"
Tote Almendras Naturales,Tote Almendras Naturales,610,20,21,52,11,1,c,"['en:salty-snacks', 'en:nuts']"
Corn Flakes,Corn Flakes,366.666666666667,6.66666666666667,86.6666666666667,0,3.33333333333333,3,d,"['en:cereals-and-potatoes', 'en:breakfast-cereals']"
Jasmine Rice,,344,7.4,80,0.2,4.2,,unknown,[]
"Thorne Vitamin D-5,000",,,,,,,4,not-applicable,[]
,,,,,,,,,
,,,,,,,,,
Burbu jet cookies and cream,Burbu jet cookies and cream,,,,,,,unknown,"['en:sugary-snacks', 'en:chocolate-products']"
POSTOBÓN ACQUA,,,,,,,,unknown,[]
Mostaza,,52,2.7,8.8,2,5.8,,c,"['en:fats-and-sauces', 'en:dressings-and-sauces']"
de todito BbQ,de todito BbQ,,,,,,,unknown,"['en:salty-snacks', 'en:appetizers']"
White Sugar,Providencia Azúcar Blanco,,,,,,2,unknown,"['en:sugary-snacks', 'en:sweets']"
White Special Sugar,Azúcar Incauca Blanco Especial,,,,,,2,unknown,"['en:sugary-snacks', 'en:sweets']"
Crema De Mani,,550,25,20,40,20,,unknown,[]
Yogur descremado con dulce con limon,Yogur descremado con dulce con limon,62.4,5.68,8.8,0.48,0,4,a,"['en:milk-and-dairy-products', 'en:milk-and-yogurt']"
Pomar Avena,Pomar Avena,25.6,1.88,3.12,0.64,0,4,c,"['en:beverages', 'en:plant-based-milk-substitutes']"
Krima,Krima,318.75,6.875,41.875,13.75,8.75,1,a,"['en:sugary-snacks', 'en:sweets']"
Sirope de Agave,Sirope de Agave,400,0,100,0,0,2,d,"['en:sugary-snacks', 'en:sweets']"
,,34.5,3.3,4.9,0,0,,b,"['en:milk-and-dairy-products', 'en:milk-and-yogurt']"
Helado de vainilla cubierto con chocolaté,Helado de vainilla cubierto con chocolaté,354.838709677419,4.19354838709677,29.0322580645161,24.1935483870968,0,,e,"['en:milk-and-dairy-products', 'en:ice-cream']"
Barquillos Rellenos De Crema De Vainilla,Barquillos Rellenos De Crema De Vainilla,463.888888888889,4.16666666666667,75,16.6666666666667,1.38888888888889,,e,"['en:sugary-snacks', 'en:biscuits-and-cakes']"
,,42,3.6,7,0,,4,c,"['en:beverages', 'en:artificially-sweetened-beverages']"
Almond beverage - almondee - almondee - almondee - almondee,,33,0.4,5,1.3,,,unknown,[]
Crema de mani com chocolate con vitamina c,Crema de mani com chocolate con vitamina c,583.333333333333,25,30.5555555555556,38.8888888888889,11.1111111111111,4,c,"['en:sugary-snacks', 'en:sweets']"
White Bread,,288.888888888889,10,51.8518518518519,4.44444444444444,1.48148148148148,,unknown,[]
Pan integral,Pan tajado integral Lalo,62,2.8,11,1,1.1,,unknown,[]
Clearskin,Clearskin,,,,,,,unknown,[]
Cuajada Queso Fresco Semiblando Graso,Cuajada Queso Fresco Semiblando Graso,290,19,1.33333333333333,23,0,,unknown,[]
Marine Collagen,Marine Collagen,147.058823529412,20.5882352941176,,0,0,4,a,[]
,,283,22,3,20,0,,d,"['en:milk-and-dairy-products', 'en:cheese']"
Chia spaghetti,Chia spaghetti,343.75,8.59375,79.6875,0.78125,7.03125,,a,"['en:cereals-and-potatoes', 'en:cereals']"
Salsa Picante Doña Tita,Salsa Picante Doña Tita,,,,,,,unknown,[]
tostadas integrales,,,,,,,,unknown,[]
,,,,,,,,,
Gomitas Trululu Neon,Gomitas Trululu Neon,333.333333333333,0,80,0,0,,e,"['en:sugary-snacks', 'en:sweets']"
Creamy Cocoa Hazelnut Spread,,610,18.5000002384186,27.9999995231628,50,9.49999988079071,,unknown,[]
Sunwarrior chocolate Protein,,400,68,16,6,12,4,not-applicable,[]
,,,,,,,,,
,,,,,,,,,
,,,,,,,,unknown,"['en:sugary-snacks', 'en:biscuits-and-cakes']"
,,,,,,,,,
,,,,,,,,unknown,"['en:sugary-snacks', 'en:sweets']"
gohnsons,,,,,,,,unknown,[]
,,,,,,,,,
,,,,,,,,unknown,[]
,,,,,,,,,
,,,,,,,,,
,,,,,,,,unknown,"['en:fish-meat-eggs', 'en:fish-and-seafood', 'en:fatty-fish']"
,,,,,,,,unknown,[]
Blueberry Bagels,,300,9,64,1.5,2,4,unknown,[]
Intenso Granulado,Intenso Granulado,,,,,,1,unknown,"['en:beverages', 'en:teas-and-herbal-teas-and-coffees']"
Arepa rellena con queso doblecrema,Arepa rellena con queso doblecrema,190,8,26,8,6,,c,"['en:cereals-and-potatoes', 'en:bread']"
,,,,,,,,unknown,"['en:cereals-and-potatoes', 'en:bread']"
Pan Tres Granos,,,,,,,,unknown,"['en:cereals-and-potatoes', 'en:bread']"
Pan Tres Granos,,,,,,,,unknown,"['en:cereals-and-potatoes', 'en:bread']"
Mogolla Negra,,339,10,60,6.9,1.8,,d,"['en:cereals-and-potatoes', 'en:bread']"
Pan tajado 6 cereales,,140.243902439024,3.65853658536585,25.609756097561,1.21951219512195,3.65853658536585,4,a,"['en:cereals-and-potatoes', 'en:bread']"
Mini pan de bonos,,458.33333333333,12.5,62.5,16.666666666667,0,,e,"['en:cereals-and-potatoes', 'en:bread']"
Tostaditas con mantequilla,Tostaditas con mantequilla,411.764705882353,11.7647058823529,,8.82352941176471,,4,e,"['en:cereals-and-potatoes', 'en:bread']"
tostadas con 7 granos,tostadas con 7 granos,,4,23,3,4,4,unknown,"['en:cereals-and-potatoes', 'en:bread']"
arepas de maíz caseras sary,arepas de maíz caseras sary,,,,,,,unknown,"['en:cereals-and-potatoes', 'en:bread']"
Pa' Mi Gente Besitos,Pa' Mi Gente Besitos,400,6.66666666666667,73.3333333333333,10,6.66666666666667,3,e,"['en:cereals-and-potatoes', 'en:bread']"
tostadas finas hierbas,tostadas finas hierbas,534.615384615385,,,,,,unknown,"['en:cereals-and-potatoes', 'en:bread']"
,,,,,,,,,
Yogurt Griego Mora y Arándano con Granola Kellogg,Yogurt Griego Mora y Arándano con Granola Kellogg,,,,,,4,unknown,"['en:milk-and-dairy-products', 'en:milk-and-yogurt']"
Yoghurt Griego Pasco Natural Sin Dulce,Yoghurt Griego Pasco Natural Sin Dulce,58.8235294117647,10,4.70588235294118,0,0,4,a,"['en:milk-and-dairy-products', 'en:milk-and-yogurt']"
Vitta Latti Descremado Light Melocotón,Vitta Latti Descremado Light Melocotón,33.3333333333333,3.33333333333333,5.33333333333333,0,0,4,b,"['en:beverages', 'en:artificially-sweetened-beverages']"
Yogurt Griego,Yogurt Griego,,,,,,,unknown,"['en:milk-and-dairy-products', 'en:milk-and-yogurt']"
Yogurt Deslactosado Melocotón,Yogurt Deslactosado Melocotón,80,3,12,2,0,,b,"['en:milk-and-dairy-products', 'en:milk-and-yogurt']"
Griego Piña y Coco,Griego Piña y Coco,93.3333333333333,4,10.6666666666667,4,0.666666666666667,,c,"['en:milk-and-dairy-products', 'en:milk-and-yogurt']"
Yogurt Griego Entero Natural sin Dulce,Yogurt Griego Entero Natural sin Dulce,50,2.5,4.16666666666667,2.5,,,b,"['en:milk-and-dairy-products', 'en:milk-and-yogurt']"
Hojuelas De Maíz,Hojuelas De Maíz,,,,,,,unknown,"['en:cereals-and-potatoes', 'en:breakfast-cereals']"
Harina de maíz blanco,Harina de maíz blanco,371,2,80,2.8,5.7,,unknown,"['en:cereals-and-potatoes', 'en:breakfast-cereals']"
Choco Krispis,Choco Krispis,366.666666666667,6.66666666666667,86.6666666666667,0,0,4,d,"['en:cereals-and-potatoes', 'en:breakfast-cereals']"
Corn Flakes,Corn Flakes,366.666666666667,6.66666666666667,86.6666666666667,0,3.33333333333333,3,d,"['en:cereals-and-potatoes', 'en:breakfast-cereals']"
Chocolate delicatto,,65,3.6,9.1,1.6,0,,unknown,[]
,,,,,,,,unknown,[]
,chocolate Lok 85%,525.714285714286,10.8571428571429,36.5714285714286,44,13.7142857142857,,d,"['en:sugary-snacks', 'en:chocolate-products']"
,,,,,,,,unknown,[]
,,,,,,,,unknown,[]
,,,,,,,,,
,,,,,,,,,
,,,,,,,,unknown,[]
Cerveza Azteca,,,,,,,,not-applicable,['en:alcoholic-beverages']
,,,,,,,,,
,,,,,,,,,
Café Volcán,Café Volcán,,,,,,,unknown,[]
Salchicha Premium,,785.294117647059,15.5882352941176,2.35294117647059,19.7058823529412,,,unknown,[]
,,,,,,,,,
Corn Flakes Original Hojuelas de maíz,,366.666666666667,6,86.6666666666667,0.666666666666667,,,unknown,"['en:cereals-and-potatoes', 'en:breakfast-cereals']"
colcafe coffee crem,,,,,,,,unknown,[]
,,,,,,,,,
Lemon Pepper Peanuts,,593.333333333333,27,23,43.3333333333333,9.66666666666667,,c,"['en:salty-snacks', 'en:nuts']"
Galletas Saltísimas Semidulces,Galletas Saltísimas Semidulces,446.153846153846,7.69230769230769,73.0769230769231,14.6153846153846,2.69230769230769,,unknown,[]
,,,,,,,,,
tortillas de harina,Tortillas De Harina,295,7.6,54,5.5,0.6,,unknown,[]
Jamón de cerdo premium,Jamón De Cerdo Premium,100,15,4.1,2.8,0.7,,unknown,[]
Club Colombia Roja,Club Colombia Roja,,,,,,3,not-applicable,['en:alcoholic-beverages']
,,,,,,,,,
,,,,,,,,,
,,,,,,,,,
Natele easy gel,Natele easy gel,,,,,,3,unknown,[]
,,,,,,,,,
,,,,,,,,unknown,[]
,,,,,,,,,
,,,,,,,,unknown,[]
,,,,,,,,unknown,"['en:fruits-and-vegetables', 'en:fruits']"
,,,,,,,,unknown,[]
,,,,,,,,unknown,[]
,,,,,,,,unknown,[]
,,,,,,,,unknown,[]
,,,,,,,,unknown,[]
Quaker,Quaker,370.833333333333,12.9166666666667,66.6666666666667,7.5,6.66666666666667,,a,[]
,,,,,,,,,
Yogurt Griego Natural,Yogurt Griego Natural,66,8,8.66666666666667,0,0,,a,"['en:milk-and-dairy-products', 'en:milk-and-yogurt']"
Mezcla de frutos secos Midday Sun,Mezcla de frutos secos Midday Sun,400,21.6666666666667,50,16.3333333333333,17.6666666666667,3,a,"['en:salty-snacks', 'en:nuts']"
,,,,,,,,,
,,,,,,,,,
,,,,,,,,unknown,[]
Queso mozzarella en bloque,,292,16.8,1.6,24.4,0,,unknown,[]
,,,,,,,,,
granola,granola,,,,,,,unknown,[]
,,,,,,,,,
Choco Chips,Choco Chips,503,5.9,65,25,2.7,4,e,[]
Atún En Agua,Atún En Agua,98,23,0,0.7,,,unknown,[]
Glacial Gran Cola,Glacial Gran Cola,22,0,5.5,0,0,4,b,[]
,,,,,,,,,
Sagú Burguer Bun,Sagú Burguer Bun,255.714285714286,9.85714285714286,40,6.85714285714286,2.57142857142857,,unknown,[]
,,,,,,,,unknown,[]
Pan Perro,,296,13,53,5.1,7.1,,unknown,[]
,,,,,,,,,
,,,,,,,,,
Habas con sal,Habas con sal,390,26,37,18,12,,unknown,[]
,,,,,,,,,
Hogao,Hogao,56,1.3,,2.7,0.3,,a,[]
,,,,,,,,,
,,,,,,,,,
Salchicha super perro,,199,13,5.2,14,,,unknown,[]
,,,,,,,,,
Jamón Sanduche,Jamón Sanduche,116,13,8.1,3.5,0.8,3,d,[]
yogurt griego sin dulce,,98.75,6.25,5.1875,5.875,,,unknown,[]
Claras De Hue o,Claras De Hue o,46.875,10.9375,0,0,0,,unknown,[]
,,,,,,,,,
Chicharron De Cerdo,Chicharron De Cerdo,573.333333333333,56,0,39,,,unknown,[]
,,,,,,,,,
Klim,,,,,,,,unknown,[]
Golden Cinnamon Roll Spread,Esparcible A Base De Almendras Y Macadamia Sabor A Rollo De Canela. Tamaño XL,610,16,29,51,11,,unknown,[]
crema de arroz Girones,crema de arroz Girones,,,,,,,unknown,[]
,,,,,,,,unknown,[]
cerveza bahía lager,,,,,,,,not-applicable,['en:alcoholic-beverages']
,,,,,,,,,
Pantene,,,,,,,,unknown,[]
agua micelar y rosas,,,,,,,,unknown,[]
Papas A La Francés,,135,2.9,22,4.2,1.3,,unknown,[]
Gomitas Mutantes Splash,,330,2.5,80,0,,,unknown,[]
bioqcua,,,,,,,,unknown,[]
rice raw pulpo essence,,,,,,,,unknown,[]
atún rallado en aceite vegetal,Atún Rallado En Aceite,161.666666666667,20,0,9,0,,unknown,[]
Yogurt Griego Mandarina,Yogurt Griego Mandarina,109,7.2,14,2.7,1.5,,unknown,[]
papas,,,,,,,,unknown,[]
milagro,,,,,,,,unknown,[]
desodorante,,,,,,,,unknown,[]
Rexona amarillo,,,,,,,,unknown,[]
Nongshim chapagetti korean black spaghetti with roasted chajang sauce,,435.71,7.85,69.28,14.28,2.3622,4,unknown,"['en:cereals-and-potatoes', 'en:cereals']"
Roland Ramen with Chicken,Roland Ramen with Chicken,464.285714285714,7.14285714285714,60.7142857142857,21.4285714285714,3.57142857142857,,unknown,"['en:cereals-and-potatoes', 'en:cereals']"
Alpin,Alpin,100,3,13.5,3.5,0,,e,"['en:milk-and-dairy-products', 'en:milk-and-yogurt']"
Splenda Original,Splenda Original,,,,,,4,not-applicable,[]
frijol cargamanto,,,,,,,,unknown,[]
Dark soy sauce,,,,,,,,unknown,"['en:fats-and-sauces', 'en:dressings-and-sauces']"
,,,,,,,,unknown,[]
Florentinas Mini Pay Fresa,Florentinas Mini Pay Fresa,,,,,,3,unknown,"['en:sugary-snacks', 'en:biscuits-and-cakes']"
Noix de cajou,,621,18.6,21.8,50.2,3.8,3,c,"['en:salty-snacks', 'en:nuts']"
Miettes de thon à l'huile de tournesol,,240,21,0.8,17,,,a,"['en:fish-meat-eggs', 'en:fish-and-seafood', 'en:fatty-fish']"
Ratatouille à la provençale,,47,1.4,5.1,2,1.5,4,a,"['en:composite-foods', 'en:one-dish-meals']"
Lentilles,,94,7.1,13,0.5,4.3,3,b,"['en:composite-foods', 'en:one-dish-meals']"
Monoprix Ratatouille Provençale,,47,1.4,5.1,2,1.5,4,a,"['en:composite-foods', 'en:one-dish-meals']"
"Moules à l'escabèche, recette espagnole",,261,13,4.5,21,0,4,d,"['en:fish-meat-eggs', 'en:fish-and-seafood']"
Filet de Maquereaux (Aux Deux Moutardes),,201,13,1.3,16,,4,c,"['en:fish-meat-eggs', 'en:fish-and-seafood', 'en:fatty-fish']"
,,,,,,,,unknown,[]
100% Fresa,100% Fresa,150,1,34,0.5,0,4,c,"['en:sugary-snacks', 'en:sweets']"
Swiss Milk Chocolate Almond,,563.636363636364,10.9090909090909,45.4545454545455,36.3636363636364,4.54545454545455,4,e,"['en:sugary-snacks', 'en:chocolate-products']"
Chocapic,Chocapic,,,,,,4,a,"['en:cereals-and-potatoes', 'en:breakfast-cereals']"
Club Social Queso,Club Social Queso,461.538461538462,7.69230769230769,69.2307692307692,15.3846153846154,0,,e,"['en:sugary-snacks', 'en:biscuits-and-cakes']"
Chelitas ,Chelitas ,,,,,,,unknown,[]
,,,,,,,,unknown,[]
Alpin,Alpin,100,3,13.5,3.5,0,,e,"['en:milk-and-dairy-products', 'en:milk-and-yogurt']"
Regeneris Fresa,Regeneris Fresa,80,3.33333333333333,14,1.33333333333333,2,4,b,"['en:milk-and-dairy-products', 'en:milk-and-yogurt']"
colombina,,,,,,,,unknown,[]
Nucita,Nucita,571,0,64.3,35.7,0,,e,"['en:sugary-snacks', 'en:sweets']"
levadura activa seca,levadura activa seca,,,,,,,unknown,[]
3 en 1,3 en 1,473.684210526316,5.26315789473684,73.6842105263158,15.7894736842105,0,4,unknown,"['en:beverages', 'en:teas-and-herbal-teas-and-coffees']"
Colada de maizena,Colada de maizena,416,8.6,82.6,5.7,,,d,[]
Jugo de Mandarina,Jugo de Mandarina,44,0,10.4,0,0,4,e,"['en:beverages', 'en:sweetened-beverages']"
Margarita Limón,Margarita Limón,140,4,0,8,,4,c,"['en:salty-snacks', 'en:appetizers']"
Nutribela,,,,,,,,unknown,[]
Ponqué Gala Chocolate,Ponqué Gala Chocolate,,5,30,11,,,unknown,"['en:sugary-snacks', 'en:biscuits-and-cakes']"
,,,,,,,,unknown,[]
Palomitas,,401,4.2,85,6.1,5.3,,unknown,[]
Piolo,Piolo,,,,,,,unknown,[]
Trocillo Sabor Pollo,Trocillo Sabor Pollo,550,10,60,30,0,4,d,"['en:salty-snacks', 'en:appetizers']"
Corazones de palmitos,Corazones de palmitos,18,3,1,,2,3,unknown,[]
Chelitas,,490,10,94.6428571428571,7.85714285714286,0.714285714285714,3,unknown,"['en:sugary-snacks', 'en:biscuits-and-cakes']"
Caserita,,,,,,,,unknown,[]
Hatsu Black Tea & Lime,Hatsu Black Tea & Lime,25,0,6.2,0,0,4,c,"['en:beverages', 'en:sweetened-beverages']"
Cacao hunters,,,,,,,,unknown,[]
Panela La Gloria,Panela La Gloria,360,1.98,90,13,,,unknown,"['en:sugary-snacks', 'en:sweets']"
Alfajores Mixtos,Alfajores Mixtos,375,6.4,31,13,,4,d,"['en:sugary-snacks', 'en:sweets']"
Alfajores Chocolate Clásico,Alfajores Chocolate Clásico,375,6.4,58,13,,4,e,"['en:sugary-snacks', 'en:sweets']"
,,,,,,,,unknown,[]
Barra de cereal frutilla Quaker,Barra de cereal frutilla Quaker,365,5,65,7.5,6.5,4,c,"['en:sugary-snacks', 'en:biscuits-and-cakes']"
Gran Cereal Cacao,Gran Cereal Cacao,446,7.4,63.6,18,5.9,4,d,"['en:sugary-snacks', 'en:biscuits-and-cakes']"
Costa Choco Chips,Costa Choco Chips,494,5,67.4,22.7,,4,e,"['en:sugary-snacks', 'en:biscuits-and-cakes']"
Poosh! Tuti Frutti,Poosh! Tuti Frutti,320,0,80,0,0,4,not-applicable,"['en:sugary-snacks', 'en:sweets']"
Wafer Fresa/Frutilla,Wafer Fresa/Frutilla,473,4.3,60,24,1,4,e,"['en:sugary-snacks', 'en:biscuits-and-cakes']"
Wafer Chocolate,Wafer Chocolate,457,4.7,53,25,3,4,e,"['en:sugary-snacks', 'en:biscuits-and-cakes']"
Wafer Chocolate con Avellana,Wafer Chocolate con Avellana,497,5.3,65,24,2.9,4,e,"['en:sugary-snacks', 'en:biscuits-and-cakes']"
Talento Amêndoas e Passas,Talento Amêndoas e Passas,520,8,60,28,4,4,unknown,"['en:sugary-snacks', 'en:chocolate-products']"
Fettuccine 12,Fettuccine 12,355,12,73,1.7,,1,b,"['en:cereals-and-potatoes', 'en:cereals']"
Gomiti 53,Gomiti 53,355,13,72,1.7,,1,a,"['en:cereals-and-potatoes', 'en:cereals']"
Leche saborizada,Leche saborizada,,,,,,,unknown,[]
Chocolate 85% Cacao 0% Azúcares Añadidos,Chocolate 85% Cacao 0% Azúcares Añadidos,565.646908859145,11,19,49,,4,d,"['en:sugary-snacks', 'en:chocolate-products']"
Valorcao a la taza,Valorcao a la taza,382,5.6,80,2.6,,4,unknown,[]
Tortitas Arroz Integral,Tortitas Arroz Integral,442,7.5,59,21,8.3,4,c,"['en:cereals-and-potatoes', 'en:cereals']"
CookiSanas Galletas Manzana,CookiSanas Galletas Manzana,391,8.8,62.2,11,11.5,4,a,"['en:sugary-snacks', 'en:biscuits-and-cakes']"
Galletas Integrales Choco Chips,Galletas Integrales Choco Chips,428,6.2,61,19,9.1,,c,"['en:sugary-snacks', 'en:biscuits-and-cakes']"
jarabe de caña agria no se  si llama asi y cual es el precio,jarabe de caña agria no se  si llama asi y cual es el precio,,,,,,,unknown,[]
MEGA,,504,4.0999999046326,68.800003051758,23.60000038147,,,unknown,[]
,,,,,,,,unknown,[]
Hanuta,,,,,,,,unknown,[]
Amalaki,Amalaki,,,,,,,unknown,[]
snickers,,250,4,27,12,0,4,d,"['en:sugary-snacks', 'en:biscuits-and-cakes']"
almond milk,,25,0.416666666666667,3.75,1.25,0.416666666666667,,unknown,[]
,,,,,,,,unknown,[]
Pudín Sabor a Vainilla,Pudín Sabor a Vainilla,90,3,12,3,0,4,c,"['en:milk-and-dairy-products', 'en:dairy-desserts']"
Mogolla multigrano,Mogolla multigrano,,,,,,,unknown,[]
Maiz Crispeta,,,,,,,,unknown,[]
Heinz Colado de Pera,Heinz Colado de Pera,79.646017699115,0,19.4690265486726,0,0,,c,"['en:fruits-and-vegetables', 'en:fruits']"
Albóndigas en salsa Zenu,Albóndigas en salsa Zenu,,,,,,,unknown,[]
goma de mascar trident,goma de mascar trident,,,,,,,unknown,[]
cafe soluble Nescafe,cafe soluble Nescafe,,,,,,,unknown,[]
Klim FortiGrow,Klim FortiGrow,461.538461538462,19.2307692307692,42.3076923076923,26.9230769230769,0,,unknown,"['en:milk-and-dairy-products', 'en:milk-and-yogurt']"
barra de ceral frutos rojos taeq,barra de ceral frutos rojos taeq,,,,,,,unknown,[]
Galleta Sabor Frutos Rojos,Galleta Sabor Frutos Rojos,470.588235294118,8.82352941176471,67.6470588235294,20.5882352941176,2.94117647058824,4,e,"['en:sugary-snacks', 'en:biscuits-and-cakes']"
ramen noodle,ramen noodle,,,,,,,unknown,[]
agua de coco enlatada,agua de coco enlatada,,,,,,,unknown,[]
arveja con zanahoria enlatada respin,arveja con zanahoria enlatada respin,,,,,,,unknown,"['en:fruits-and-vegetables', 'en:vegetables']"
goma de mascar mora trident,goma de mascar mora trident,,,,,,,unknown,[]
raw energy hammer bar - coconut chocolate chips,raw energy hammer bar - coconut chocolate chips,,,,,,,unknown,[]
Pollo con champiñones al vino,Pollo con champiñones al vino,,,,,,,unknown,[]
mixtura surtido de mariscos al natural en agua,mixtura surtido de mariscos al natural en agua,109,19,1.8,3,,,unknown,[]
frijoles antioqueños con tocino zenu,frijoles antioqueños con tocino zenu,,,,,,,unknown,[]
Coberturas sabor a chocolate,Coberturas sabor a chocolate,,,,,,,unknown,[]
fideos gruesos udon tassya,fideos gruesos udon tassya,,,,,,,unknown,[]
egg noodles sun lee,egg noodles sun lee,,,,,,,unknown,[]
Rice Stick,Rice Stick,353,7,80,0.74,,,unknown,[]
fideos vermicelli tassya,fideos vermicelli tassya,,,,,,,unknown,[]
frijol bola roja frescampo,frijol bola roja frescampo,,,,,,,unknown,[]
ensalada con atún alamar,ensalada con atún alamar,,,,,,,unknown,[]
Pollo con aderezo de mayonesa zenu,Pollo con aderezo de mayonesa zenu,,,,,,,unknown,[]
salmón en trozos Robinson crusoe,salmón en trozos Robinson crusoe,,,,,,,unknown,[]
Arroz con coco Carulla,Arroz con coco Carulla,,,,,,,unknown,[]
Obsesión,Obsesión,518.518518518518,3.7037037037037,70.3703703703704,22.2222222222222,0,4,e,"['en:sugary-snacks', 'en:biscuits-and-cakes']"
Mantequilla rama,,,,,,,,unknown,[]
Arvejas con zanahoria zenu,,,,,,,,unknown,[]
Chili con frijol taconacho,,,,,,,,unknown,[]
Guiso casero con trozos de vegetales Fruco,,,,,,,,unknown,[]
Equiori 70%,Equiori 70%,508.34,6.25,66.55,24.12,14.4,3,e,"['en:sugary-snacks', 'en:chocolate-products']"
Green+,,,,,,,,unknown,[]
Act II sabor Mantequilla Extra,Act II sabor Mantequilla Extra,,,,,,4,a,"['en:salty-snacks', 'en:salty-and-fatty-products']"
Tostadas,,140,5,4,9,,,unknown,[]
Cacao en polvo,Cacao en polvo,,,,,,4,unknown,[]
Conchiglioni 87/b,Conchiglioni 87/b,355,13,72,1.7,,1,a,"['en:cereals-and-potatoes', 'en:cereals']"
Cocosette x  8 und,Cocosette x  8 und,480,4,68,24,4,4,e,"['en:sugary-snacks', 'en:biscuits-and-cakes']"
Havannets Chocolate,Havannets Chocolate,369,6.2,57,13,0,4,e,"['en:sugary-snacks', 'en:chocolate-products']"
Tornillo,Tornillo,337.5,11.25,76.25,0,2.5,1,a,"['en:cereals-and-potatoes', 'en:cereals']"
Vinagreta con Albahaca y Cebolla Caramelizada,Vinagreta con Albahaca y Cebolla Caramelizada,190,0,32,13,,4,d,"['en:fats-and-sauces', 'en:dressings-and-sauces']"
Club Social Sabores,Club Social Sabores,450,6.53846153846154,69.2307692307692,16.1538461538462,1.15384615384615,4,e,"['en:sugary-snacks', 'en:biscuits-and-cakes']"
NatuChips Multicereal Sal Marina & Ajonjolí,NatuChips Multicereal Sal Marina & Ajonjolí,500,7.5,65,22.5,7.5,3,b,[]
Tomato Ketchup,Tomato Ketchup,105,0,23,0,0,4,d,"['en:fats-and-sauces', 'en:dressings-and-sauces']"
Cerveza,,,,,,,,unknown,[]
Club Social Original,Club Social Original,461.538461538462,7.69230769230769,69.2307692307692,19.2307692307692,0,3,e,"['en:sugary-snacks', 'en:biscuits-and-cakes']"
nectar California,nectar California,45.8333333333333,0.416666666666667,11.25,0,,,unknown,[]
,,,,,,,,unknown,[]
Gusanos azucarados,,,,,,,4,unknown,[]
Lacitos con fibra,Lacitos con fibra,541,4.8,60,33,6.1,4,d,"['en:sugary-snacks', 'en:biscuits-and-cakes']"
CookiSanas Galletas Chocolate,CookiSanas Galletas Chocolate,425,6.8,68.5,15.5,5.6,4,c,"['en:sugary-snacks', 'en:biscuits-and-cakes']"
Milo,,100,3,18,2,1,,unknown,[]
,,,,,,,,unknown,[]
Cerveza Póker,Cerveza Póker,,,,,,,not-applicable,['en:alcoholic-beverages']
Suero Electrolit Uva,Suero Electrolit Uva,20,0,0,0,0,,b,"['en:beverages', 'en:unsweetened-beverages']"
Tiqle sticks boisson goût fraise,,28.5714285714286,0,0,0,0,4,not-applicable,"['en:beverages', 'en:artificially-sweetened-beverages']"
Colombiana,Colombiana,29.1666666666667,0,7.5,0,,,d,"['en:beverages', 'en:sweetened-beverages']"
Ritz,,130,2,20,5,,,b,"['en:sugary-snacks', 'en:biscuits-and-cakes']"
OLD FASHIONED ROLLED OATS WHOLE GRAIN,Old Fashioned Rolled Oats,395.833333333333,12.5,,8.33333333333333,10.4166666666667,1,unknown,"['en:cereals-and-potatoes', 'en:breakfast-cereals']"
Granola Light,Granola Light,290.909090909091,7.27272727272727,72.7272727272727,9.09090909090909,32.7272727272727,,a,"['en:cereals-and-potatoes', 'en:breakfast-cereals']"
,,,,,,,,unknown,[]
,,,,,,,,unknown,[]
Frescavena,,60,3.4,11,0.1,0.8,4,unknown,[]
Achiras,Achiras,500,10,46.666666666667,26.666666666667,0,4,d,[]
Achuras del Huila,Achuras del Huila,520,20,48,28,0,,e,[]
Santo aroma,,700,10,40,50,,,unknown,[]
Panderitos con coco,Panderitos con coco,533.333333333333,0,60,33.3333333333333,0,4,e,[]
Granola Mix de Frutas,Granola Mix de Frutas,381.818181818182,7.27272727272727,72.7272727272727,7.27272727272727,7.27272727272727,,d,"['en:cereals-and-potatoes', 'en:breakfast-cereals']"
Milo,Milo,400,12,72,8,4,,unknown,[]
Pringles Sabor a Queso,Pringles Sabor a Queso,525,5,62.5,27.5,2.5,4,e,"['en:cereals-and-potatoes', 'en:potatoes']"
Arepa Repleta de Queso,Arepa Repleta de Queso,198,2.3,28,8.5,0,,d,"['en:cereals-and-potatoes', 'en:bread']"
TOMATO KETCHUP,TOMATO KETCHUP,114,1,28,0,0,4,c,"['en:fats-and-sauces', 'en:dressings-and-sauces']"
Papas & Pimientas,Papas & Pimientas,532,6.8,56.8,30,3.2,,e,[]
,,,,,,,,unknown,[]
Maizena Súperalimentos Granola y Nueces del Brasil,Maizena Súperalimentos Granola y Nueces del Brasil,,,,,,,unknown,"['en:cereals-and-potatoes', 'en:breakfast-cereals']"
Panela pulverizada,Panela pulverizada,268,0,72,0,,2,d,"['en:sugary-snacks', 'en:sweets']"
Cafecitas - Galletas con café,Cafecitas - Galletas con café,515,8.58,65.8,22.8,,3,e,"['en:sugary-snacks', 'en:biscuits-and-cakes']"
Kumis Entero con Dulce x6,Kumis Entero con Dulce x6,85,3,11,3,0,,e,"['en:beverages', 'en:unsweetened-beverages']"
Provolone,Provolone,368.421052631579,26.3157894736842,0,26.3157894736842,0,,d,"['en:milk-and-dairy-products', 'en:cheese']"
Chocolate Sin Azúcar Light en Calorías,Chocolate Sin Azúcar Light en Calorías,641.025641025641,12.8205128205128,25.6410256410256,51.2820512820513,0,,d,"['en:sugary-snacks', 'en:chocolate-products']"
Holandés,Holandés,233.333333333333,33.3333333333333,0,10,0,,c,"['en:milk-and-dairy-products', 'en:cheese']"
Leche Deslactosada,Leche Deslactosada,50,2.91666666666667,5,2.08333333333333,0,,b,"['en:milk-and-dairy-products', 'en:milk-and-yogurt']"
Waira Frutos Exóticos del Amazonas,Waira Frutos Exóticos del Amazonas,0,0,0.416666666666667,0,0,,b,[]
Monster Cuba-Libre,Monster Cuba-Libre,42,0,10,0,,4,e,"['en:beverages', 'en:sweetened-beverages']"
Peanut Butter,Peanut Butter,666.666666666667,23.3333333333333,20,53.3333333333333,6.66666666666667,,c,"['en:cereals-and-potatoes', 'en:legumes']"
Galleta de Avena y Linaza,Galleta de Avena y Linaza,340,8,32,20,,,d,"['en:sugary-snacks', 'en:biscuits-and-cakes']"
Ron,,,,,,,,unknown,[]
Cocoa Fusión Tumaco,Cocoa Fusión Tumaco,566.666666666667,13.3333333333333,30,46.6666666666667,16.6666666666667,4,e,"['en:sugary-snacks', 'en:chocolate-products']"
CookiSanas Galletas Naranja,CookiSanas Galletas Naranja,406,7.5,67.7,12,7,4,a,"['en:sugary-snacks', 'en:biscuits-and-cakes']"
Cappuccino Mocca,Cappuccino Mocca,444.444444444444,5.55555555555556,72.2222222222222,16.6666666666667,0,4,unknown,"['en:beverages', 'en:teas-and-herbal-teas-and-coffees']"
Sodas,Sodas,423.076923076923,11.5384615384615,76.9230769230769,7.69230769230769,3.84615384615385,4,d,"['en:sugary-snacks', 'en:biscuits-and-cakes']"
Planet Pop sabor a Caramelo,Planet Pop sabor a Caramelo,,,,,,4,e,[]
Milo,Milo,10,2,20,1,65,4,unknown,[]
Aceite de Oliva Virgen Extra,Aceite de Oliva Virgen Extra,866.666666666667,6.66666666666667,6.66666666666667,93.3333333333333,,2,unknown,"['en:fats-and-sauces', 'en:fats']"
Maní Salado,Maní Salado,633.333333333333,26.6666666666667,20,50,10,3,a,"['en:salty-snacks', 'en:nuts']"
Soya Pac,Soya Pac,466.666666666667,26.6666666666667,36.6666666666667,23.3333333333333,0,4,e,"['en:beverages', 'en:plant-based-milk-substitutes']"
Soya Pac Instantánea,Soya Pac Instantánea,466.666666666667,26.6666666666667,36.6666666666667,23.3333333333333,0,4,e,"['en:cereals-and-potatoes', 'en:legumes']"
,,,,,,,4,unknown,[]
,,150,3,22,5,1,4,c,[]
,,,,,,,,unknown,[]
Bon o bon Leche,Bon o bon Leche,538,8.9,49,34,4.2,4,e,"['en:sugary-snacks', 'en:chocolate-products']"
Gelatina de Pata 1915,Gelatina de Pata 1915,346.153846153846,7.69230769230769,76.9230769230769,0,0,4,d,[]
Crema de Leche,Crema de Leche,300,0,6.66666666666667,30,0,,d,[]
Polenta Instantánea,Polenta Instantánea,340,7,78,0.8,2.2,1,b,"['en:cereals-and-potatoes', 'en:cereals']"
Limón,Limón,463,6.7,67,19,1.5,4,d,"['en:sugary-snacks', 'en:biscuits-and-cakes']"
Mermelada de Frutos Rojos,Mermelada de Frutos Rojos,266.666666666667,0,66.6666666666667,0,0,4,d,"['en:sugary-snacks', 'en:sweets']"
,,,,,,,,unknown,[]
Margarita Pollo,Margarita Pollo,533.333333333333,3.33333333333333,53.3333333333333,33.3333333333333,3.33333333333333,3,e,"['en:salty-snacks', 'en:appetizers']"
"La Especial Mezcla de Maní con Sal, Maíz Tostado, Maní Confitado, Almendras y Arándanos","La Especial Mezcla de Maní con Sal, Maíz Tostado, Maní Confitado, Almendras y Arándanos",280,8,22,18,4,4,c,"['en:fruits-and-vegetables', 'en:dried-fruits']"
Salsa de Ají Picante,Salsa de Ají Picante,,,,,,4,unknown,"['en:fats-and-sauces', 'en:dressings-and-sauces']"
,,,,,,,,unknown,[]
Panelita de dulce con leche y coco,Panelita de dulce con leche y coco,,,,,,4,unknown,"['en:sugary-snacks', 'en:sweets']"
Vitao Avena en Hojuelas,Vitao Avena en Hojuelas,,,,,,1,a,"['en:cereals-and-potatoes', 'en:breakfast-cereals']"
Alfajores Merengue Clásico,Alfajores Merengue Clásico,342,6,60,9,,4,d,"['en:sugary-snacks', 'en:sweets']"
Atún Rallado en Aceite al Natural,Atún Rallado en Aceite al Natural,200,26.6666666666667,0,10,0,3,b,"['en:fish-meat-eggs', 'en:processed-meat']"
Aloe Vera Light,Aloe Vera Light,,,,,,4,unknown,"['en:beverages', 'en:artificially-sweetened-beverages']"
Té Líquido sabor a Durazno sin azúcar,Té Líquido sabor a Durazno sin azúcar,,,,,,,unknown,[]
Té Líquido Sabor a Limón,Té Líquido Sabor a Limón,37.5,0,9.58333333333333,0,0,3,e,"['en:beverages', 'en:sweetened-beverages']"
Limonada de Coco con Nata de coco,Limonada de Coco con Nata de coco,,,,,,4,d,"['en:beverages', 'en:sweetened-beverages']"
Compota de mango,,,,,,,,unknown,[]
Dark unroasted chocolate 85% cacao,Dark Unroasted Chocolate,450,12,45,35,,,e,"['en:sugary-snacks', 'en:chocolate-products']"
bon o bon Blanco,bon o bon Blanco,,,,,,4,unknown,"['en:sugary-snacks', 'en:chocolate-products']"
Granola Crocante  Frutos Rojos,Granola Crocante  Frutos Rojos,376,7,72,6.7,6,4,unknown,"['en:cereals-and-potatoes', 'en:breakfast-cereals']"
,,,,,,,,unknown,[]
,,,,,,,,unknown,[]
Reblochon Fermier AOP,Reblochon Fermier AOP,299,18,0,25,0,,d,"['en:milk-and-dairy-products', 'en:cheese']"
FRUITS & FIBRES,FRUITS & FIBRES,466.666666666667,10,100,5,10,1,d,"['en:cereals-and-potatoes', 'en:breakfast-cereals']"
Musli Arándanos,Musli Arándanos,366.666666666667,6.66666666666667,86.6666666666667,1.66666666666667,6.66666666666667,3,d,"['en:cereals-and-potatoes', 'en:breakfast-cereals']"
Kellogg's Special K Original,Kellogg's Special K Original,333.333333333333,6.66666666666667,86.6666666666667,0,6.66666666666667,4,c,"['en:cereals-and-potatoes', 'en:breakfast-cereals']"
Golazo,Golazo,528,3.6,62.8,29.2,4,4,e,"['en:sugary-snacks', 'en:biscuits-and-cakes']"
,,,,,,,,unknown,[]
Grissly Gomas Splash Acid,Grissly Gomas Splash Acid,375,-8.33333333333333,91.6666666666667,0,0,4,e,"['en:sugary-snacks', 'en:sweets']"
Barquillo arequipe,Piazza Arequipe Dulce de Leche,466.666666666667,6.66666666666667,76.6666666666667,15,0,4,e,"['en:sugary-snacks', 'en:sweets']"
Grissly Gomas Choco Splash,Grissly Gomas Choco Splash,45,1,8,1,0,4,b,"['en:sugary-snacks', 'en:sweets']"
Barquillo choco leche,Barquillo Choco-Leche,140,2,24,4,0,4,c,"['en:sugary-snacks', 'en:sweets']"
Barquillo chocolate,Piazza Chocolate,466.666666666667,3.33333333333333,76.6666666666667,15,0,4,e,"['en:sugary-snacks', 'en:sweets']"
Aromática de Frutas,Aromática de Frutas,35,0,8,0,0,4,a,"['en:fruits-and-vegetables', 'en:fruits']"
,,,,,,,2,unknown,"['en:sugary-snacks', 'en:sweets']"
,,,,,,,,unknown,"['en:milk-and-dairy-products', 'en:cheese']"
Marcador comestible,,,,,,,,unknown,"['en:composite-foods', 'en:one-dish-meals']"
Choclo Amarillo Entero,Choclo Amarillo Entero,81,2.5,12,2.5,3.6,3,a,"['en:cereals-and-potatoes', 'en:cereals']"
Chocolatina Fresa,Chocolatina Fresa,,,,,,,unknown,"['en:sugary-snacks', 'en:sweets']"
,,,,,,,,unknown,[]
Fresi Krispis Edición Limitada,Fresi Krispis Edición Limitada,366.666666666667,6.66666666666667,86.6666666666667,0,0,4,d,"['en:cereals-and-potatoes', 'en:breakfast-cereals']"
Zucaritas Sabor Chocolate,Zucaritas Sabor Chocolate,366.666666666667,3.33333333333333,86.6666666666667,3.33333333333333,3.33333333333333,3,d,"['en:cereals-and-potatoes', 'en:breakfast-cereals']"
Zucaritas,Zucaritas,366.666666666667,3.33333333333333,90,0,3.33333333333333,3,d,"['en:cereals-and-potatoes', 'en:breakfast-cereals']"
Choco Krispis,Choco Krispis,366.666666666667,6.66666666666667,86.6666666666667,0,0,4,d,"['en:cereals-and-potatoes', 'en:breakfast-cereals']"
Maicitos Dulces,Maicitos Dulces,80,2.4,15.2,1.2,2.4,3,b,"['en:cereals-and-potatoes', 'en:cereals']"
Arvejas con Zanahoria,Arvejas con Zanahoria,95.2380952380952,4.76190476190476,15.8730158730159,0,6.34920634920635,3,a,"['en:fruits-and-vegetables', 'en:vegetables']"
granola frutos tropicales,granola frutos tropicales,,,,,,4,unknown,[]
leche de soya,leche de soya,,,,,,,unknown,[]
,,,,,,,,unknown,[]
LECHE DE SOYA,LECHE DE SOYA,,,,,,,unknown,[]
forza soya,forza soya,,,,,,4,unknown,[]
Bimboletes,,,,,,,,unknown,[]
Lino,Lino,400,13.3333333333333,66.6666666666667,13.3333333333333,6.66666666666667,3,c,"['en:sugary-snacks', 'en:biscuits-and-cakes']"
Sucralosa,Sucralosa,354,,88.6,,,4,not-applicable,[]
Queso tajado tipo mozarella,,280,20,8,20,,,unknown,[]
Navideñas,Navideñas,488.721804511278,5,75.187969924812,16.9172932330827,3.7593984962406,4,e,"['en:sugary-snacks', 'en:biscuits-and-cakes']"
,,,,,,,4,unknown,"['en:sugary-snacks', 'en:biscuits-and-cakes']"
,,,,,,,,unknown,[]
Cranberry Cashew Trailmix,,140,3,14,8,,,c,"['en:salty-snacks', 'en:nuts']"
Crispy sea snack Wasabi,,15,1,1,0.5,,,unknown,[]
Tibitó Chocó,Tibitó Chocó,157,1,10,12,3,,c,"['en:sugary-snacks', 'en:biscuits-and-cakes']"
Spaghetti,Spaghetti,350,13,73,2,4,4,a,"['en:cereals-and-potatoes', 'en:cereals']"
Kumis Semidescremado con Dulce,Kumis Semidescremado con Dulce,84,2.8,13.6,2,0,3,e,"['en:milk-and-dairy-products', 'en:milk-and-yogurt']"
Durazno,Durazno,259,0,64,0,0,4,d,"['en:sugary-snacks', 'en:sweets']"
Achiras de Tradición,Achiras de Tradición,520,16,44,32,4,,e,[]
Sardine à l'huile d'olive et au piment d'espelettezer,,217,20.7,0.5,15,,,d,"['en:fish-meat-eggs', 'en:fish-and-seafood', 'en:fatty-fish']"
Salsa de Queso Cheddar,Salsa de Queso Cheddar,300,0,20,23.3333333333333,0,,d,"['en:fats-and-sauces', 'en:dressings-and-sauces']"
Gluten Free All-Purpose Baking Flour,BOB'S RED MILL -  Gluten Free All-Purpose Baking Flour,352.941176470588,8.82352941176471,73.5294117647059,1.47058823529412,11.7647058823529,3,unknown,"['en:cereals-and-potatoes', 'en:cereals']"
Leche Semidescremada Deslactosada,Leche Semidescremada Deslactosada,45.8333333333333,2.91666666666667,5,1.66666666666667,0,,b,"['en:milk-and-dairy-products', 'en:milk-and-yogurt']"
Ades,Ades,24.4,0.6,4.6,0.4,0.2,4,d,"['en:beverages', 'en:plant-based-milk-substitutes']"
Açai juice,Açai juice,37.5,0.41666666666667,5.4166666666667,1.4583333333333,0.83333333333333,,b,"['en:beverages', 'en:fruit-juices']"
Pan de Arroz,Pan de Arroz,,,,,,,unknown,"['en:cereals-and-potatoes', 'en:bread']"
Harina de maíz amarillo precocida PAN,,,,,,,,unknown,"['en:cereals-and-potatoes', 'en:cereals']"
Mamá Inés Con Sabor de Hogar,Mamá Inés Con Sabor de Hogar,0.005,4,25,3.5,,,d,['en:cereals-and-potatoes']
tanga,,,,,,,4,unknown,[]
Klim Amor Natural,Klim Amor Natural,500,26.9230769230769,38.4615384615385,26.9230769230769,0,,unknown,"['en:milk-and-dairy-products', 'en:milk-and-yogurt']"
Lazo Cabernet Sauvignon,Lazo Cabernet Sauvignon,,,,,,,not-applicable,['en:alcoholic-beverages']
Palomitas de Maíz Caramelo,Palomitas de Maíz Caramelo,466.666666666667,6.66666666666667,56.6666666666667,23.3333333333333,10,4,d,[]
Lindt Lindor,Lindt Lindor,666.66666666667,8.3333333333333,41.666666666667,50,0,,e,"['en:sugary-snacks', 'en:sweets']"
Taeq Aceite de Canola con Oliva Extra Virgen,Taeq Aceite de Canola con Oliva Extra Virgen,900,0,0,100,,2,b,"['en:fats-and-sauces', 'en:fats']"
Lomitos de Atún en Aceite al Natural,Lomitos de Atún en Aceite al Natural,,,,,,,unknown,"['en:fish-meat-eggs', 'en:fish-and-seafood', 'en:fatty-fish']"
Pan Mamá Inés,Pan Mamá Inés,,,,,,4,unknown,"['en:cereals-and-potatoes', 'en:bread']"
"Evok Chocolate Pomarrosa, Flor de Jamaica y Frambuesa","Evok Chocolate Pomarrosa, Flor de Jamaica y Frambuesa",540,8,48,36,12,,e,"['en:sugary-snacks', 'en:chocolate-products']"
"Evok Chocolate Frambuesa, Manzanilla, Manzana y Nibs de Cacao","Evok Chocolate Frambuesa, Manzanilla, Manzana y Nibs de Cacao",560,8,40,40,,,e,"['en:sugary-snacks', 'en:biscuits-and-cakes']"
"Infusiones Sabor Naranja, Mango y Canela","Infusiones Sabor Naranja, Mango y Canela",,,,,,,unknown,[]
Taeq Pita Bites Oregano y Sal Marina,Taeq Pita Bites Oregano y Sal Marina,407.407407407407,14.8148148148148,74.0740740740741,7.40740740740741,0,,e,[]
Flan con Fructosa,Flan con Fructosa,392,1.4,96.4,0,,4,unknown,[]
Maizena Súperalimentos Granola Frutos del Bosque Fresas y Arándanos,Maizena Súperalimentos Granola Frutos del Bosque Fresas y Arándanos,342.857142857143,8.57142857142857,68.5714285714286,5.71428571428571,8.57142857142857,,c,"['en:cereals-and-potatoes', 'en:breakfast-cereals']"
Lomitos de Atún en Agua,Lomitos de Atún en Agua,109.090909090909,27.2727272727273,0,0,0,,a,"['en:fish-meat-eggs', 'en:fish-and-seafood', 'en:fatty-fish']"
Stevia orgánica,,,,,,,,not-applicable,[]
Choco Express con Clavos y Canela,Choco Express con Clavos y Canela,,,,,,4,unknown,[]
Chicharrones en espiral picantes,,200,20,0,13,,,unknown,[]
Chicharrines Gourmet Picante,Chicharrines Gourmet Picante,51.3513513513514,27.027027027027,45.9459459459459,27.027027027027,0,3,a,[]
Sublime Extremo,Sublime Extremo,545.454545454545,8.90909090909091,50.5454545454545,34,,,unknown,[]
Labios Rojos,Labios Rojos,,,,,,4,unknown,[]
Mezcla XXL con Limón y Romero,Mezcla XXL con Limón y Romero,500,16.6666666666667,53.3333333333333,23.3333333333333,6.66666666666667,,c,"['en:salty-snacks', 'en:nuts']"
Forza Almendras con Nutri +,Forza Almendras con Nutri +,392.857142857143,10.7142857142857,67.8571428571429,12.5,10.7142857142857,4,e,"['en:beverages', 'en:plant-based-milk-substitutes']"
,,,,,,,,unknown,[]
Bebida de Soya,Bebida de Soya,483.333333333333,30,36.6666666666667,23.3333333333333,0,4,e,"['en:beverages', 'en:plant-based-milk-substitutes']"
Salsa de ajo,,200,0,13.3333333333333,16.6666666666667,0,,c,"['en:fats-and-sauces', 'en:dressings-and-sauces']"
Jumbo DOTS,Jumbo DOTS,600,13.3333333333333,43.3333333333333,40,3.33333333333333,4,e,"['en:sugary-snacks', 'en:sweets']"
Soyitas saladitas con macadamia crocante,Soyitas saladitas con macadamia crocante,500,40,26.6666666666667,26.6666666666667,13.3333333333333,3,d,"['en:cereals-and-potatoes', 'en:legumes']"
Soyitas saladitas crocantes,Soyitas saladitas crocantes,,,,,,3,unknown,"['en:salty-snacks', 'en:appetizers']"
Papitas de limón,Papitas de limón,520,4,56,32,8,,e,"['en:cereals-and-potatoes', 'en:potatoes']"
Wafer Arequipe,,160,3,0,7,,,unknown,[]
Mermelada Damasco,Mermelada Damasco,259,0,64,0,0,4,d,"['en:sugary-snacks', 'en:sweets']"
Aceite de Oliva,,,,,,,,unknown,[]
"Galleta con Avena, Manzana y Canela","Galleta con Avena, Manzana y Canela",392.857142857143,7.14285714285714,57.1428571428571,16.0714285714286,10.7142857142857,4,c,"['en:sugary-snacks', 'en:biscuits-and-cakes']"
Atún lomitos,,0.05,13,0,0,,,unknown,[]
Pan Primavera con Queso,,0.3,4,50,9,,,unknown,[]
Panela,Panela,359,0,89,0,,2,e,"['en:sugary-snacks', 'en:sweets']"
FINO Light,FINO Light,900,0,0,100,0,2,c,"['en:fats-and-sauces', 'en:fats']"
Pan Bimbo Diet,,214.28571428571,7.1428571428571,42.857142857143,0,,,unknown,[]
Aceite Canola,,800,0,0,90,,2,c,"['en:fats-and-sauces', 'en:fats']"
Mavesa Chiffon,Mavesa Chiffon,642.857142857143,0,0,71.4285714285714,0,2,e,"['en:salty-snacks', 'en:salty-and-fatty-products']"
La Lechera,La Lechera,0.3,6.66666666666667,56.6666666666667,6.66666666666667,0,3,e,[]
Diety syrup,,,,,,,,unknown,[]
Mogolla integral,,,,,,,,unknown,[]
Ultra premium protein matrix,Ultra premium protein matrix,,,,,,4,unknown,[]
"Tostadas, &quot;toliboy&quot;.",,,,,,,,unknown,[]
Aceite oliva extravirgen,,0,0,0,9,,,unknown,[]
,,,,,,,,unknown,[]
Galletitas Crackers Sin Sal,Galletitas Crackers Sin Sal,410.958904109589,10.2739726027397,68.4931506849315,13.6986301369863,3.42465753424658,3,b,"['en:sugary-snacks', 'en:biscuits-and-cakes']"
Mawie,,,,,,,4,unknown,[]
Natura,,,,,,,,unknown,[]
Crema de leche,,60,0,1,6,,,unknown,[]
,,,,,,,,unknown,[]
Nachos Integrales,,450,10,75,7.5,,,unknown,[]
Yorgurt Griego,,60,9,15,7,,,unknown,[]
Golden mix,,10,0,3,0,,,unknown,[]
Gretel Chocolate,Gretel Chocolate,525,5,67.2,26.3,0,4,e,"['en:sugary-snacks', 'en:biscuits-and-cakes']"
Granola Tradicional Coco y Almendras,Granola Tradicional Coco y Almendras,400,10,80,6.66666666666667,6.66666666666667,,c,"['en:cereals-and-potatoes', 'en:breakfast-cereals']"
Casino sabor Chocolate,Casino sabor Chocolate,488.372093023256,4.65116279069767,72.0930232558139,20.9302325581395,4.65116279069767,4,e,"['en:sugary-snacks', 'en:biscuits-and-cakes']"
Trident,Trident,,,,,,4,not-applicable,"['en:sugary-snacks', 'en:sweets']"
Agua Line,Agua Line,408.1,8.2,82.5,5.1,3,4,d,"['en:salty-snacks', 'en:appetizers']"
Barra de Granola Arándanos y Almendras,Barra de Granola Arándanos y Almendras,400,4,72,14,12,4,c,"['en:sugary-snacks', 'en:biscuits-and-cakes']"
La abejita,,,,,,,,unknown,[]
Tallarín/Linguini,Tallarín/Linguini,350,12,73,2,4,4,a,"['en:cereals-and-potatoes', 'en:cereals']"
Karavan Pop Snack de Arroz Integral Inflado Endulzado con Sirope de Yacón,Karavan Pop Snack de Arroz Integral Inflado Endulzado con Sirope de Yacón,333.333333333333,6.66666666666667,70,3.33333333333333,3.33333333333333,,c,[]
Pizza,Pizza,516,4.7,54.3,31.1,2.4,4,e,"['en:cereals-and-potatoes', 'en:potatoes']"
bon o bon cookie's,bon o bon cookie's,522.80701754386,7.71929824561404,56.140350877193,29.4736842105263,2.10526315789474,4,e,"['en:sugary-snacks', 'en:biscuits-and-cakes']"
Harina de Maíz Blanca Precocida,Harina de Maíz Blanca Precocida,110,3,27,1,4,1,a,"['en:cereals-and-potatoes', 'en:cereals']"
Leche Entera,Leche Entera,58.3333333333333,3.33333333333333,4.58333333333333,2.91666666666667,0,,c,"['en:milk-and-dairy-products', 'en:milk-and-yogurt']"
Mozzarella,Mozzarella,266.666666666667,16.6666666666667,0,23.3333333333333,0,,d,"['en:milk-and-dairy-products', 'en:cheese']"
Yoghurt Postre Sin Dulce,Yoghurt Postre Sin Dulce,44.4444444444444,3.88888888888889,2.77777777777778,1.66666666666667,0,,a,"['en:milk-and-dairy-products', 'en:milk-and-yogurt']"
Fruandes,Fruandes,300,6.66666666666667,63.3333333333333,6.66666666666667,23.3333333333333,1,c,"['en:fruits-and-vegetables', 'en:dried-fruits']"
Chicharrines De Papa,Chicharrines De Papa,466.666666666667,3.33333333333333,56.6666666666667,16.6666666666667,3.33333333333333,3,e,[]
QuinuaClub Snacks de Quinua y Maíz,QuinuaClub Snacks de Quinua y Maíz,375,8.33333333333333,58.3333333333333,12.5,0,3,e,[]
Mauka Kids Rosquitas con Vitaminas,Mauka Kids Rosquitas con Vitaminas,300,13.3333333333333,53.3333333333333,13.3333333333333,0,,b,[]
Maíz Soplado,Maíz Soplado,240,4,52,0,0,,c,[]
Arveja Esnatos,Arveja Esnatos,202.5,12.5,35,0,12.5,3,e,[]
Barra Natural Choco Maní,Barra Natural Choco Maní,400,22,44,14,14,,a,"['en:sugary-snacks', 'en:biscuits-and-cakes']"
Rosquillas Integrales de Arroz + Garbanzos,Rosquillas Integrales de Arroz + Garbanzos,200,7.5,25,7.5,5,3,c,[]
Nachiros Tradicional (Op. Orégano y picante),,140,2,19,8,2,1,e,[]
Expandido de Maíz y Quinoa Sabor a Limón,Expandido de Maíz y Quinoa Sabor a Limón,450,10,70,15,10,,d,[]
Arandanos,,56.6666666666667,0.733333333333333,14.5,0.333333333333333,2.33333333333333,,b,[]
Chips de Plátano Maduro,,375,2.5,55,17.5,5,,d,"['en:salty-snacks', 'en:appetizers']"
"Mezcla De Mani, Mani Confitado, Maiz, Almendras Y Arandanos",,280,8,21,18,3,1,e,[]
Arándanos,Arándanos,333.333333333333,0,83.3333333333333,0,6.66666666666667,,d,"['en:fruits-and-vegetables', 'en:dried-fruits']"
Nutty Berry Mix,Nutty Berry Mix,526.666666666667,12.6666666666667,44.3333333333333,33.3333333333333,6.33333333333333,1,d,"['en:fruits-and-vegetables', 'en:dried-fruits']"
"Chipchas Mix de Batata, Arracacha, Yuca y Remolacha","Chipchas Mix de Batata, Arracacha, Yuca y Remolacha",500,3.33333333333333,66.6666666666667,26.6666666666667,0,,d,[]
Agua en Caja Mejor,Agua en Caja Mejor,,,,,,,a,"['en:beverages', 'en:unsweetened-beverages']"
Supercoco Agua de Coco,Supercoco Agua de Coco,24,0,,0,0,,unknown,"['en:beverages', 'en:unsweetened-beverages']"
Brownie Artesanal,Brownie Artesanal,492.307692307692,6.15384615384615,47.6923076923077,32.3076923076923,3.07692307692308,4,e,"['en:sugary-snacks', 'en:biscuits-and-cakes']"
Ades NARANJA Tetrapack 200ml,,179,1.2,7.6,0.8,0.7,,e,"['en:beverages', 'en:unsweetened-beverages']"
Seeds Sabor Ají Jalapeno,Seeds Sabor Ají Jalapeno,400,22.5,60,7.5,7.5,,e,[]
Agua Con Colageno Sabor Manzana Amarilla,Agua Con Colageno Sabor Manzana Amarilla,100,0,25,0,0,,e,"['en:beverages', 'en:unsweetened-beverages']"
Eva's Snacks Manzana Verde,Eva's Snacks Manzana Verde,400,0,93.3333333333333,0,13.3333333333333,,e,"['en:fruits-and-vegetables', 'en:dried-fruits']"
Gür Vital Limón,Gür Vital Limón,,,,,,,unknown,[]
Galletas de Garbanzo Sabor Natural,Galletas de Garbanzo Sabor Natural,333.333333333333,13.3333333333333,63.3333333333333,3.33333333333333,3.33333333333333,,e,[]
Bendita Panela,Bendita Panela,70,0,20,0,0,,e,"['en:beverages', 'en:unsweetened-beverages']"
"Rosquitas Integrales de Arroz, Chia y Linaza",,80,3,10,3,2,,e,[]
Jappi Avena Sabor Natural,Jappi Avena Sabor Natural,40,2,2,2.5,20,,e,"['en:beverages', 'en:plant-based-milk-substitutes']"
Vizz Sparkling Sandia & Fresa,Vizz Sparkling Sandia & Fresa,0,0,0,0,0,,e,"['en:beverages', 'en:unsweetened-beverages']"
Jaibal Infusión Herbal con Frutas,Jaibal Infusión Herbal con Frutas,514,8,56,28,3.1,,e,"['en:beverages', 'en:unsweetened-beverages']"
Étnico Mezcla de Coco y Fresa deshidratada con Quinoa,,257.142857142857,7.14285714285714,57.1428571428571,0,7.14285714285714,,c,"['en:fruits-and-vegetables', 'en:dried-fruits']"
Galleta Vainilla Chips de Chocolate Mostro,Galleta Vainilla Chips de Chocolate Mostro,180,6,18,9,0,4,c,"['en:sugary-snacks', 'en:biscuits-and-cakes']"
Baked Chips Papa Criolla Paramo Snacks,,30,1,7,1,1,,b,"['en:salty-snacks', 'en:appetizers']"
Honey Popcorn,Honey Popcorn,70,1,10,2.5,1,,b,"['en:salty-snacks', 'en:appetizers']"
"Mini pan de Yuca, Pandebono y Almojábana de mi tierra",,434.782608695652,17.3913043478261,60.8695652173913,15.2173913043478,8.69565217391304,4,e,"['en:cereals-and-potatoes', 'en:bread']"
Happy Crumbles Granola Chocolate y Coco,Happy Crumbles Granola Chocolate y Coco,350,12.5,52.5,10,5,,a,[]
Galletas de Arroz Inflado Crocantes,Galletas de Arroz Inflado Crocantes,400,20,26.6666666666667,6.66666666666667,6.66666666666667,3,a,"['en:sugary-snacks', 'en:biscuits-and-cakes']"
Barra de Chocolate Lök 70% Chocolate Oscuro,Barra de Chocolate Lök 70% Chocolate Oscuro,571.428571428571,5.71428571428571,45.7142857142857,42.8571428571429,8.57142857142857,4,e,"['en:sugary-snacks', 'en:biscuits-and-cakes']"
Pistacho Americano,Pistacho Americano,,,,,,1,a,"['en:salty-snacks', 'en:nuts']"
Brownie Vegano Chocolov,,180,3,24,8,3,4,c,"['en:sugary-snacks', 'en:sweets']"
Agua Natural Pet Hontanar,,0,0,0,0,0,,b,"['en:beverages', 'en:unsweetened-beverages']"
D'cada Refresco de Mango y Maracuyá Orgánico (OP. Guayaba y Naranja ),,40,0,10,0,0,,b,[]
Arequipito,Arequipito,333.333333333333,6.66666666666667,56.6666666666667,8.33333333333333,0,4,e,"['en:milk-and-dairy-products', 'en:dairy-desserts']"
Queso,Queso,266.666666666667,23.3333333333333,0,20,0,3,d,"['en:milk-and-dairy-products', 'en:cheese']"
Jamón Pietran Snack X 210 gr,,114.285714285714,14.2857142857143,8.57142857142857,2.85714285714286,0,4,c,"['en:fish-meat-eggs', 'en:meat', 'en:meat-other-than-poultry']"
Má Compota de Pera,Má Compota de Pera,31.25,0,8.125,0,0.625,1,a,"['en:fruits-and-vegetables', 'en:fruits']"
Lomitos De Atún En Agua Pequeño,Lomitos De Atún En Agua Pequeño,115.384615384615,25,0,0.769230769230769,0,3,a,"['en:fish-meat-eggs', 'en:fish-and-seafood', 'en:fatty-fish']"
Tostaditas Salmas Sanissimo x 140g,,355.555555555556,8.88888888888889,72.2222222222222,3.33333333333333,0,3,c,"['en:sugary-snacks', 'en:biscuits-and-cakes']"
Achiras Ramo,,529.411764705882,17.6470588235294,47.0588235294118,29.4117647058824,,4,unknown,"['en:salty-snacks', 'en:appetizers']"
Papa Clasica Natural X 12 Unids X 300 gr - MARGARITA,,120,2,15,7,2,3,e,[]
Doritos Megaqueso 38 Grs X 10 Unidades,,500,7.89473684210526,63.1578947368421,26.3157894736842,5.26315789473684,4,e,[]
Chocoramo,,300,4,38,15,2,4,e,"['en:sugary-snacks', 'en:sweets']"
Alpinette sabor a cereza Pack x 3 und (140 gr c.u.),Alpinette sabor a cereza Pack x 3 und (140 gr c.u.),121.428571428571,2.85714285714286,21.4285714285714,2.85714285714286,0,2,not-applicable,"['en:fish-meat-eggs', 'en:eggs']"
HERSHEYS BLANCA/NEGRA 43GHERSHEYS BLANCA/NEGRA 43G,,210,4,21,14,0,,c,"['en:sugary-snacks', 'en:sweets']"
"SNICKERS 52,7G",,250,5,31.3,12,0,4,d,"['en:sugary-snacks', 'en:sweets']"
"M&M, CHOCO/MANI 47,9G",,480,5.1,70,19,0,4,e,"['en:sugary-snacks', 'en:sweets']"
Maduritos Turbana,,466.666666666667,3.33333333333333,70,20,6.66666666666667,3,e,[]
De Todito BBQ,De Todito BBQ,480,12,48,28,6,,e,[]
Galleta de Sal,Galleta de Sal,,,,,,3,unknown,"['en:sugary-snacks', 'en:biscuits-and-cakes']"
Café Sello Rojo,Café Sello Rojo,100,0,20,0,,,unknown,[]
Pure bulk,,350,27,0,0,,,unknown,[]
Brownies con Mix de Nueces La Especial,Brownies con Mix de Nueces La Especial,392.857142857143,7.14285714285714,89.2857142857143,0,3.57142857142857,,unknown,"['en:sugary-snacks', 'en:biscuits-and-cakes']"
Pura Frutta Manzana y Kiwi,Pura Frutta Manzana y Kiwi,47,0,11.5,0,0,1,c,"['en:beverages', 'en:unsweetened-beverages']"
Uva Pasa Negra,Uva Pasa Negra,14,0,10,0,,1,a,"['en:fruits-and-vegetables', 'en:dried-fruits']"
Cup Noodles Sabor a Carne,Cup Noodles Sabor a Carne,435.294117647059,10.2941176470588,58.8235294117647,17.6470588235294,3.67647058823529,4,unknown,"['en:cereals-and-potatoes', 'en:cereals']"
Sustagen Sabor Chocolate,Sustagen Sabor Chocolate,386.666666666667,13.3333333333333,80,1.3,3.33333333333333,4,not-applicable,"['en:beverages', 'en:sweetened-beverages']"
Aceite de Coco,Aceite de Coco,862,,,,,,unknown,"['en:fats-and-sauces', 'en:fats']"
Jamon Cocido,Jamon Cocido,82,17.4,0.5,1.2,,4,c,"['en:fish-meat-eggs', 'en:processed-meat']"
Coffee Mate,Coffee Mate,,,,,,,unknown,[]
Sorbet de Açai con Guaraná,Sorbet de Açai con Guaraná,137.5,2.5,26.25,2.5,2.5,,c,[]
Mah! Pure Love First Cookies Clásicas,Mah! Pure Love First Cookies Clásicas,,,,,,4,not-applicable,"['en:sugary-snacks', 'en:biscuits-and-cakes']"
Baby Evolution,Baby Evolution,60,0,14,0,,,e,"['en:fruits-and-vegetables', 'en:fruits']"
Baby Gü Compota de Frutas Mixtas,Baby Gü Compota de Frutas Mixtas,53.0973451327434,0.884955752212389,13.2743362831858,0,1.76991150442478,,c,"['en:fruits-and-vegetables', 'en:fruits']"
Compota Mah Manzana,Compota Mah Manzana,44.4444444444444,0,10,0,1.11111111111111,,b,"['en:fruits-and-vegetables', 'en:fruits']"
Italo Chocolatina Sabor a Durazno,Italo Chocolatina Sabor a Durazno,521.739130434783,0,65.2173913043478,28.2608695652174,,,e,"['en:sugary-snacks', 'en:biscuits-and-cakes']"
Milo,Milo,,,,,,4,unknown,[]
Spaghetti Doria,Spaghetti Doria,,,,,,,unknown,[]
Palomitas Caramelo,Palomitas Caramelo,,,,,,,unknown,[]
Té Verde Frutos Rojos & Miel de Abejas,Té Verde Frutos Rojos & Miel de Abejas,,,,,,,unknown,[]
Canola Life Margarina,Canola Life Margarina,500,0,0,60,,,unknown,[]
Sour cream,,,,,,,,unknown,"['en:milk-and-dairy-products', 'en:milk-and-yogurt']"
Mayonesa,Mayonesa,400,0,6.66666666666667,40,0,4,e,"['en:fats-and-sauces', 'en:dressings-and-sauces']"
Sapito Rellenos con Leche y Cereales,Sapito Rellenos con Leche y Cereales,531,5.8,60,30,1.2,4,e,"['en:sugary-snacks', 'en:chocolate-products']"
Surtiarepas,Surtiarepas,,,,,,4,unknown,[]
Costa Maxi Chips,Costa Maxi Chips,483,4.3,67.3,21.8,3,4,e,"['en:sugary-snacks', 'en:biscuits-and-cakes']"
Lomitos de Atún en Agua,Lomitos de Atún en Agua,,,,,,,unknown,[]
Vinagre Blanco,Vinagre Blanco,,,,,,2,not-applicable,"['en:fats-and-sauces', 'en:dressings-and-sauces']"
Jamón serrano,,,,,,,3,unknown,"['en:fish-meat-eggs', 'en:processed-meat']"
La Constancia Mayonesa,La Constancia Mayonesa,,,,,,4,unknown,"['en:fats-and-sauces', 'en:dressings-and-sauces']"
Dux Original,Dux Original,467.625899280576,7.19424460431655,64.7482014388489,21.5827338129496,0,4,e,"['en:sugary-snacks', 'en:biscuits-and-cakes']"
Café Instantáneo Granulado,Café Instantáneo Granulado,,,,,,,unknown,[]
Galletas Sandwich Limón,Galletas Sandwich Limón,470.588235294118,5.88235294117647,76.4705882352941,14.7058823529412,0,,e,"['en:sugary-snacks', 'en:biscuits-and-cakes']"
Taeq Arroz Integral,Taeq Arroz Integral,360,10,74,3,4,,b,"['en:cereals-and-potatoes', 'en:cereals']"
Taeq Pasta Multicereal Sedani,Taeq Pasta Multicereal Sedani,337.5,7.5,77.5,0,5,,a,"['en:cereals-and-potatoes', 'en:cereals']"
Manitoba Arándanos Deshidratados,Manitoba Arándanos Deshidratados,333.333333333333,0,86.6666666666667,0,6.66666666666667,3,d,"['en:fruits-and-vegetables', 'en:dried-fruits']"
Rocklets Galletas sabor Vainilla,Rocklets Galletas sabor Vainilla,462,6.2,66,19,1.4,4,e,"['en:sugary-snacks', 'en:biscuits-and-cakes']"
Gel'hada Frutos Rojos,Gel'hada Frutos Rojos,375,25,75,0,,4,e,[]
Natural Light Alcachofa,Natural Light Alcachofa,0,0,0,0,,4,unknown,[]
Standardized Saw Palmetto,Standardized Saw Palmetto,,,,,,,unknown,[]
Frutiño Limonada,Frutiño Limonada,,,,,,,unknown,"['en:beverages', 'en:sweetened-beverages']"
Free Zen Deditos con Proteína Recubiertos con Chocolate,Free Zen Deditos con Proteína Recubiertos con Chocolate,433.333333333333,16.6666666666667,46.6666666666667,30,10,,unknown,[]
Anellini 75,Anellini 75,355,13,72,1.7,,1,a,"['en:cereals-and-potatoes', 'en:cereals']"
Mermelada de Fresa,Mermelada de Fresa,300,0,73.3333333333333,0,0,,d,"['en:sugary-snacks', 'en:sweets']"
Surtiarepa,,,,,,,4,unknown,[]
Todo Rico Criollo,,400,10,46,20,2,,unknown,[]
Hit Refresh Naranja,Hit Refresh Naranja,12.5,0,3,0,,,c,"['en:beverages', 'en:artificially-sweetened-beverages']"
Old England Toffee Mint,Old England Toffee Mint,429.5,2.1,83,9.9,0,4,e,"['en:sugary-snacks', 'en:sweets']"
Margarita Natural,Margarita Natural,508,8,52,32,5.2,,d,[]
Frijol Caraota,,333.333333333333,18.3333333333333,,,,,unknown,[]
Froot Loops,Froot Loops,400,6.66666666666667,86.6666666666667,3.33333333333333,3.33333333333333,4,e,"['en:cereals-and-potatoes', 'en:breakfast-cereals']"
apanalisto,apanalisto,,,,,,,unknown,[]
PAM Original,PAM Original,0,0,0,0,,4,a,[]
Chubi,Chubi,,,,,,4,unknown,"['en:sugary-snacks', 'en:chocolate-products']"
Buchanan Deluxe 12 Years,Buchanan Deluxe 12 Years,,,,,,,not-applicable,['en:alcoholic-beverages']
Bitty Fit Snacks Cookieland,Bitty Fit Snacks Cookieland,450,5,40,32.5,2.5,,d,"['en:sugary-snacks', 'en:biscuits-and-cakes']"
Cuisine & Co Griego Natural,Cuisine & Co Griego Natural,52,7.33333333333333,4.93333333333333,0.333333333333333,0,1,a,"['en:milk-and-dairy-products', 'en:milk-and-yogurt']"
Pasta de arroz,,351,6.7,82,0,1.9,,unknown,[]
,,,,,,,,unknown,[]
Ducales,Ducales,461.538461538462,6.15384615384615,70.7692307692308,18.4615384615385,0,,e,"['en:sugary-snacks', 'en:biscuits-and-cakes']"
Chocolate Jet,Chocolate Jet,170,2,17,10,0,,d,"['en:sugary-snacks', 'en:chocolate-products']"
Gala Vainilla,Gala Vainilla,380.952380952381,7.14285714285714,47.6190476190476,19.047619047619,2.38095238095238,,e,"['en:sugary-snacks', 'en:biscuits-and-cakes']"
Lentejas La Frijolera,Lentejas La Frijolera,366.666666666667,25,63.3333333333333,0.833333333333333,10,,a,"['en:cereals-and-potatoes', 'en:legumes']"
Tostadas multicereal,,,,,,,,unknown,[]
Yaourt artisanal Nature,,67.5,3.8,5.3,3.8,,,unknown,[]
Gelatina kedeli light,,,,,,,4,unknown,[]
Nescafé Dolca,Nescafé Dolca,,,,,,,unknown,[]
Bao. profesional,,,,,,,4,unknown,[]
Gummi Zone Burger,Gummi Zone Burger,350,5,80,0,0,,e,"['en:sugary-snacks', 'en:sweets']"
Nailon,,,,,,,,unknown,[]
Margarita Onduladas Tomate,Margarita Onduladas Tomate,531.25,6.25,56.25,31.25,0,4,e,"['en:salty-snacks', 'en:appetizers']"
Doritos,,150,2,19,3,2,,unknown,[]
hit refresco 2.5litros $5mil,hit refresco 2.5litros $5mil,,,,,,,unknown,[]
hit refrsco 2.5litros $5mil,hit refrsco 2.5litros $5mil,,,,,,,unknown,[]
Barbacon Tocineta Ahumada de Cerdo,Barbacon Tocineta Ahumada de Cerdo,285.714285714286,14.2857142857143,4.76190476190476,21.4285714285714,0,,e,"['en:fish-meat-eggs', 'en:meat', 'en:meat-other-than-poultry']"
Hatsu Veggiedrink - Bebida con Avellana Sabor Original,Hatsu Veggiedrink - Bebida con Avellana Sabor Original,25,0.5,4,0.75,1,,c,"['en:beverages', 'en:plant-based-milk-substitutes']"
77010013519872,,15,3,1,,,,unknown,[]
Chocolate choco lyne,,130,2,12,8,1,,unknown,[]
Chips de plátano maduro con sal marina,Chips de plátano maduro con sal marina,481,2.6,70,23,8.1,3,e,"['en:fruits-and-vegetables', 'en:fruits']"
Gomitas con colágeno,,50,1,11,0,0,,unknown,[]
Galletas wafer vainilla,,170,2,19,10,,,unknown,"['en:sugary-snacks', 'en:biscuits-and-cakes']"
MI quesito,,266.666666666667,16.6666666666667,,23.3333333333333,,,unknown,[]
Fusilli,fusilli,356.25,13.75,75,1.25,5.125,,unknown,[]
Mulai,,60,8.4,,,,,unknown,[]
Máh! Pure Love Tres Cereales,Máh! Pure Love Tres Cereales,366.666666666667,10,83.3333333333333,0,3.33333333333333,,c,"['en:cereals-and-potatoes', 'en:cereals']"
Helado Gourmet,Helado Gourmet,174.603174603175,4.76190476190476,19.047619047619,9.52380952380952,0,,c,"['en:milk-and-dairy-products', 'en:ice-cream']"
Cerebritos Rellenos,Cerebritos Rellenos,323,3.8,77,0,0,4,e,"['en:sugary-snacks', 'en:sweets']"
Bebida Láctea Fresa,Bebida Láctea Fresa,,,,,,,unknown,"['en:milk-and-dairy-products', 'en:milk-and-yogurt']"
Alpina Baby +Plus 3,Alpina Baby +Plus 3,,,,,,,unknown,[]
Trolli Ana y Conda,Trolli Ana y Conda,346.153846153846,,,0,0,,unknown,"['en:sugary-snacks', 'en:sweets']"
Leche Deslactosada,Leche Deslactosada,45.8333333333333,2.91666666666667,5,1.66666666666667,0,,b,"['en:milk-and-dairy-products', 'en:milk-and-yogurt']"
Trocitos de pollo,,90,1,3,5,,,unknown,[]
Atún,Atún,163.636363636364,23.6363636363636,0,6.36363636363636,0,,b,"['en:fish-meat-eggs', 'en:fish-and-seafood', 'en:fatty-fish']"
Plátanos verdes,,500,2.5,72.5,22.5,5,,unknown,[]
Chai en polvo,,500,,100,,,,unknown,[]
Leche entera,,58.3333333333333,2.91666666666667,4.16666666666667,3.33333333333333,,,unknown,[]
Mortadela,,212.121212121212,12.1212121212121,6.06060606060606,15.1515151515151,,,unknown,[]
FIT BAR Chocolate,,180,25,22,4,1,4,unknown,[]
Agua de rosas,,,,,,,4,unknown,[]
Lyne fresa sin azúcar,,304.347826086957,8.69565217391304,78.2608695652174,2.17391304347826,4.34782608695652,,unknown,[]
NAN OPTIPRO 2,NAN OPTIPRO 2,,,,,,4,not-applicable,"['en:milk-and-dairy-products', 'en:milk-and-yogurt']"
Crema,,166.666666666667,,,,,,unknown,[]
Papas fritas,Rapi Papas Delgadas,139,2.5,22.5,4.12,2.75,,unknown,[]
Maggi Crema de Pollo x 76 gr,Maggi Crema de Pollo x 76 gr,400,13.333333333333,60,10,0,,unknown,"['en:composite-foods', 'en:one-dish-meals']"
Queso Pera Piccolinos,,300,23.3333333333333,20,,,,unknown,[]
Festival,,484.848484848485,6.06060606060606,78.7878787878788,15.1515151515151,3.03030303030303,,unknown,[]
Canneberges et pommes,,238.09523809524,8.8095238095238,45.238095238095,2.6190476190476,5,,unknown,[]
Açaí,,666.666666666667,,,50,,,unknown,[]
Colman's Salsa Soya,Colman's Salsa Soya,,,,,,4,unknown,"['en:fats-and-sauces', 'en:dressings-and-sauces']"
Frescampo Salsa de Tomate,Frescampo Salsa de Tomate,,,,,,4,d,"['en:fats-and-sauces', 'en:dressings-and-sauces']"
Pechuga de pavo,,111.111111111111,13.8888888888889,,2.77777777777778,,,unknown,[]
Chorizó,,238.095238095238,14.2857142857143,,19.047619047619,,,unknown,[]
isolate,isolate,,,,,,,unknown,[]
Casino sabor Vainilla,Casino sabor Vainilla,488,4.65,67.4418604651163,20.9302325581395,2.32558139534884,,e,"['en:sugary-snacks', 'en:biscuits-and-cakes']"
Panecitos Aliñados,Panecitos Aliñados,,,,,,,unknown,[]
Paccheri Napoletani 80,Paccheri Napoletani 80,355,13,72,1.7,,1,a,"['en:cereals-and-potatoes', 'en:cereals']"
Galletas con relleno sabor a mora MOMENTS,,454,3.3,83.8,11.7,1.8,,unknown,"['en:sugary-snacks', 'en:biscuits-and-cakes']"
Bianchi,,,,,,,4,unknown,[]
Platanitos,,150,1,21,7,2,,unknown,[]
Te Deluxe Matcha Latte,Te Deluxe Matcha Latte,42,1,5,2,1,,unknown,[]
Pizza chorizos,,209,8,30,5.59999990463257,0.100000001490116,,unknown,[]
Avena en hojuelas alkosto,,80,3,17,1,6,,unknown,[]
Shoyu Tradicional,Shoyu Tradicional,57,2.5,11.8,0.1,,4,unknown,"['en:fats-and-sauces', 'en:dressings-and-sauces']"
Champiñones Tajados,Champiñones Tajados,33.3333333333333,3.33333333333333,3.33333333333333,0,3.33333333333333,4,c,"['en:fruits-and-vegetables', 'en:vegetables']"
Barra de cereal,,100,2,12,4.5,,,unknown,[]
Yogur Casero,Yogur Casero,72.5,2.5,10,2.5,0,,b,"['en:milk-and-dairy-products', 'en:milk-and-yogurt']"
Arepa con Margarina y Sal,Arepa con Margarina y Sal,190,3,29,7,4,,unknown,[]
Creatine Micronized,Creatine Micronized,,,,,,,unknown,[]
Chorizo Antioqueño,Chorizo Antioqueño,292,17,7.2,21,0,,unknown,[]
Yogurt Baby Gu Alpina,,42.8571428571429,2,5.42857142857143,1.52380952380952,0,,unknown,[]
7707799584768,,60,4,10,,,,unknown,[]
Yogur griego,,100,7,17,,,,unknown,[]
Oreo,Oreo,170,2,26,60,1,,c,"['en:sugary-snacks', 'en:biscuits-and-cakes']"
Sketos,,60,4,10,,,,unknown,[]
Kythos Onditas Mayonesa,Kythos Onditas Mayonesa,533.333333333333,3.33333333333333,50,36.6666666666667,3.33333333333333,,e,"['en:salty-snacks', 'en:appetizers']"
Arándano,Arándano,276,0,69,0,0,4,d,"['en:sugary-snacks', 'en:sweets']"
Tortilla,,288.888888888889,8.88888888888889,46.6666666666667,6.66666666666667,11.1111111111111,,unknown,[]
Chocolate Luker Tradicional,,630,12,25,53,17,,unknown,[]
Origami,,100,2,20,1,6,,unknown,[]
Avena  len hojuelas,,60,2,10,1,2,,unknown,[]
Taeq Gelatina Mora,Taeq Gelatina Mora,,,,,,,unknown,[]
Yococo,,150,2,5,14,3,,unknown,[]
Yococo,,107.142857142857,1.42857142857143,3.57142857142857,10,2.14285714285714,,unknown,[]
Quipito,,363.636363636364,4.54545454545455,72.7272727272727,9.09090909090909,,,unknown,[]
Marypas Macarrón Corto,Marypas Macarrón Corto,,,,,,1,unknown,"['en:cereals-and-potatoes', 'en:cereals']"
Barrita de Cereal Semillas,Barrita de Cereal Semillas,440,12,56,20,8,,b,"['en:sugary-snacks', 'en:biscuits-and-cakes']"
Manzana Verde de La Patagonia,Manzana Verde de La Patagonia,50,0,12,0,0,1,c,"['en:beverages', 'en:unsweetened-beverages']"
True Protein Bar,True Protein Bar,390.625,31.25,37.5,18.75,6.25,,e,[]
Ice Rea,,20,,5,,,,unknown,[]
Queso Tofu Sabyi,Queso Tofu Sabyi,,,,,,,unknown,"['en:cereals-and-potatoes', 'en:legumes']"
Choco Brownie,Choco Brownie,489.230769230769,6.15384615384615,63.0769230769231,23.0769230769231,3.07692307692308,,e,"['en:sugary-snacks', 'en:biscuits-and-cakes']"
harina de trigo,,,,,,,,unknown,"['en:cereals-and-potatoes', 'en:cereals']"
,,,,,,,,not-applicable,[]
Premio Rojo,Premio Rojo,22.5,0,5.75,0,,4,e,"['en:beverages', 'en:sweetened-beverages']"
Leche Actilife,Leche Actilife,41.6666666666667,5,5.41666666666667,0,0,,b,"['en:milk-and-dairy-products', 'en:milk-and-yogurt']"
Arepas rellenas con queso light,,189.473684210526,5.26315789473684,30.5263157894737,5.26315789473684,4.21052631578947,,unknown,[]
Carve,Carve,346,50,34,1,32,,a,[]
Lasaña Precocida,Lasaña Precocida,338,11,71.1,1,3.6,1,unknown,"['en:cereals-and-potatoes', 'en:cereals']"
Papas Fritas Fosforitos,,533.33333333333,6.6666666666667,56.666666666667,30,,,e,"['en:salty-snacks', 'en:appetizers']"
Papas Fritas sabor a picante,,500,6.6666666666667,63.333333333333,26.666666666667,,,unknown,[]
Bagel de avena y masa madre,,283.333333333333,12.5,47.5,5,32.5,,unknown,[]
Lentejas con salchicha y papa,,61.5384615384615,4.61538461538461,10.7692307692308,1.15384615384615,4.61538461538461,,unknown,[]
Mini Oreo,Mini Oreo,500,5,67.5,22.5,2.5,4,e,"['en:sugary-snacks', 'en:biscuits-and-cakes']"
Panes,,,,,,,,unknown,[]
Pan,,,,,,,,unknown,[]
Masmai,,5,4,36,0,,,unknown,[]
Capuccino ligth,,18,1,8,2,,,unknown,[]
De todito,,223.529411764706,5.88235294117647,23.5294117647059,12.9411764705882,2.35294117647059,,unknown,[]
Te helado,,411.76470588235,0,100,0,,,unknown,[]
Te frio,,25,0,6.6666666666667,0,,,unknown,[]
Granola,,418.181818181818,10.9090909090909,36.3636363636364,10.9090909090909,12.7272727272727,,unknown,"['en:cereals-and-potatoes', 'en:breakfast-cereals']"
,,,,,,,,unknown,[]
Besi,,153.846153846154,1.53846153846154,36.9230769230769,,,,unknown,[]
Margarita Natural,,233.33333333333,6.6666666666667,60,26.666666666667,,,unknown,[]
Golpe con Todo,,533.33333333333,6.6666666666667,60,30,,,unknown,[]
Pan tajado linaza,,133.333333333333,6.66666666666667,22.2222222222222,2.22222222222222,2.22222222222222,,unknown,[]
Marshmello,,321.428571428571,3.57142857142857,78.5714285714286,,,,unknown,[]
Passionfruit pulp,,7.1428571428571,3.5714285714286,12.142857142857,0,0,,unknown,[]
Jabon Familiar,,,,,,,,unknown,[]
DeTodito Mix,,200,3,22,12,,3,c,"['en:salty-snacks', 'en:appetizers']"
Morcilla,,190.47619047619,3.17460317460317,22.2222222222222,9.52380952380952,,,unknown,[]
Arepa con chía y queso,,216.666666666667,7.5,24.1666666666667,10,3.33333333333333,,unknown,[]
Arepa de chocolo rellena con queso,,115.789473684211,4.21052631578947,15.7894736842105,3.68421052631579,1.05263157894737,,unknown,[]
Coronitas,,473.684210526316,5.26315789473684,71.0526315789474,18.4210526315789,,,unknown,[]
Piazza,,500,6.25,75,18.75,,,unknown,[]
Chocolate,,444.444444444444,3.7037037037037,81.4814814814815,11.1111111111111,,,unknown,[]
Pin pon,,350,,,,,,unknown,[]
Besitos,,321.428571428571,3.57142857142857,78.5714285714286,,,,unknown,[]
Tostados Bimbo,,409.090909090909,13.6363636363636,68.1818181818182,9.09090909090909,4.54545454545455,,unknown,[]
Comarrico Macarrón Queso,Comarrico Macarrón Queso,560,20,122,0,6,1,a,"['en:cereals-and-potatoes', 'en:cereals']"
Coolechera Leche Deslactosada Semidescremada,Coolechera Leche Deslactosada Semidescremada,50,3.5,5.5,1.5,0,,b,"['en:milk-and-dairy-products', 'en:milk-and-yogurt']"
Algran Frijoles,Algran Frijoles,333.333333333333,20,56.6666666666667,2.5,5,,a,"['en:cereals-and-potatoes', 'en:legumes']"
Alamar Atún Rallado en Agua,Alamar Atún Rallado en Agua,90.9090909090909,16.3636363636364,1.81818181818182,1.81818181818182,,3,a,"['en:fish-meat-eggs', 'en:fish-and-seafood', 'en:fatty-fish']"
Raw Sugar,Providencia Azúcar Morena Sin Refinar,20,0,5,0,0,4,b,"['en:sugary-snacks', 'en:sweets']"
Fideos Pastas La Nieve,Fideos Pastas La Nieve,350,13.75,75,0,3.75,1,a,"['en:cereals-and-potatoes', 'en:cereals']"
Vidalia Vital Chocolate,Vidalia Vital Chocolate,500,7.5,40,45,10,4,d,"['en:sugary-snacks', 'en:chocolate-products']"
RSAA0217502,,140,14,24,,4,,unknown,[]
Bon o Bon,Bon o Bon,556,9.1,48,36,3.4,4,e,"['en:sugary-snacks', 'en:sweets']"
Bebida de coco sabor original,,22.5,0.5,1,2,1,,unknown,[]
Mix Crunch,,60,0.5,14,,2,,unknown,[]
Alpin,Alpin,100,3.5,14,3.5,0,,e,"['en:milk-and-dairy-products', 'en:milk-and-yogurt']"
Smart Bites,Smart Bites,400,10,90,0,0,,not-applicable,[]
Original Hawaiian Sweet Rolls,Original Hawaiian Sweet Rolls,321.428571428571,10.7142857142857,57.1428571428571,7.14285714285714,,,unknown,[]
Leche Pasteurizada Semidescremada,Leche Pasteurizada Semidescremada,50,3,5,1.5,0,,b,"['en:milk-and-dairy-products', 'en:milk-and-yogurt']"
Salmon   Ahumado,,160,18,2,8,,,unknown,[]
Granola Crocante Almendras y Pasas de Uva,Granola Crocante Almendras y Pasas de Uva,384,7.6,70,9.3,6.1,4,unknown,"['en:cereals-and-potatoes', 'en:breakfast-cereals']"
Aromática,,,,,,,,unknown,[]
Frijol rayado,,300,20,61.6,0.83,1.5,,unknown,[]
Bar,,100,2.20000004768372,,20,,,unknown,[]
Galleta de coco,,220,2,36,8,1,,unknown,"['en:sugary-snacks', 'en:biscuits-and-cakes']"
Avena instantánea sabor canela,,200,5,43,2.5,,,unknown,[]
Froot mix,,10,2,30,0,,,unknown,[]
Yogurt tradicional con trozos de fruta Coco,,140,20,30,0,,,unknown,[]
Chile con carne,,110,6,14,3,,,unknown,[]
Arepa,Arepas Con Queso,255,6.66666666666667,31.6666666666667,12,3.33333333333333,,unknown,[]
Colágeno hidrolizado,,120,11,3,,,,unknown,[]
Talento Dark 50% Cacau Café,Talento Dark 50% Cacau Café,515.151515151515,6.06060606060606,63.6363636363636,30.3030303030303,6.06060606060606,4,e,"['en:sugary-snacks', 'en:chocolate-products']"
Salsa de piñas,,,,,,,,unknown,[]
Frijol caraota,,300,23.333333333333,58.333333333333,0,,,unknown,[]
Top Terra,,,,,,,,unknown,[]
pan Pullman blanco,,,,,,,,unknown,[]
Malteada sabor vainilla,,5,0,29,3.5,,,unknown,[]
Reducción de vinagre balsámico de modena,,20,0,5,0,,,unknown,[]
7703188996096,,170,12,9,6,8,,unknown,[]
Piolo,,150,3,,8,1,,unknown,[]
Tomates secos,,233.333333333333,3.33333333333333,43.3333333333333,5,,,unknown,[]
Helado de brownie,,128,2,9,9,,,unknown,[]
Beer,,,,,,,,unknown,[]
Beo,,350,5,80,,,,unknown,[]
Queso pera,,130,9,2,9,1,,unknown,"['en:milk-and-dairy-products', 'en:cheese']"
Vive 100 Zero,Vive 100 Zero,0,0,0.6,0,0.51,4,c,"['en:beverages', 'en:artificially-sweetened-beverages']"
Besos,,150,2,21,6,,,unknown,[]
,,,5,15,7,2,,unknown,[]
,,,,,,,,unknown,[]
Galleta Wafer,,120,1,17,5,1,,unknown,"['en:sugary-snacks', 'en:biscuits-and-cakes']"
Arepa de maíz con queso,,150,6,7,5,3,,unknown,[]
Yogur griego mora y arándano,,80,6,10.6666666666667,1.66666666666667,0.666666666666667,,a,"['en:milk-and-dairy-products', 'en:milk-and-yogurt']"
Queso tajado,,280,16,8,20,,,unknown,[]
Tosh Mix Primaveral,Tosh Mix Primaveral,485.714285714286,14.2857142857143,42.8571428571429,31.4285714285714,8.57142857142857,,d,"['en:fruits-and-vegetables', 'en:dried-fruits']"
Tostado integral,Tostadas Integrales,386.666666666667,14,70,7.66666666666667,9.66666666666667,,unknown,[]
Queso mozzarella tajada,,70,5,,5,,,unknown,[]
Gaseosa uva,,18.75,0,4.58333333333333,0,,,unknown,[]
Vitalxlim,,200,,,,66.6666666666667,,unknown,[]
Barra de cereal,,150,5,17,8,2,,unknown,[]
Banano Pasa,,,,,,,,unknown,[]
Alpinito (grande),,120,4,19,3.5,,,unknown,[]
embrion de pato,,,,,,,4,unknown,[]
Palomitas,,500,,55.5555555555556,27.7777777777778,16.6666666666667,,unknown,[]
Mortadela de Cerdo,Mortadela de Cerdo,210.526315789474,13.1578947368421,5.26315789473684,15.7894736842105,0,,d,"['en:fish-meat-eggs', 'en:processed-meat']"
Top Tea,Top Tea,0,0,0,0,0,4,c,"['en:beverages', 'en:artificially-sweetened-beverages']"
Grissly,,332,0,86,0,,,unknown,[]
Galletas de Navidad Sabor a Chocolate y Vainilla,Galletas de Navidad Sabor a Chocolate y Vainilla,466.666666666667,6.66666666666667,76.6666666666667,13.3333333333333,0,4,e,"['en:sugary-snacks', 'en:biscuits-and-cakes']"
kola granulada mk,,,,,,,,unknown,[]
Morcilla,,267.605633802817,7.04225352112676,28.169014084507,14.0845070422535,1.40845070422535,,unknown,[]
Chicharrón carnudo limón,Chicharrones De Cerdo (Limón),613.333333333333,52,0,45.3333333333333,,,unknown,[]
Hatsu barra,,320,12,60,12,12,,unknown,[]
Giger Ale,,29.1666666666667,,7.5,,,,unknown,[]
Colorey,Colorey,,,,,,4,unknown,[]
Comino,Comino,,,,,,4,not-applicable,[]
Panela Colombia,Panela Colombia,,,,,,,unknown,"['en:sugary-snacks', 'en:sweets']"
Jalapeños,,,6.66666666666667,,,,,unknown,[]
7701001666560,,384.615384615385,7.69230769230769,76.9230769230769,3.84615384615385,7.69230769230769,,unknown,[]
Protein pancake,,320,30,42,4,2,,unknown,[]
Crema de Leche,,248,2.52,3.6,25.2,0,,unknown,[]
CORAZONES DE ALCACHOFAS,CORAZONES DE ALCACHOFAS,22,1.4,4,0,,,unknown,[]
PALMITOS ENTEROS,PALMITOS ENTEROS,26,1.5,3,0.5,0,3,c,[]
Cereal,,400,5,90,,,,unknown,[]
Maní con Pasas,Maní con Pasas,566.666666666667,23.3333333333333,30,40,10,3,d,"['en:fruits-and-vegetables', 'en:dried-fruits']"
Arroz chocolatado,,,,,,,4,unknown,[]
papas fritas kythos sabor limon,,,,,,,,unknown,"['en:salty-snacks', 'en:appetizers']"
Ticos Queso,Ticos Queso,447.368421052632,5.26315789473684,76.3157894736842,13.1578947368421,5.26315789473684,4,e,[]
Aceite de girasol,,80,0,0,5,0,,unknown,[]
7Up,7Up,0,0,0,0,0,4,c,"['en:beverages', 'en:sweetened-beverages']"
Frizz Manzana,Frizz Manzana,20.8333333333333,0,5,0,0,4,d,"['en:beverages', 'en:sweetened-beverages']"
280,,280,4,24,19,3,,unknown,[]
Healthy sports,,600,60,7,6,3,,unknown,[]
Chocolate sabor tradicional,,150,1,24,5,,,unknown,[]
7700604256256,,45.8333333333333,3.33333333333333,4.16666666666667,1.66666666666667,,,unknown,[]
Pernil De Cerdo Ahumado,,50,7,2,1.5,,,unknown,[]
Zumo arandanos,,0,0,2,0,0,,unknown,[]
חטיפי קרקר עם חיטה מלאה,,426,10,70,11,6,,unknown,[]
Salsita negra,,,,,,,,unknown,[]
Achiras,,390,18,42,18,0,,unknown,[]
Orange Juice,,1,2,26,0,2,,unknown,[]
Pan Blanco English Muffins Tradicional,,243.283582089552,8.2089552238806,47.7611940298507,2.83582089552239,1.7910447761194,,c,"['en:sugary-snacks', 'en:biscuits-and-cakes']"
Atún,,178,24,0,9,0,,unknown,[]
Queso pera,,244.444444444444,22.2222222222222,,17.7777777777778,,,unknown,[]
Él Buen Gusto,Él Buen Gusto,,,,,,1,unknown,"['en:cereals-and-potatoes', 'en:breakfast-cereals']"
Soy plus,,,,,,,4,unknown,[]
Salsa con Ají,,4,0,1,0,0,,unknown,[]
Almond flour,,466.66666666667,20,20,50,10,,unknown,[]
Chipsy z plantana solone,,516.666666666667,2.66666666666667,70,23,10,3,d,"['en:fruits-and-vegetables', 'en:dried-fruits']"
Felicidades ponqué de chocolate extra fino,,190,4,24,9,4,,unknown,[]
Capuchino clasico,Capuchino clasico,431,6,79.2,10,1.3,4,unknown,"['en:beverages', 'en:teas-and-herbal-teas-and-coffees']"
Turbanana,,497,2.62,70,23,10.4,,d,"['en:fruits-and-vegetables', 'en:dried-fruits']"
Organic broth power,,416.66666666667,0,83.333333333333,4.1666666666667,0,,e,"['en:composite-foods', 'en:one-dish-meals']"
Yogurt,,100,14,9,0.5,,,unknown,"['en:milk-and-dairy-products', 'en:milk-and-yogurt']"
Atun lomos en agua,,60,13,2,0.3,0,,unknown,"['en:fish-meat-eggs', 'en:fish-and-seafood']"
"Gelatina Frutiño, sabor cereza","Gelatina Frutiño, sabor cereza",75,2.5,15,0,,4,not-applicable,[]
Avena  instantánea,,400,10,75,7.5,10,,unknown,"['en:cereals-and-potatoes', 'en:cereals']"
Galletas integrales con miel EQUILIBRIO,,130,3,24,2.5,3,,unknown,"['en:sugary-snacks', 'en:biscuits-and-cakes']"
propol t,propol t,,,,,,,unknown,[]
Salsa Rosada,,133.33333333333,0,13.333333333333,16.666666666667,,,d,"['en:fats-and-sauces', 'en:dressings-and-sauces']"
Sauce tomate,,67,0,4,0,,,e,[]
Turbana Chips de Plátano Con Sal,Turbana Chips de Plátano Con Sal,500,3.33333333333333,70,23.3333333333333,10,,d,"['en:fruits-and-vegetables', 'en:dried-fruits']"
tostadas arroz con quinua,,370,1,11,0,0,,c,['en:cereals-and-potatoes']
Cereal,,375,12.5,81.25,,,,unknown,[]
Atún y champiñones,,127,18,8,2.5,8,,unknown,[]
Cherry-Lyptus,Cherry-Lyptus,390,0,97,0,0,4,e,"['en:sugary-snacks', 'en:sweets']"
Fresa Flow,Fresa Flow,488.372093023256,4.65116279069767,72.0930232558139,20.9302325581395,4.65116279069767,4,e,"['en:sugary-snacks', 'en:biscuits-and-cakes']"
Saltisimas,,40,2,20,2.5,1,,unknown,[]
Gelly,,,,,,,4,unknown,[]
Chocolates,,,,,,,,unknown,[]
,,,,,,,,not-applicable,[]
Yogurt sabor natural,,100,5,13,3,2,,unknown,[]
,,,,,,,,unknown,[]
Coca-Cola,,40,0,10.16667,0,,,unknown,[]
copitos,,,,,,,,unknown,[]
Clásico,Clásico,900,0,0,100,0,2,c,"['en:fats-and-sauces', 'en:fats']"
Choco listo,,400,5,85,5,0,,unknown,[]
Instant Whipping Cream,,515,2.4,69,26,,1,d,"['en:milk-and-dairy-products', 'en:milk-and-yogurt']"
Mechas locas,,1,0,28,1,0,,unknown,[]
Chokis Clásica,Chokis Clásica,486.486486486487,8.10810810810811,64.8648648648649,18.9189189189189,2.7027027027027,4,e,"['en:sugary-snacks', 'en:biscuits-and-cakes']"
sombras de ojos,,,,,,,,unknown,[]
Roll saumon cream cheese,,132.100006103516,4.40000009536743,21.2000007629395,3.09999990463257,1,,unknown,[]
Jamón serrano,,235.294117647059,29.4117647058824,,11.7647058823529,,,unknown,[]
Chocolate oscuro,,230,2,21,15,3,,unknown,[]
Seven up,,0,0,0,0,,,unknown,[]
Polet cookies and cream,,328.571428571429,2.99999986376081,25,13.0000005449568,,,unknown,[]
Duraznos en mitades en almíbar,,83.3333333333333,,20.8333333333333,,0.833333333333333,,unknown,[]
cafe,,,,,,,,unknown,[]
Aloe gabriella,,27,0,6.3,0,0,,unknown,[]
Leche,,121,8,12,4.5,0,,unknown,[]
Steamed Noodle (Chow Mein),,400,13.3333333333333,80,2.5,3.33333333333333,,unknown,[]
Cristal aloe,,,,,,,,unknown,[]
Alimento nutritivo con proteína de soya,,80,9,34,9,1,,unknown,[]
Té helado limón,,0,0,7,0,0,,unknown,[]
MINI BROWNIES,,400,5,60,15,5,,e,"['en:sugary-snacks', 'en:biscuits-and-cakes']"
Burger,,2,19,15,9,3,,unknown,[]
Abuelita,,123,4,21,2.5,1,,unknown,[]
Rosquitas integrales,,140,5,17,5,3,,unknown,[]
Ham,,105.263157894737,10.5263157894737,10.5263157894737,2.63157894736842,,,unknown,[]
Tomate mozzarella,,133,4.40000009536743,11,7.5,1.60000002384186,,unknown,[]
Canelazo,,,,,,,,unknown,[]
Cruesli chocolate,,455,8.10000038146973,57,19,10,,unknown,[]
Manzana Sin azucar,Pepsi 400,,,,,,,unknown,[]
Muesli,,425,17.2000007629395,52.9099998474121,13.8500003814697,9.22000026702881,,unknown,[]
Cocaditas Coconut Cookies,,485.714285714286,5.35714285714286,75,20.7142857142857,3.57142857142857,,unknown,[]
Chai latte,,50,1,8,2,1,,unknown,[]
Galleta avena,,468.75,9.375,68.75,18.75,12.5,,unknown,"['en:sugary-snacks', 'en:biscuits-and-cakes']"
Vanilla and Chocolate Cupcakes,,422.535211267606,2.8169014084507,56.3380281690141,21.1267605633803,,4,unknown,"['en:sugary-snacks', 'en:biscuits-and-cakes']"
Taeq aceite de oliva extravirgen,Taeq aceite de oliva extravirgen,800,0,0,90,,,b,"['en:fats-and-sauces', 'en:fats']"
Leche entera,,113,7,12,8,0,,unknown,[]
Rosquillas integrales de arroz,Rosquilas integrales,1,5,4,9,3,,c,"['en:cereals-and-potatoes', 'en:bread']"
Ensure advance,,322,15.9,57.8,3,3.1,,unknown,[]
Suntea,,,,,,,,unknown,[]
Arracachitas,,180,2,20,10,10,,unknown,[]
Avena canela x6,,160,5,25,4,1,,unknown,[]
Salade de chou,,100,1.29999995231628,4.19999980926514,8.69999980926514,,,unknown,[]
Galletas de arroz con almendras,Galletas De Arroz Con Almendras,468.571428571429,7.42857142857143,34.2857142857143,34.2857142857143,34.2857142857143,,unknown,"['en:sugary-snacks', 'en:biscuits-and-cakes']"
Chicharrón carnudo,Don chicharon con sal,611,52,0,45,,,unknown,[]
Jamón Sanduche,,45,6,1,2.5,0.5,,unknown,[]
Kedeli Refresco light,,0,0.1,100,0.1,0.1,,unknown,[]
Aros frutales,,,,,,,,unknown,[]
Leche semidescremada,,112,7,12,4,0,,unknown,[]
Café Instantáneo en Polvo,Café Instantáneo en Polvo,,,,,,,unknown,[]
Leche en polvo,,120,5,16,4,0,,unknown,[]
Protein Pancake & Waffle Mix,,327.2727272727,36.3636363636,36.3636363636,3.6363636364,1.81818181818182,,unknown,[]
Nestle Milo cookies,,441.17647058824,5.8823529411765,73.529411764706,14.705882352941,0,,unknown,[]
Pan de arroz tostado,,140,6,17,5,2,,unknown,[]
Suny,Suny,554,4.7,60,32.8,1.7,4,e,"['en:sugary-snacks', 'en:chocolate-products']"
Cobertura sabor a chocolate blanco,,580,5,55,38,0,,unknown,[]
Hiper Wafers,,500,7.69230769230769,65.3846153846154,13.4615384615385,,,d,"['en:sugary-snacks', 'en:biscuits-and-cakes']"
Mostaneza del rancho,,94,0,1,10,0,,unknown,[]
Leche condensada,,100,2,20,1.5,,,unknown,[]
Popetas,Popetas,405.405405405405,2.25225225225225,87.8378378378378,5.63063063063063,9.00900900900901,4,d,[]
Avena saborizada canela,,100,2,19,1,2,,unknown,[]
Achiras chia seeds,,1,4,4,9,0,,unknown,[]
Trident Splash Pepermint Swirl,Trident Splash Menta y Vainilla,,,,,,,not-applicable,"['en:sugary-snacks', 'en:sweets']"
Tamarindo jugo,,88.2799987792969,0.119999997317791,22,0.280000001192093,,,unknown,[]
Blueberry scones,,240,3,34,11,1,,unknown,[]
Strawberry Shortcake,,273.68421052632,3.1578947368421,33.157894736842,14.210526315789,0.52631578947368,,unknown,[]
Yogur Sabor Natural,,115.714285714286,1,4.92857142857143,10.7142857142857,2.35714285714286,,unknown,[]
Arroz  integral multigrano,,354,7.59999990463257,61.2000007629395,8.80000019073486,9.39999961853027,,unknown,[]
,,,,,,,,unknown,[]
Vanilla caramel brownie,,263.157894736842,4.5112781954887,27.067669172932,15.789473684211,0.75187969924812,,unknown,[]
,,,,,,,,unknown,[]
bioexpert,,,,,,,,unknown,[]
Rosquitas con queso,,329,80,0,1,19,,unknown,[]
Bon o bon Chocolate,Bon o bon Chocolate,533.333333333333,6.66666666666667,46.6666666666667,33.3333333333333,6.66666666666667,,e,"['en:sugary-snacks', 'en:chocolate-products']"
Chocolatina jet cookies and Cream,,545.454545454545,8.18181818181818,55.4545454545455,32.7272727272727,,,unknown,[]
Salsa Cesar La Constancia,Salsa Cesar La Constancia,,,,,,,unknown,[]
Chocoramo,,432.5,5,52.5,22.5,5,,unknown,[]
Salted Power,,372,76,2.79999995231628,5.59999990463257,2,,unknown,[]
Klim Deslactosado 1+,Klim Deslactosado 1+,444.444444444444,13.8888888888889,58.3333333333333,16.6666666666667,2.77777777777778,,unknown,"['en:milk-and-dairy-products', 'en:milk-and-yogurt']"
Cerveza española Puerto Cristo,,,,,,,,unknown,[]
Chocolate Amargo 53%,Chocolate Amargo 53%,520,6.5,47,34,12,4,e,"['en:sugary-snacks', 'en:chocolate-products']"
Sal de origen,,,,,,,,unknown,[]
Aloha Limón,,40,0,10,0,0,,unknown,[]
Syrup,,20,0,5,0,,,unknown,[]
Dux Salted,,114,2.59999990463257,21,2.20000004768372,,,unknown,[]
Agua tonica,,120,0,30,0,0,,unknown,[]
La fina mesa,,600,0,0,70,0,,unknown,[]
Supermix,,160,5,15,9,3,,unknown,[]
Pan tajado integral,,263.157894736842,7.89473684210526,47.3684210526316,6.57894736842105,7.89473684210526,,unknown,[]
Arándanos Lychee,,8,0,2,0,,,unknown,[]
Milk,,62.5,2.91666666666667,5,3.33333333333333,0,,c,"['en:milk-and-dairy-products', 'en:milk-and-yogurt']"
Iso clean,,360,80,4,4,,,unknown,[]
Chocoramo Brownie Mini Arequipe,Chocoramo Brownie Mini Arequipe,400,5,60,17.5,5,,e,"['en:sugary-snacks', 'en:biscuits-and-cakes']"
Gomitas Trululu Aros,Gomitas Trululu Aros,333.333333333333,8.33333333333333,83.3333333333333,0,0,4,e,"['en:sugary-snacks', 'en:sweets']"
Мёд лесное разнотравье Берестов А.С.,,321,,80.3,,,,unknown,[]
Крупа овсяная плющеная Мясновъ,,350,13,60,6,,,unknown,[]
Queso en Tajadas Quesillo,Queso en Tajadas Quesillo,280,20,8,20,0,3,c,"['en:milk-and-dairy-products', 'en:cheese']"
Why Not Harina de Avena,Why Not Harina de Avena,391.304347826087,13.0434782608696,65.2173913043478,8.69565217391304,8.69565217391304,,a,"['en:cereals-and-potatoes', 'en:cereals']"
Equilibrio,Equilibrio,375,6.25,50,15.625,3.125,,d,"['en:sugary-snacks', 'en:biscuits-and-cakes']"
Colombina 100% Wafer Gluten Free Chocolate,Colombina 100% Wafer Gluten Free Chocolate,500,3.84615384615385,73.0769230769231,23.0769230769231,3.84615384615385,,e,"['en:sugary-snacks', 'en:biscuits-and-cakes']"
Noel Galletas Finas con Chocolate,Noel Galletas Finas con Chocolate,490.196078431373,6.5359477124183,71.8954248366013,19.6078431372549,3.26797385620915,,e,"['en:sugary-snacks', 'en:biscuits-and-cakes']"
Vitamina c,,6,0,0,0,0,,unknown,[]
Oatnestly Cashew Drinks,Oatnestly Cashew Drinks,30,2.7,3.5,0.7,1,3,b,"['en:beverages', 'en:plant-based-milk-substitutes']"
Pietrán Salchicha Pechuga de Pollo,Pietrán Salchicha Pechuga de Pollo,140,18,4,6,0,4,c,"['en:fish-meat-eggs', 'en:processed-meat']"
Takis Original,Takis Original,577.777777777778,5.77777777777778,48.8888888888889,40.8888888888889,4.88888888888889,,d,[]
Mermelada de Mora,Mermelada de Mora,,,,,,4,unknown,"['en:sugary-snacks', 'en:sweets']"
Potato Chips & Sweet BBQ,,130,1,15,7,1,3,b,"['en:salty-snacks', 'en:appetizers']"
Pan rollo,,,,,,,,unknown,[]
YaGur Mora,YaGur Mora,80,3,12,2,0,,b,"['en:milk-and-dairy-products', 'en:milk-and-yogurt']"
Mayonesa,Mayonesa,333.333333333333,0,13.3333333333333,33.3333333333333,0,,d,"['en:fats-and-sauces', 'en:dressings-and-sauces']"
Chorizo de Cerdo Tipo Santarrosano,Chorizo de Cerdo Tipo Santarrosano,303.030303030303,13.6363636363636,4.54545454545454,25.7575757575758,,,unknown,"['en:fish-meat-eggs', 'en:processed-meat']"
Chorizo de Cerdo Tipo Santarrosano,Chorizo de Cerdo Tipo Santarrosano,116.216216216216,13.2432432432432,8.10810810810811,3.51351351351351,0.810810810810811,,d,"['en:fish-meat-eggs', 'en:processed-meat']"
Sal  marina,,,,,,,,unknown,[]
Salsa de Soya,,,,,,,,unknown,"['en:fats-and-sauces', 'en:dressings-and-sauces']"
Fosforitos,Fosforitos,533.333333333333,6.66666666666667,56.6666666666667,30,3.33333333333333,,e,"['en:salty-snacks', 'en:appetizers']"
Mayonesa,Mayonesa,266.666666666667,0,20,20,0,,c,"['en:fats-and-sauces', 'en:dressings-and-sauces']"
Medalla de Oro Salsa de Tomate,Medalla de Oro Salsa de Tomate,133.333333333333,0,33.3333333333333,0,0,,e,"['en:fats-and-sauces', 'en:dressings-and-sauces']"
Queso Mozarella,Queso Mozarella,300,16.6666666666667,6.66666666666667,20,0,3,d,"['en:milk-and-dairy-products', 'en:cheese']"
Avena en Harina Sabor Vainilla,Avena en Harina Sabor Vainilla,393.939393939394,12.1212121212121,75.7575757575758,4.54545454545455,6.06060606060606,,c,"['en:cereals-and-potatoes', 'en:cereals']"
Mexican Black Beans,,115.384615384615,6.92307692307692,20.7692307692308,1.53846153846154,5.38461538461539,3,b,"['en:cereals-and-potatoes', 'en:legumes']"
Avena en Harina con Sabor a Vainilla,Avena en Harina con Sabor a Vainilla,391.304347826087,8.69565217391304,73.9130434782609,4.34782608695652,8.69565217391304,,d,"['en:beverages', 'en:plant-based-milk-substitutes']"
Lomitos Atún en Agua,Lomitos Atún en Agua,107,25,1.3,0.2,,3,unknown,"['en:fish-meat-eggs', 'en:fish-and-seafood', 'en:fatty-fish']"
Yerba Mate Argentina con Palo Supremo,Yerba Mate Argentina con Palo Supremo,167.4,3,25.6,1.4,0,,e,[]
Queso Crema para Untar,Queso Crema para Untar,266.666666666667,6.66666666666667,0,26.6666666666667,0,,d,"['en:sugary-snacks', 'en:sweets']"
Copelia Panelita de Dulce con Leche y Coco,Copelia Panelita de Dulce con Leche y Coco,434.782608695652,4.34782608695652,56.5217391304348,19.5652173913043,0,,e,[]
Gumbia Mango Biche con Sal Marina,Gumbia Mango Biche con Sal Marina,240,4,56,0,12,,e,"['en:fruits-and-vegetables', 'en:dried-fruits']"
,Quaker Aritos Chocolate,366.666666666667,6.66666666666667,86.6666666666667,0,6.66666666666667,,c,"['en:cereals-and-potatoes', 'en:breakfast-cereals']"
Gudiz,Gudiz,398,2,95,1,0.1,,e,[]
Pasta de Tomate,Pasta de Tomate,71.4285714285714,3.57142857142857,14.2857142857143,0,0,,b,"['en:fruits-and-vegetables', 'en:vegetables']"
Salsa Mexicana Suave,Salsa Mexicana Suave,34,1.5,8.7,0,3.4,,b,"['en:fats-and-sauces', 'en:dressings-and-sauces']"
Dark Chocolate Bar 85%,Lök 85% Barra de Chocolate Oscuro,642.857142857143,7.14285714285714,35.7142857142857,50,14.2857142857143,4,unknown,"['en:sugary-snacks', 'en:chocolate-products']"
Kokoribites,Kokoribites,173,17,10,7,2,,d,"['en:fish-meat-eggs', 'en:meat', 'en:poultry']"
Panela en pastilla,Panela en pastilla,180,,45,,,,unknown,[]
Yox con Mentalis Frutos Rojos,Yox con Mentalis Frutos Rojos,73,2.8,15,1.5,0,4,e,"['en:beverages', 'en:sweetened-beverages']"
Famlac Larga Vida,Famlac Larga Vida,44,2,4.5,2,0,,b,"['en:milk-and-dairy-products', 'en:milk-and-yogurt']"
Arroz Zulia,Arroz Zulia,360,6,80,0,4,4,b,"['en:cereals-and-potatoes', 'en:cereals']"
Ideal Aceite de Palma,Ideal Aceite de Palma,900,0,0,100,0,2,d,"['en:fats-and-sauces', 'en:fats']"
Click Mints Sabor a Menta,Click Mints Sabor a Menta,375,0,91.6666666666667,0,0,4,e,"['en:sugary-snacks', 'en:sweets']"
Beef summer sausage,,357.14285714286,16.071428571429,1.7857142857143,32.142857142857,0,,unknown,[]
Whey Protein Hardcore,,,,,,,,unknown,[]
salsa para pastas boloñesa,salsa para pastas boloñesa,113,5,15,3.75,2.5,4,c,"['en:fats-and-sauces', 'en:dressings-and-sauces']"
Tree Fruits Fruta Natural Congelada Fresa,Tree Fruits Fruta Natural Congelada Fresa,40,1,8,0,0,,b,"['en:fruits-and-vegetables', 'en:fruits']"
ACT II sabor Mantequilla Light,ACT II sabor Mantequilla Light,433.333333333333,10,70,11.6666666666667,16.6666666666667,4,d,"['en:salty-snacks', 'en:salty-and-fatty-products']"
Doritos dinamita,,501,6.9,63,26,6.8,,unknown,[]
Salsa Inglesa,,0,5,0,0,0,,unknown,[]
Dark chocholate bars,,60,1,4,5,1,,unknown,[]
Tortilla de arroz oliva y romero,,500,7.5,60.714285714286,27.5,10.714285714286,,unknown,[]
Kibo Chips de Lentejas,Kibo Chips de Lentejas,428.571428571429,25,50,14.2857142857143,3.57142857142857,,d,[]
Bebida de almendras,,613.333333333333,0.41666666666667,0,1.25,0,,unknown,[]
,,,,,,,,unknown,[]
,,,,,,,,unknown,[]
,,511.111111111111,6.22222222222222,66.6666666666667,24.8888888888889,2.22222222222222,,unknown,[]
,,,,,,,,unknown,[]
,,,,,,,,unknown,[]
,,,,,,,,unknown,[]
,,,,,,,,unknown,[]
,,,,,,,,unknown,[]
,,,,,,,,unknown,[]
Zörby,,25,5,22,2.5,0,,unknown,[]
Tostadas de arroz y quinua orgánicos,,378,8.7,85,0,3.7,,unknown,[]
tortillas integrales olimpica,,,,,,,4,unknown,[]
,,,,,,,,unknown,[]
Rama,,571.42857142857,0,0,64.285714285714,0,,unknown,[]
aloha limonada de coco,,,,,,,4,unknown,[]
Bianchi caramelo,,70,0,14,1,0,,unknown,[]
Salsa con Mostaza,Salsa con Mostaza,88,3,10,4,1,4,c,"['en:fats-and-sauces', 'en:dressings-and-sauces']"
Cacao Mix,Cacao Mix,466.666666666667,16.6666666666667,50,20,0,4,e,"['en:sugary-snacks', 'en:sweets']"
Bebida de agua con coco,,70,0,19,0,,,unknown,[]
Saltin,Saltin,462,10,72,15,6.4,,unknown,[]
Lasagna Mixta,Lasagna Mixta,,,,,,4,unknown,"['en:fish-meat-eggs', 'en:meat', 'en:poultry']"
Empanadas pequeñas con carne,Empanadas pequeñas con carne,,,,,,4,unknown,"['en:composite-foods', 'en:pizza-pies-and-quiches']"
KokoriSaurios,KokoriSaurios,,,,,,4,unknown,[]
Sanissimo,Tostadas De Arroz Con Quinua,0,4,4,0,55,,unknown,[]
Mezcla Salada,Mezcla Salada,466.666666666667,23.3333333333333,43.3333333333333,23.3333333333333,3.33333333333333,4,e,"['en:salty-snacks', 'en:nuts']"
Chicharrón,,533,77,2,27,,,unknown,[]
Mezcla Proteína,Mezcla Proteína,600,20,36.6666666666667,40,6.66666666666667,3,c,"['en:salty-snacks', 'en:nuts']"
Wafers choco avellanas,,140,3.6,10,13,,,unknown,"['en:sugary-snacks', 'en:biscuits-and-cakes']"
Mezcla Antioxidante,Mezcla Antioxidante,500,13.3333333333333,50,26.6666666666667,6.66666666666667,3,d,"['en:salty-snacks', 'en:nuts']"
Talento Avelãs,Talento Avelãs,544,7.6,52,34.4,4,4,e,"['en:sugary-snacks', 'en:chocolate-products']"
Chorizo de cerdo,Chorizo de cerdo,,,,,,4,unknown,[]
Chocolate Corona Sabor Tradicional,Chocolate Corona Sabor Tradicional,,,,,,4,unknown,[]
Doraditos,,150,4,16,8,0,,unknown,[]
,,,,,,,,unknown,[]
,,,,,,,,unknown,[]
Bolacha Strudel,,170,2,25,7,,,unknown,[]
Biscotto,Biscotto,45,1,17,5,0,,unknown,[]
Jumbo minis,,444,5,61,22,0,,unknown,[]
Choco coco up,,425,2.5,32.5,30,10,,unknown,[]
Hummus clásico,,70,2,2,6,2,,unknown,"['en:fats-and-sauces', 'en:dressings-and-sauces']"
,,,,,,,,unknown,[]
Cappuccino Vainilla,Cappuccino Vainilla,444.444444444444,8.88888888888889,66.6666666666667,17.7777777777778,8.88888888888889,4,unknown,[]
,,57,2.5,6.5,2.3,,,unknown,"['en:milk-and-dairy-products', 'en:milk-and-yogurt']"
yogus,,,,,,,4,unknown,[]
Zucaritas,Zucaritas,,,,,,,unknown,[]
Crema de Leche,Crema de Leche,166.666666666667,0,0,20,0,4,d,[]
Free Zen Helado en Polvo para Malteadas,Free Zen Helado en Polvo para Malteadas,350,50,40,0,10,,a,"['en:beverages', 'en:plant-based-milk-substitutes']"
Galletas,,120.7,2,19,4,1,,unknown,[]
Mogollas,,641,5,9,65,10,,unknown,[]
Margarita Flamin' Hot,,531,6.3,56,33,4.9,,unknown,[]
ALOE VERA ORIGINAL,,20,1,33,2,5,,unknown,[]
Caleñas,,400,6.6666666666667,66.666666666667,13.333333333333,6.6666666666667,,unknown,[]
Queso Sabanero en Tajadas,Queso Sabanero en Tajadas,332,22.8,5.2,24.4,0,3,d,"['en:milk-and-dairy-products', 'en:cheese']"
Pasta Cabello de Ángel,Pasta Cabello de Ángel,350,11,77,0.6,3.6,,unknown,[]
Organic Panela & Chocolate 55% Cacao,,534,6.2,46,36,,4,e,"['en:sugary-snacks', 'en:chocolate-products']"
Ensure,,108,5.5,13.5,3.4,,,e,[]
,,,,,,,,unknown,[]
,,,,,,,,unknown,[]
Milky Way Ice Cream,Milky Way Ice Cream,270,4,26,16,0,,d,"['en:milk-and-dairy-products', 'en:ice-cream']"
Avena,Avena,140,4,23,4,1,,unknown,[]
Yogo yogo,,91,1.7,18,1.3,0,,unknown,[]
Trululu,,,,,,,,unknown,[]
Icee mini games acudiditas cherry sours,,184,0,46,0,0,,unknown,[]
,,,,,,,,unknown,[]
H2OH,,0,0,0,0,0,,unknown,[]
Arroz,,230,5,51,0,2,,unknown,[]
Bebida de Almendras,,33,0,4.5,1.5,0,,unknown,[]
Nectar pera,,100,0,25,0,,,unknown,[]
Salinas,Salinas,,,,,,,unknown,[]
Brownie con arequipo,,373.33333333333,5.3333333333333,65.333333333333,9.3333333333333,0,,e,"['en:sugary-snacks', 'en:biscuits-and-cakes']"
Brownie de arequipe,,425,6.8,55,14,5.7,,unknown,"['en:sugary-snacks', 'en:biscuits-and-cakes']"
,,,,,,,,unknown,[]
Gran Cereal Clásica,Gran Cereal Clásica,437.037037037037,7.77777777777778,64.4444444444444,17.7777777777778,6.2962962962963,,d,"['en:sugary-snacks', 'en:biscuits-and-cakes']"
Miel de Abejas Apis Mellifera,Miel de Abejas Apis Mellifera,300,0,80,0,0,2,d,"['en:sugary-snacks', 'en:sweets']"
Hojuelas Avena,Hojuelas Avena,400,20,66.6666666666667,6.66666666666667,13.3333333333333,,a,"['en:cereals-and-potatoes', 'en:breakfast-cereals']"
FRAC sabor Chocolate,FRAC sabor Chocolate,483.333333333333,6.33333333333333,70,19.3333333333333,2.66666666666667,4,e,"['en:sugary-snacks', 'en:biscuits-and-cakes']"
Galletas finas crema de chocolate Noel,Galletas finas crema de chocolate Noel,160,,,,,,unknown,[]
Blemil plus,,,,,,,,unknown,[]
Cumbre,Cumbre,,,,,,1,unknown,"['en:beverages', 'en:unsweetened-beverages']"
Carne Asar fina de res,,,,,,,,unknown,[]
Bubbaloo Fresa Strawberry,,294.11764705882,0,78.43137254902,0,0,,unknown,[]
Mani Moto,,470,16,58,21,7.4,,c,"['en:salty-snacks', 'en:nuts']"
,,,,,,,,unknown,[]
Rizadas Sabor Mayonesa,,534,4.7,55,34,5.6,3,e,"['en:salty-snacks', 'en:appetizers']"
Maní crocante chile limón,Maní crocante chile limón,506.666666666667,17.6666666666667,50,28,6.67,4,c,"['en:salty-snacks', 'en:nuts']"
Mezcla Choco Divertida,Mezcla Choco Divertida,500,16.6666666666667,43.3333333333333,33.3333333333333,6.66666666666667,4,e,"['en:sugary-snacks', 'en:sweets']"
Wafer Bridge Mousse de Limón,Wafer Bridge Mousse de Limón,503.333333333333,4.66666666666667,73.3333333333333,21.3333333333333,1.66666666666667,4,e,"['en:sugary-snacks', 'en:biscuits-and-cakes']"
Miel de abejas,,,,,,,2,unknown,"['en:sugary-snacks', 'en:sweets']"
Cafe,,,,,,,,unknown,[]
Tofu con verduras,Tofu Con Verduras,157,19,6.6,6.4,1.5,,a,"['en:cereals-and-potatoes', 'en:legumes']"
Colcafé Capuccino,Colcafé Capuccino,461.53846153846,15.384615384615,53.846153846154,20,0,,unknown,[]
Palito con queso,,308,9.3,37,14,1.8,,unknown,"['en:salty-snacks', 'en:appetizers']"
Margarita ondulada tomate,,505,5.1,60,28,5.4,,unknown,[]
Sal,Sal,,,,,,,unknown,[]
Cristalina,,0,0,0,0,0,,unknown,[]
Leche entera,,56,2.9,4.4,3,0,,b,"['en:milk-and-dairy-products', 'en:milk-and-yogurt']"
Sopas de mi tierra ajiaco x 45 gr,,50,1,9,1.5,0,,unknown,[]
Aceite vegetal de cocina,,80,0,0,9,0,,unknown,[]
Pizza Jamón y Peperoni,Pizza Jamón y Peperoni,228,9.73451,,,,,unknown,"['en:composite-foods', 'en:pizza-pies-and-quiches']"
Chomelo,,36.5999984741211,0.300000011920929,6.59999990463257,1,,,unknown,[]
Galletas Integrales,,130,2,18,5,2,,unknown,[]
Pan Hamburguesa,Pan Hamburguesa,275,11.0227272727273,52.2727272727273,3.06818181818182,3.06818181818182,4,c,"['en:cereals-and-potatoes', 'en:bread']"
Ciruelas deshidratadas,,144,1,34,0,4,,unknown,[]
Chicha Morada,Chicha Morada,393,0,97,0,0,4,e,"['en:sugary-snacks', 'en:sweets']"
Torta negra de la tía Blanca,,210,3,36,5,5,,unknown,[]
Gelatina Mora Dulce,Gelatina Mora Dulce,26,1.5,5.1,0,0,,unknown,[]
Salsa con aji,,33,0.7,6.3,8.1,0.9,,unknown,[]
Oreo,Oreo,508,6.7,64,25,1,,e,"['en:sugary-snacks', 'en:biscuits-and-cakes']"
Vital,,9,2.2,0.2,0,0,,unknown,[]
Confettura extra di Mirabolani,,111,0,38,0,0,,unknown,[]
Assorted Cookies Merry Christmas,,467,5.4,73,17,2.2,,e,"['en:sugary-snacks', 'en:biscuits-and-cakes']"
Queso Crema,,266.66666666667,6.6666666666667,6.6666666666667,26.666666666667,0,,unknown,[]
Lomitos de Atún en Aceite de Oliva,Lomitos de Atún en Aceite de Oliva,192.307692307692,28.8461538461538,0,7.69230769230769,0,3,a,"['en:fish-meat-eggs', 'en:fish-and-seafood', 'en:fatty-fish']"
Feuilles de vigne,,135,6,13.5,6,1,,unknown,[]
Plátanos Verdes con Sal,Plátanos Verdes con Sal,514.28571428571,1.0714285714286,71.428571428571,25,0.71428571428571,,unknown,[]
Mayonesa,Mayonesa,147,0,2,4,0,,unknown,[]
Salsati,Salsati,22,0.9,4.1,0,0.8,4,b,"['en:fruits-and-vegetables', 'en:vegetables']"
cocoa fusion maracuyá,,633.33333333333,10,46.666666666667,43.333333333333,0,,unknown,[]
Parrillada,,,,,,,,unknown,[]
Avena,,130,3,23,3,2,,unknown,[]
Galletas,Galletas,428,11,79,7.7,3.1,,c,"['en:sugary-snacks', 'en:biscuits-and-cakes']"
Condimento al basilico,,800,0,0,90,0,,unknown,[]
Harina precocida de maíz blanco mantequilla  y sal,,337,7.1,76,2.4,8.9,,c,"['en:cereals-and-potatoes', 'en:cereals']"
Mermelada de fresa,,15,0,4,0,0,,unknown,[]
Gomitas Trululu Gusanos Ácidos,Gomitas Trululu Gusanos Ácidos,346,5.5,81,0,0,4,e,"['en:sugary-snacks', 'en:sweets']"
Grandola Almendras & Frutas,,393.33333333333,12,55.166666666667,15.566666666667,9.0666666666667,,unknown,[]
Sun dried tomatoes,,350,10,30,25,0,,c,"['en:fruits-and-vegetables', 'en:vegetables']"
Quartered marinated artichokes hearts,,140,2,4,12,2,,unknown,[]
Pan de mesa,Pan De Mesa Artesano,267.692307692308,10,50.7692307692308,3.23076923076923,2,,unknown,[]
Mix verduras wok,Mix Vegetales Wok,24.7058823529412,1.17647058823529,6.11764705882353,0.470588235294118,4.23529411764706,,unknown,[]
,,,,,,,,unknown,"['en:cereals-and-potatoes', 'en:cereals']"
Dulce con leche,,365,6.00000023841858,70,6.99999988079071,,,unknown,[]
Uova,,140,12.7,0.27,9.83,0,,b,"['en:fish-meat-eggs', 'en:eggs']"
Café Frida Kahlo,,,,,,,,unknown,[]
Marmellata,,,,,,,,unknown,[]
Fru beats snack,,85.714285714286,2.8571428571429,21.428571428571,0,2.8571428571429,,unknown,[]
EAAs mix aminos,,16,0,4,0,0,,unknown,[]
Mantequilla de vaca artesanal,,800,0,0,86.666666666667,0,,unknown,[]
Mantequilla clarificada Ghee,,866.66666666667,0,0,100,0,,unknown,[]
,,,,,,,,unknown,[]
,,,,,,,,unknown,[]
Barre protéine  choco vanille,,400.999984741211,20.2500009536743,34.0000009536743,20,12.5,,unknown,[]
Yogurt,Yogurt Griego Descremado Natural,54,9.33333333333333,4.13333333333333,0,0,,unknown,[]
Frezzer pop,,83.333333333333,0,18.75,0,0,,unknown,[]
Panettone Premium Chocolate,Panettone Premium Chocolate,362.5,3.75,48.75,16.25,1.25,4,d,"['en:sugary-snacks', 'en:pastries']"
Bocadillo mini,,394,5,56,17,,,unknown,[]
Latti latti,,76,2.1,13,1.6,0,,unknown,[]
Caseras papas,,501,8.2,57,27,1.3,,unknown,[]
Bcaa 6000,,,,,,,,unknown,[]
Gelatin,,70,2,17,0,0,,unknown,[]
,,,,,,,,unknown,[]
Privilegio,Privilegio,499,4.8,62,26,1.4,4,e,"['en:sugary-snacks', 'en:chocolate-products']"
Fette biscottate,,381,13,71,6.2,5.6,,unknown,[]
Vegan protein powder speculaas,,393.333333333333,82.8333346048991,3.70000004768372,7.56666660308838,8.73333295186361,,unknown,[]
Pan tajado Blanco,Pan tajado Blanco,289.473684210526,8.42105263157895,57.8947368421053,2.63157894736842,,,d,[]
Fette biscottate,,401,13,74,6.7,3.5,,unknown,[]
Sauce carotte,,460.700012207031,0.800000011920929,27.6000003814697,38.0999984741211,0.800000011920929,,unknown,[]
Champiñones,,33,2.9,4,0,2.3,,unknown,[]
Kumis,,80,2.5,12,3,,,unknown,[]
Sun Tea sabor a limón,Sun Tea sabor a limón,5.2,0,1.3,0,0,,unknown,"['en:beverages', 'en:teas-and-herbal-teas-and-coffees']"
Queso parmesano,,345,35,6.3,20,0,,c,"['en:milk-and-dairy-products', 'en:cheese']"
Torta de Chocolate,,,,,,,,unknown,[]
Torta Helado Chocoalmendra,,,,,,,,unknown,"['en:milk-and-dairy-products', 'en:ice-cream']"
Avena Finesse,Avena Finesse,,,,,,,unknown,"['en:milk-and-dairy-products', 'en:milk-and-yogurt']"
Lasagna Bolognesa Zenu,,,,,,,,unknown,"['en:composite-foods', 'en:one-dish-meals']"
Gelatina mano de res,,240,15,41,2,0,,unknown,[]
mini brownies MELCOCHUDOS BROWNIE ARTESANAL,,,,,,,,unknown,"['en:sugary-snacks', 'en:biscuits-and-cakes']"
Nestogeno 2 x 400 gr,,419,15,58.8,21.2,,,unknown,[]
bon o bon blanco,bon o bon blanco,573,9.5,49,38,1.3,4,e,"['en:sugary-snacks', 'en:sweets']"
Hatsu tea blanco,,0,0,0,0,,,b,"['en:beverages', 'en:unsweetened-beverages']"
Parmesano Snack,,560.869565217391,43.4782608695652,1.73913043478261,42.1739130434783,0,,e,"['en:salty-snacks', 'en:appetizers']"
Turrón de Maní con Frutas,Turrón de Maní con Frutas,430,7.8,68,14,2.3,4,e,"['en:sugary-snacks', 'en:sweets']"
Rizadas sabor pollo,,135,1.20000004768372,14,8.60000038146973,1.39999997615814,,unknown,[]
avena oat smoothie,,69,2,11,1.9,0,,unknown,[]
Amaranto Vainilla,,,,,,,,unknown,[]
Fit Graan,,423,9.9,65,15,4.8,,unknown,[]
Chocolat grand cru,,581,11,40,42,,,unknown,[]
Galleta con Avena Uvas Pasas,Galleta con Avena Uvas Pasas,392.857142857143,10.7142857142857,53.5714285714286,16.0714285714286,10.7142857142857,4,c,"['en:sugary-snacks', 'en:biscuits-and-cakes']"
Pasta para Lasagna,,,,,,,,unknown,[]
Galleta con Avena Granola,Galleta con Avena Granola,464.285714285714,10.7142857142857,60.7142857142857,17.8571428571429,7.14285714285714,4,c,"['en:sugary-snacks', 'en:biscuits-and-cakes']"
Yogurt entero,,123.98773006135,3.12883435582822,22.0858895705521,2.82208588957055,4.29447852760736,,unknown,[]
inbiotech,,,,,,,,unknown,[]
,,,,,,0,,unknown,[]
Bettercreme Supremo,Bettercreme Supremo,322,0.9,39,18,0,4,e,[]
Gran American Prestige,Gran American Prestige,298,0.5,31,18,0,4,e,[]
Costa Bambino,Costa Bambino,579,5.2,54,38,1.9,4,e,"['en:sugary-snacks', 'en:chocolate-products']"
,,,,,,,,unknown,[]
Bocadillo de Guayaba,Bocadillo de Guayaba,286,2.7,69,0.9,5,,unknown,"['en:fruits-and-vegetables', 'en:fruits']"
Panela palestina,Panela palestina,,,,,,2,unknown,"['en:sugary-snacks', 'en:sweets']"
Choc Kiss,Choc Kiss,504,6.1,62,26,2.5,4,e,"['en:sugary-snacks', 'en:biscuits-and-cakes']"
Dan air stick,,280,20,10,16,0,,unknown,[]
foto protector,,,,,,,,unknown,[]
Moutarde fin gourmet,,354,5,3.29999995231628,35,2.90000009536743,,unknown,[]
,,,,,,,,unknown,[]
LECHE Ultra Alta Temperatura UAT (UHT) Larga Vida ENTERA,,60,3,5,3.1,0,,b,"['en:milk-and-dairy-products', 'en:milk-and-yogurt']"
Dermanat,,,,,,,,unknown,[]
1a quitagrasa,,,,,,,,unknown,[]
Rocklets Maní,Rocklets Maní,492,9.1,57,25,3.3,4,e,"['en:sugary-snacks', 'en:chocolate-products']"
Gomitas Play,,333.333333333333,6.66666666666667,80,,,,unknown,"['en:sugary-snacks', 'en:sweets']"
,,,,,,,,unknown,[]
Papas & Sal Rosado Himalaya,,,,,,,,unknown,[]
Cebion,Cebion,,,,,,,unknown,[]
,,,,,,,,unknown,[]
Detergente Líquido limpia ya!,,,,,,,,unknown,[]
DETERGENTE LÍQUIDO SANTO Primaveral,,,,,,,,unknown,[]
Brownie,,408,7.09999990463257,34,19,3.70000004768372,,unknown,[]
Mostaza,,69,2.79999995231628,8.5,1.79999995231628,0.800000011920929,,unknown,[]
Salsa de queso cheddar,,319,0.899999976158142,4.09999990463257,30,,,unknown,"['en:fats-and-sauces', 'en:dressings-and-sauces']"
Amazon Chipotle,,,,,,,,unknown,[]
Golpe,Golpe,503.703703703704,3.7037037037037,70.3703703703704,24.0740740740741,1.48148148148148,4,e,"['en:sugary-snacks', 'en:biscuits-and-cakes']"
Barra de cereal- arándanos,,437.5,6.25,78.125,12.5,3.125,,unknown,[]
Aceite de olviva español,,821,0,0,91,0,2,b,"['en:fats-and-sauces', 'en:fats']"
AGUA SIN GAS,,,,,,,,unknown,[]
Queso butirro,,301.428571428571,20,11.7142854418073,20,1.14285715988704,,unknown,"['en:milk-and-dairy-products', 'en:cheese']"
Morceaux de poulet a la sauce BBQ,,161,13,5.2,10,,,unknown,[]
Chai,,450,7.40000009536743,75,14,7.69999980926514,,unknown,[]
Cameron's Coffee Breakfast Blend Light Roast Ground Coffee,,,,,,,,unknown,[]
Costilla ahumada,,230.952380952381,21.4285714285714,0.952380952380952,15.4761904761905,0.119047619047619,,unknown,[]
Yuca precocinados,,221.25,1,38.75,5.875,6.375,,unknown,[]
Oatmeal cookies,,468.75,9.375,68.75,18.75,12.5,,unknown,[]
Drinking Water,,,,,,,,unknown,[]
Low Dose Aspirin 81 mg,,,,,,,4,unknown,[]
Nature Made Vitamin D3 2000,,,,,,,4,not-applicable,[]
Nutravege Omega-3 Plant Cranberry Orange Flavour,,0,0,0,0,,,unknown,[]
Gomitas Trululu Feroz,Gomitas Trululu Feroz,336,3.9,78,0,,4,unknown,"['en:sugary-snacks', 'en:sweets']"
Conchitas,,343,12,73,1.4,5,,unknown,[]
café clásico Don Maximo,café clásico Don Maximo,,0,0,0,0,,unknown,[]
Lokinos mini,,,,,,,4,unknown,[]
Lasaña Huerta,,134,6.75,11,7.5,1.72500002384186,,unknown,[]
,,,,,,,,unknown,"['en:sugary-snacks', 'en:biscuits-and-cakes']"
Tamal minisuculento,,110.909090909091,5.45454545454545,11.8181818181818,2.00000004334883,0.727272738109935,,unknown,[]
"Chicharrones de cerdo, sin adición de sal",,573.333333333333,55.9999974568685,,38.6666679382324,,,unknown,"['en:composite-foods', 'en:one-dish-meals']"
Crema de peinar almidón de maíz,,,,,,,,unknown,[]
Splenda Endulzante Granulado,Splenda Endulzante Granulado,,,,,,4,not-applicable,[]
cuscús,cuscús,361,13,72,1.8,0,,a,"['en:composite-foods', 'en:one-dish-meals']"
dove,dove,,,,,,,not-applicable,[]
Arepa de yuca con queso,,340,6.85714312962123,47.1428571428571,14.0000002724784,0.857142891202654,,unknown,[]
,,,,,,,,unknown,[]
Applause Sabor a Maracuyá,Applause Sabor a Maracuyá,77.8378378378378,3.62162162162162,11.8918918918919,1.67567567567568,0,4,e,"['en:beverages', 'en:sweetened-beverages']"
,,,,,,,,unknown,[]
Knackwurst,,182,14,2.1,13,,,unknown,[]
Arepa de Yuca,,332.857142857143,6.28571428571429,41.4285714285714,15.7142857142857,,,unknown,[]
Galletas de soda,,438.461538461538,11.1538461538462,80.7692307692308,7.69230769230769,3.07692307692308,,unknown,[]
Granola,,366.666666666667,10.3333333333333,76.6666666666667,4,9,,unknown,[]
Avena hojuelas,Hojuelas de Avena libre de gluten,371,14,67,8.1,13,,unknown,[]
Don chicharrón natural,,573.333333333333,55.9999974568685,,38.9999993642171,,,unknown,[]
Sucette  fraise,,56,,14,,,,unknown,"['en:sugary-snacks', 'en:sweets']"
Caballa,,101,18,,3.2,,,unknown,[]
,,,,,,,,unknown,[]
,,,,,,,,unknown,"['en:beverages', 'en:sweetened-beverages']"
Milkshake,,412,76.5999984741211,6.69999980926514,5.69999980926514,9.19999980926514,,unknown,[]
Azúcar,Azúcar,400,0,100,0,0,,not-applicable,"['en:sugary-snacks', 'en:sweets']"
Nescafé Tradicción,Nescafé Tradicción,,,,,,1,unknown,[]
Mijo pop caramelizado con sirope de yacon,,333,9,74,3,5,,unknown,[]
,,,,,,,,unknown,[]
Mini beignets x24,,433,5.19999980926514,48,24,2,,unknown,[]
raid,,,,,,,,unknown,[]
Talento Dark 50% Cacau Menta,,508,5.6,56,29.6,7.2,4,e,"['en:sugary-snacks', 'en:chocolate-products']"
Talento Meio Amargo Amêndoas,Talento Meio Amargo Amêndoas,532,7.9,49,32,8.2,4,e,"['en:sugary-snacks', 'en:chocolate-products']"
Lyme fresa,,304.347826086957,8.69565217391304,78.2608695652174,2.17391304347826,4.34782608695652,,unknown,[]
,,,,,,,,unknown,[]
super cremosa entera,,,,,,,,unknown,[]
cafe tradicional,,,,,,,,unknown,[]
Maíz Palomero,Maíz Palomero,405,13,77,5,14,,unknown,[]
,,,,,,,,unknown,[]
Unique Amazônia 70% Cacau,,556,8.4,38,40,9.6,4,unknown,"['en:sugary-snacks', 'en:chocolate-products']"
Granola con frutos rojos - Olimpica,,336.666666666667,8,70,4,7,,unknown,[]
Maiz,,373,9.89999961853027,47,17,,,unknown,[]
Gansito mini,,475,,,,,,unknown,[]
Mermelada,,52,,11,,8,,unknown,[]
S.PELLEGRINO - Agua mineral natural con gas carbónico añadido,S.PELLEGRINO - Agua mineral natural con gas carbónico añadido,,,,,,1,a,"['en:beverages', 'en:unsweetened-beverages']"
Clásicos,Clásicos,429,3,75,13,1,4,e,"['en:sugary-snacks', 'en:sweets']"
Panelita de leche,,333,2.7,70,4.7,,,unknown,[]
Tofu Burger,,171,7.5,18,7.2,1.2,,unknown,[]
Gratitud,Gratitud,,,,,,,unknown,[]
Pasta fettuccine con lentejas - Seeds,,325,18.75,68.75,,7.5,,unknown,[]
Sauce mango,,141,0.300000011920929,35,0.100000001490116,,,unknown,[]
Frosted sugar cookie,,160,1,25,6,,,unknown,[]
Brownie & Cake,,413.793103448276,3.44827586206897,51.7241379310345,24.1379310344828,,,unknown,[]
Dux Salted,,428,11,79,7.7,3.1,,unknown,[]
Spaghetti Integral - Matarazzo,,343.75,11.25,71.25,1.625,7.25,,unknown,[]
Leche semidescremada,,45,3,4.7,1.5,,,unknown,[]
Yogur semidescremado con dulce con fresa - Colanta YaGur,,80,3.26315789473684,11.5789473684211,2.26315789473684,,,unknown,[]
MACA,,,,,,,,unknown,[]
,,,,,,,,,
Super MAC nut mix,,660,16,22,40,6,,unknown,[]
tradicional,,,,,,,,unknown,[]
Ruby - Fruggies,,321.363636363636,5.27272727272727,58.1818181818182,1.81818181818182,20.4090909090909,,unknown,[]
Pan bimbo artesanal,,289.999995512121,10.0000002804924,51.1764694662655,6.47058837554034,4.70588242306429,,unknown,[]
Fitness whole wheat cracker,,423.076923076923,11.1538461538462,63.0769230769231,13.0769230769231,,,unknown,[]
chicles,,,,,,,,unknown,[]
Hummus bio,,80,2,5,6,1,,unknown,[]
jugo de mandarina,Jugo De Mandarina,34,0.4,9,0,1.85,,unknown,[]
Base truly MATTE,,,,,,,,unknown,[]
Late coffe,,,,,,,,unknown,[]
Mosterd,,110,6.00000023841858,2.00000002980232,6.00000023841858,,,unknown,[]
agua de rosas,,,,,,,,unknown,[]
SALCHICHA PREMIUM,Ranchera Salchicha Premium,266.666666666667,14.8484848484848,1.81818181818182,22.4242424242424,0,,unknown,[]
pedialyte max,,,,,,,,unknown,[]
Carne desmechada,Carne desmechada,187,17,2,12,,,unknown,[]
Yogoyogo sabor melocotón,Yogurt YogoYogo,59,1.7,9.9,1.4,,,unknown,[]
crakeñas,,,,,,,,unknown,[]
protector solar nudr,,,,,,,,unknown,[]
Levadura Seca Instantánea,Levadura Seca Instantánea,356,43,19,6,27,4,not-applicable,[]
,,,,,,,,,
Jaibel para Ella’s,,,,,,,,unknown,[]
Сосиски Вкусные с телятиной,,250,8.5,1,23,,,unknown,[]
aceite de oliva,,,,,,,,unknown,[]
frijol,,,,,,,,unknown,[]
,,,,,,,,unknown,[]
Nestum 5 Cereales,Nestum 5 Cereales,397,10,80.5,2.5,3,1,not-applicable,"['en:cereals-and-potatoes', 'en:breakfast-cereals']"
Té Después de Comidas,,,,,,,,unknown,[]
Leche de almendras,,33,1.70000004768372,3.70000004768372,1.29999995231628,1.29999995231628,,unknown,[]
Queso doble crema,,273,19,4.1,20,,,unknown,[]
arrurru,,,,,,,,unknown,[]
arden formen,,,,,,,,unknown,[]
Bebida de Avena,,61.5,1.9,9.8,1.65,,,unknown,[]
Pavo En Carne Molida,,170,14,6.3,9.9,,,unknown,[]
Tocineta ahumada de cerdo,Tocineta,400,12.2222222222222,0,38.8888888888889,,,unknown,[]
mani del alba,,,,,,,4,unknown,[]
Snack Torta De Banano Y Avena,,153.846153846154,6.15384615384615,29.2307692307692,1.53846153846154,1.53846153846154,,unknown,[]
Aritos,Aritos,400,6.66666666666667,90,0,6.66666666666667,,c,"['en:cereals-and-potatoes', 'en:breakfast-cereals']"
hummus Roasted Garlic,,233.333333333333,6.66666666666667,16.6666666666667,16.6666666666667,3.33333333333333,,unknown,[]
Leche Entera,,59.5,3,4.85,3.1,0,,unknown,[]
Queso Pera,,284.210526315789,26.0526315789474,0,20,,,unknown,[]
Leche en Polvo Entera,Leche en Polvo Entera,148,7,12,8,0,,unknown,"['en:milk-and-dairy-products', 'en:milk-and-yogurt']"
Queso Ricotta - Kiosko,,300,10,3.33333333333333,26.6666666666667,,,unknown,[]
Pepperoni,,346,22,8.8,24,0,,unknown,[]
Talento Cereais e Passas,,536,8.4,56,30.8,0,4,e,"['en:sugary-snacks', 'en:chocolate-products']"
Kefir,Kefir,35,5,3.4,0.2,,,unknown,[]
Granola De Miel,,392,10,72,9.5,11,,unknown,[]
Jalapeño Encuetido,,,,,,,,unknown,[]
prime and fine,,,,,,,,unknown,[]
Agua saborizada - Wasser,,,,,,,,unknown,[]
Crispy mais,,79,2.59999990463257,12,1.70000004768372,2.79999995231628,,unknown,[]
Fettuccine n°6,,356.25,13.75,75,1.25,5.125,,unknown,[]
Mozzarella,,319,18,1,27,,,unknown,[]
Oreo space dunk,,394.736842105263,2.63157894736842,63.1578947368421,21.0526315789474,10.5263157894737,,unknown,[]
Yogurt light deslactosado frutos rojos,,80,8,12,,2,,unknown,[]
Arepa Paisa,,201,3.3,36,5.2,1.3,,unknown,[]
Choco Krispis Pops,Choco Krispis Pops,400,6.66666666666667,83.3333333333333,6.66666666666667,6.66666666666667,4,d,"['en:cereals-and-potatoes', 'en:breakfast-cereals']"
Syrup,,308,0,77,0,,,unknown,[]
Harina precocida de maíz blanco - Arepa La Nieve - Arepa La Nieve - Arepa La Nieve,,348,6.8,80,1.6,6.4,,unknown,[]
QUESO GOUDA,,333.333333333333,18.6666666666667,7,25.6666666666667,,,unknown,[]
Tofu Natural,,180,26,3.3,7.5,1.8,,unknown,[]
Noglut María,Noglut María,444,7,76.4,12,1,4,d,"['en:sugary-snacks', 'en:biscuits-and-cakes']"
Club Social Integral con Linaza & Maca,Club Social Integral con Linaza & Maca,458.333333333333,8.33333333333333,66.6666666666667,16.6666666666667,4.16666666666667,4,d,"['en:sugary-snacks', 'en:biscuits-and-cakes']"
Helado Chocoavellanas,Helado Chocoavellanas,176,2.5,19,10,5.6,,unknown,[]
Quinoa Loops Chocolate,Quinoa Loops Chocolate,260,7,60,1.66666666666667,2,4,unknown,[]
Papas Sal Marina y Vinagre,Papas Sal Marina y Vinagre,520,4,60,28,4,,unknown,"['en:salty-snacks', 'en:appetizers']"
Del Valle,Del Valle,2.0833333333333,0,0.41666666666667,0,0,,unknown,[]
Queso Holandés Tajado,Queso Holandés Tajado,375,26.1111111111111,0,30.5555555555556,,,d,"['en:milk-and-dairy-products', 'en:cheese']"
Cacao En Polvo Con Splenda,Cacao En Polvo Con Splenda,,,,,,,unknown,[]
Mix Bbq,,511,3.79999995231628,61,28,3.59999990463257,,unknown,[]
Coco Vanilla,,457.142857142857,8.57142857142857,37.1428571428571,25.7142857142857,17.1428571428571,,unknown,[]
Kumis Clásico,Kumis Clásico,90,3,12.5,3,0,,e,"['en:milk-and-dairy-products', 'en:milk-and-yogurt']"
Pasta de arroz integral,,312.5,7.14285714285714,80.3571428571429,0,10.7142857142857,,unknown,[]
Tartinade de tofu,,200,9,3,18,,,unknown,[]
corrector líquido,,,,,,,,unknown,[]
,,,,,,,,,
Snacks de Garbanzos,,381.818181818182,20.9090904756026,68.1818181818182,2.72727283564481,15.9090909090909,,unknown,[]
Rosquillas con semillas de girasol y tomate,Rosquillas con semillas de girasol y tomate,411.111111111111,5,77.7777777777778,8.88888888888889,4.44444444444444,,unknown,[]
Clásicas Tradicional XL,Clásicas Tradicional XL,119,3.2,19,3.3,2.2,4,a,"['en:cereals-and-potatoes', 'en:potatoes']"
Petit gâteau gourmand rempli,,419.753086419753,2.46913580246914,55.5555555555556,20.9876543209877,,,unknown,[]
Yogurt Griego Descremado Deslactosado Natural Sin Dulce,Yogurt Griego Descremado Deslactosado Natural Sin Dulce,36,5,4,0,,1,a,"['en:milk-and-dairy-products', 'en:milk-and-yogurt']"
Fitness Sabor a Chocolate,Fitness Sabor a Chocolate,400,6.66666666666667,80,6.66666666666667,10,4,c,"['en:cereals-and-potatoes', 'en:breakfast-cereals']"
Sucre allégé,,,,,,,,unknown,[]
Elbows,,363.636363636364,5.45454545454545,80,0.909090909090909,1.81818181818182,,unknown,[]
Arroz integral,,173,4.4,38,1.2,3.5,,unknown,[]
Soba noodles,,300,10,63,1,3,,unknown,[]
Camembert,,310,19,0,26,,,unknown,[]
Mix Chocolate Chunck,"Mix Chocolate Chunk (Peanuts, Almonds, Chocolate)",576.666666666667,20,31.6666666666667,43.3333333333333,7.33333333333333,,unknown,[]
Chocolate 70% Tumaco,,572,8,48,40,10.4,,unknown,[]
Arequipe,Arequipe,180,6,36.6666666666667,7,17.3333333333333,,unknown,[]
Oreo Alquemix,,119,3.1,20,3,,,unknown,[]
Tilapia,Tilapia,84,17,1,1.2,,,unknown,[]
La 80 - Comestible J Y M S.A.S. - Comestible J Y M S.A.S. - Comestible J Y M S.A.S. - Comestible J Y M S.A.S. - Comestible J Y M S.A.S. - Comestible J Y M S.A.S. - Comestible J Y M S.A.S.,,212,6.12,40.48,2.64,,,unknown,[]
Tortillas M,Tortillas M,300,9.66666666666667,53.3333333333333,6,2.33333333333333,,unknown,[]
Queso Holandes Snack,,560.869565217391,43.4782608695652,1.73913043478261,42.1739130434783,,,unknown,[]
OMI Limonada,,4,0,1,0,,,b,"['en:beverages', 'en:sweetened-beverages']"
Conchiglie tricolore extrudées au bronze,,354,11,73,1.2,3.6,1,a,"['en:cereals-and-potatoes', 'en:cereals']"
Butter Toffee,Butter Toffees Chocolate,467,2.6,68,20,1,4,e,"['en:sugary-snacks', 'en:sweets']"
Piquitos,Piquitos,400,6.66666666666667,80,3.33333333333333,0,,e,"['en:salty-snacks', 'en:appetizers']"
Whole roasted and salted almonds,,600,20,20,53.333333333333,10,3,a,"['en:salty-snacks', 'en:nuts']"
Aranciata rossa,,50,,,,12,,unknown,[]
Chili & Lime Snack Mix,,500,7.14285714285714,64.2857142857143,21.4285714285714,,,unknown,[]
salsa de tomate,,,,,,,,unknown,"['en:fats-and-sauces', 'en:dressings-and-sauces']"
capibell,,,,,,,,unknown,[]
Φασολάκια Στρογγυλά,,45,1.8,7.6,0.2,2.8,,unknown,[]
Créatine Powder,,383.580080753701,17.2274562584118,78.8290713324361,0.511440107671602,,,unknown,[]
Pan blanco - Bimbo - Bimbo - Bimbo - Bimbo - Bimbo - Bimbo,,260,7.6,56,0.8,1.6,,unknown,[]
Almonds Amandes,,600,20,20,50,13.3333333333333,,unknown,[]
Barra active,,,,,,,,unknown,[]
Galleta negra,,100,2,18,2,,,unknown,[]
Queso Crema,,310,7,3.1,30,,,unknown,[]
chronos,,,,,,,,unknown,[]
Pan tajado matequilla,,295,11,55,4.5,5,,unknown,[]
Churro dulce de Leche,,330,2,44,16,,,unknown,[]
Choco Krispis choco copos,,376,6.2,82.9,2.2,3.3,,unknown,[]
Cookies and cream granola bar,,416.666666666667,8.33333333333333,70.8333333333333,12.5,4.16666666666667,,unknown,[]
yogurt,,,,,,,,unknown,[]
Atún rallado - Ekono - Ekono,Atún Rallado,160,20,0,8.90909090909091,0,,unknown,[]
Leche Descremada Deslactosada,,32,3.1,4.9,0,,,b,"['en:milk-and-dairy-products', 'en:milk-and-yogurt']"
vitamin D3,,,,,,,,unknown,[]
Pepinillos Agridulces Tajados,Pepinillos Agridulces Tajados,77,2,17,0.6,2.2,,unknown,[]
Cacao Hunters,,604,7.6,44,48,8,,unknown,[]
Mexican Rice & Veggies,,357,7.9,77,1.2,3.4,,unknown,[]
Taeq Aceite de Canola,Taeq Aceite de Canola,900,0,0,100,,2,b,"['en:fats-and-sauces', 'en:fats']"
Palabok,,117,5.5,14,4.25,0.5,,unknown,[]
Rapiditas Fit,,286.666666666667,10,53.3333333333333,4.66666666666667,4,,unknown,[]
Almonds Amandes,,600,20,20,50,4,,unknown,[]
Italo,,,,,,,,unknown,[]
Baileys Pops,,561,9,30,45,1,,unknown,[]
Pulp,,,,,,,,unknown,[]
Cabernet Sauvignon,Cabernet Sauvignon,,,,,,,not-applicable,['en:alcoholic-beverages']
Malbec,Malbec,,,,,,,not-applicable,['en:alcoholic-beverages']
Cafe,,,,,,,,unknown,[]
Harina de maíz,,,,,,,,unknown,[]
Granola Rioni,,398,8,82,4,8,,unknown,[]
Field Strawberry Cupcakes,,290,1,41,13,,,unknown,[]
,Galleta chips,,,,,,,unknown,[]
,,,,,,,,,
,,,,,,,,,
,,,,,,,,,
"Mix de batata, yuca mkrada y arracacha",,214.28571428571,3.5714285714286,64.285714285714,25,3.5714285714286,,c,"['en:salty-snacks', 'en:appetizers']"
Empanadas Árabes,Empanadas Árabes,267.5,9.75,37.75,8.5,7.25,,unknown,[]
Aji-no-men sabor Pollo con Verduras,Aji-no-men sabor Pollo con Verduras,,,,,,4,c,"['en:cereals-and-potatoes', 'en:cereals']"
Jet Lyne,Jet Lyne,461.111111111111,7.77777777777778,55.5555555555556,32.2222222222222,15,,unknown,[]
Super vegan protein Mocha & Ceylon Cinnamon,,365,600,8.50000023841858,8.50000023841858,8.99999976158142,,unknown,[]
Tosh Pita Chips Champiñones y Pimienta,Tosh Pita Chips Champiñones y Pimienta,423.076923076923,7.69230769230769,65.3846153846154,13.4615384615385,3.84615384615385,4,d,"['en:salty-snacks', 'en:appetizers']"
Yogurt bio defense,,59.1666666666667,2.08333333333333,9.16666666666667,1.75,,,unknown,"['en:milk-and-dairy-products', 'en:milk-and-yogurt']"
crispetas sal marina,,500,0,65,30,20,,c,[]
Cerveza pura malta,,103,,,,,,not-applicable,['en:alcoholic-beverages']
Avena en Hojuelas,,375,15,75,7.5,7.5,,unknown,[]
Litron pack,,45,3,5,1.5,0,,b,"['en:milk-and-dairy-products', 'en:milk-and-yogurt']"
Scone citron canneberges,,381.818181818182,5.45454545454545,41.8181818181818,21.8181818181818,1.81818181818182,,unknown,[]
7701001142272,,45.3333333333333,3.13333320617676,4.73333326975504,1.53333330154419,,,unknown,[]
:creamer,,750,0,50,75,16.666666666667,,e,"['en:beverages', 'en:teas-and-herbal-teas-and-coffees']"
Porc haché maigre,,270,26,0.5,19,0,,unknown,[]
Dark Chocolate 70% Cacao,Dark Chocolate 70% Cacao,530,11,34,36,14,4,e,"['en:sugary-snacks', 'en:chocolate-products']"
Masmai Arepa de maíz blanco mini tela,,180,4,38,4,4,,unknown,"['en:cereals-and-potatoes', 'en:cereals']"
Choc Melos,,453.571428571429,1.78571428571429,67.8571428571429,10.7142857142857,,,unknown,"['en:sugary-snacks', 'en:sweets']"
Proteína Vainilla,,363.636363636364,69.6969696969697,8.18181818181818,6.06060606060606,0.303030303030303,,unknown,[]
Kéfir Piña Hierbabuena,,33.6363636363636,5,3.40909090909091,0,,,unknown,[]
Súper chocolate bar,,494.285714285714,28.5714285714286,34.2857142857143,31.4285714285714,10,,unknown,[]
,Tortilla integral,,,,,,,unknown,[]
Cruz,,,,,,,,unknown,[]
Hojuelas Integrales Precocidas de Avena,Hojuelas Integrales Precocidas de Avena,342,14,68,8.1,13,,unknown,[]
Chicharrón Tornado Sabor Natural,Chicharrón Tornado Sabor Natural,0,0,0,0,,,unknown,[]
Pan Integral Relleno De Queso De Búfala,Pan Integral Relleno De Queso De Búfala,246.153846153846,13.8461538461538,16.9230769230769,13.8461538461538,6.15384615384615,,e,"['en:cereals-and-potatoes', 'en:bread']"
Peanut Butter Crunchy,,592,26,7.59999990463257,49,8.5,,unknown,[]
Arepa De Chocolo,Arepa De Chocolo,121.649484536082,2.98969072164948,28.8659793814433,0.824742268041237,6.08247422680412,,unknown,[]
CHOCORAMO,,444,6.19999980926514,53,23,,,unknown,"['en:sugary-snacks', 'en:biscuits-and-cakes']"
Mix del Campo,Mix del Campo,543.333333333333,14.6666666666667,43.3333333333333,33.3333333333333,7.66666666666667,,d,"['en:fruits-and-vegetables', 'en:dried-fruits']"
Pan Arabe,,320,11.2,66,1.6,2,,b,"['en:cereals-and-potatoes', 'en:bread']"
Pan de Sagú con chips de chocolate,Pan de Sagú con chips de chocolate,259.090909090909,10,40,6.81818181818182,,,unknown,[]
Mini donut (3 donuts),,385.964912280702,5.26315789473684,49.1228070175439,17.5438596491228,1.75438596491228,,e,"['en:sugary-snacks', 'en:biscuits-and-cakes']"
Linaza Molida,,533.333333333333,20,28.6666666666667,42,27.3333333333333,,unknown,"['en:cereals-and-potatoes', 'en:cereals']"
Arepas De Maíz Mote Integral,Arepas De Maíz Mote Integral,173.146377708,4.44444444444444,35.5555555555556,0.555555555555556,5.55555555555556,,unknown,[]
Queso Mozzarella Entero,,318,19,4.2,25,,,unknown,[]
Sucralosa,Sucralosa,60,,0,,,4,not-applicable,[]
Aritos Sour Cream,,435.294117647059,4.70588235294118,64.7058823529412,20,5.29411764705882,,unknown,[]
Alfajo De Arequipe Y Chocolate Blanco,Alfajo De Arequipe Y Chocolate Blanco,402.857142857143,8.14285714285714,58.5714285714286,15.7142857142857,2.71428571428571,,unknown,[]
Parmesano Rallado,Parmesano Rallado,240,36,3.8,9,0,,unknown,[]
Quinua Loops Cereal Chocolate,,325,7.6,68,1.6,3.2,,unknown,[]
crelim,,,,,,,,unknown,[]
,Salchicha manguera,,,,,,,unknown,[]
Yogurt sin azúcar - Finesse,,112,15,13.2,,,,unknown,[]
Brownie,,442,6.5,54,23,3.5,,unknown,[]
Tocineta Ahumada,Tocineta Ahumada,230,10,11,16,,,unknown,[]
Tomates En Cubos,Tomates En Cubos,27,2.4,4,0.15,1,,unknown,[]
Framboesas Cobertas com Chocolate,,349,3.5,34,21,4.80000019073486,,unknown,[]
Quimbayas,,93,0.699999988079071,11.5,5,0.300000011920929,,unknown,[]
Tres Nueces,,34,0.4,4.8,1.5,1.2,,b,"['en:beverages', 'en:plant-based-milk-substitutes']"
Protein,,382.352941176471,88.2352941176471,2.94117647058824,0,2.94117647058824,,unknown,[]
Papas Limon,,538,5.6,56,34,4.7,,unknown,[]
Brownie Clasico,,387,7.1,59,14,,,unknown,[]
Rosquitas de almidón y queso,,400,11.6,76.6,5.2,2.5,2,unknown,[]
Almojabanas Congeladas,Almojabanas Congeladas,333,15,40,13,2,,unknown,[]
Mortadela Jamonada,,176.666666666667,18,4.66666666666667,9.66666666666667,,,unknown,[]
Corn,,88,3,21,0.8,2.1,,unknown,[]
,,311,19,2.4,25,,3,d,"['en:milk-and-dairy-products', 'en:cheese']"
Fresa Congelada,Fresa Congelada,9,0.4,0,0,1.5,,unknown,[]
Yogurt Griego Alpina sabor vainilla,,77,8.30000019073486,4.5,2.90000009536743,,,unknown,[]
Brochettes,,210,13,5,15,,,unknown,[]
Gelatina sin Azúcar,,267.857142857143,66.9642857142857,0,0,,,unknown,[]
Jamón Seleccionado 225g,Jamón Seleccionado 225g,98,14,6.8,1.6,,,unknown,[]
Chicharrón,,60,6,,3.5,,,unknown,[]
Arroz Para Sushi,Arroz Para Sushi,357,2.8,83,1.5,4.2,,unknown,[]
Bi-Pro Classic Whey Protein Isolate,,357.692307692308,76.9230769230769,4.61538461538461,2.69230769230769,0.384615384615385,,unknown,[]
Crema De Leche,Crema De Leche,182,2.5,2.4,18,0,,unknown,[]
Ponque de ciruela,,377.142857142857,5.57142870766776,55.7142857142857,15.7142857142857,4.57142863954817,,unknown,[]
Mezcla Choco Divertida,Mezcla Choco Divertida,340,11.3333333333333,31.1111111111111,20,5.55555555555556,,unknown,[]
crespos con agua de coco,,,,,,,,unknown,[]
Untable de fruta,,80,,20,,1.00000001490116,,unknown,[]
Torta Helado Salsa Chocolate,Torta Helado Salsa Chocolate,285,3.6,30,17,1.3,,unknown,[]
Lomitos de Atun,Lomitos de Atun,102,24,0,0.7,,,unknown,[]
Galleta quinua Palitos,Galleta quinua Palitos,356.25,7.8125,56.25,10.9375,5,,unknown,[]
Tutto 70 - Tutto,DARK Chocolate Intenso,583.333333333333,8.33333333333333,50,37.5,8.33333333333333,,unknown,[]
330,,47,0.400000005960464,11.5799999237061,0.259999990463257,3.90000009536743,,unknown,[]
Salchicha parrillera,,190,7,2.5,12,,,unknown,[]
Mozzarella Light,,220,21.5,13.75,8.75,0,,unknown,[]
Vegetable Mix,,59,2.7,12,0.5,3.1,,unknown,[]
nutrit,,,,,,,,unknown,[]
Arepa Para Rellenar,Arepa Para Rellenar,130,2.9,31,0.5,5.1,,unknown,[]
Delight crackers golden,,474,8.10000038146973,70,18,2.09999990463257,,unknown,[]
Argan oil of morocco,,,,,,,,unknown,[]
Barra de cereal Maní & Almendras sabor a Yogurt - Origami - Origami,,521.739130434783,13.0434782608696,52.1739130434783,30.4347826086957,4.34782608695652,,unknown,[]
Avena Pro - Alquería,,73.8888888888889,2.22222222222222,12.2222222222222,1.88888888888889,,,unknown,[]
Avena Original - Alpina,,69.2,2,11.2,1.92,,,unknown,[]
Yogurt griego con cama de fruta - Alpina,,87.3333333333333,7.33333333333333,8.66666666666667,2.73333333333333,,,unknown,[]
Mini Pizza calabresa,,320,15,29,16,0.699999988079071,,unknown,[]
Signaturbrød,,214,6.40000009536743,32,4.69999980926514,9,,unknown,[]
Chorizo campesino - Colanta,Chorizo campesino 450g,212,15.4,3,15.4,,,unknown,[]
tono uniforme,,,,,,,,unknown,[]
Jamón de Pavo - Casablanca,,100,19.6666666666667,5.33333333333333,,,,unknown,[]
Tortillas - Frescampo,,290,7.66666666666667,53.3333333333333,5.33333333333333,0.666666666666667,,unknown,[]
Cuajada - Del norte,,296.666666666667,17,5,23,,,unknown,[]
Tosti Empanadas Limón,Tosti Empanadas Limón,528.571428571429,6.42857142857143,60.7142857142857,30.3571428571429,7.14285714285714,,d,"['en:salty-snacks', 'en:appetizers']"
Salty caramel protein bar,,354,40,23,12,10,,unknown,[]
Mortadela Jamonada - Rica - Rica - Rica,,137.1,11,11,5.71,1,,unknown,[]
Roasted red pepper humus,,233.333333333333,6.66666666666667,20,16.6666666666667,3.33333333333333,3,c,"['en:fats-and-sauces', 'en:dressings-and-sauces']"
Leche achocolatada Bilac,,83.5,3.95,11.5,2.6,0.9,,unknown,[]
Pastrami de Pavo,,95.2380952380952,17.6190476190476,0,2.85714285714286,0,,unknown,[]
3 en 1 light,,0,7.1428571428571,78.571428571429,10.714285714286,0,,d,[]
Galletas milo choco intense,,425.925925925926,6.2962962962963,62.962962962963,17.037037037037,2.96296296296296,,unknown,[]
Makreelfilets,,190,14,4.30000019073486,12.6000003814697,,,unknown,[]
tajadas platano maduro,tajadas platano maduro,211,0.7,40.7,5,,,unknown,[]
Muffin Oreo - Oreo,,403.508771929825,3.50877192982456,49.1228070175439,22.8070175438597,1.75438596491228,,unknown,[]
energy boost vitamina c,,,,,,,,unknown,[]
ultra gel,ultra gel,257.142857142857,,64.2857142857143,,,,unknown,[]
Kumis semidescremado - Latti - Latti - Latti,,66,3,9.8,1.6,,,unknown,[]
Rapiditas con avena - Bimbo,,280,5.66666666666667,56.6666666666667,4.66666666666667,5,,unknown,[]
monitor presión arterial automática,,,,,,,,unknown,[]
almojabanas colombianas,almojabanas colombianas,296,2.6,70.3,2.1,,,unknown,[]
bloqueador,,,,,,,,unknown,[]
crea,,403.846153846154,76.9230769230769,6.92307692307692,7.69230769230769,1.53846153846154,,unknown,[]
Dio arveja y zanahoria,,58,3.1,12,0.8,4.7,,unknown,[]
Coxinha fit,,90,2.4,12,3.5,1.1,,unknown,[]
Pan cascarita,,359,8.1,61,9.7,2.5,,unknown,[]
Chocolate casero,Chocolate De Mesa Con Azucar,113,1,19,3.9,1.1,,unknown,[]
galletas,,,,,,,,unknown,[]
bon aire,,,,,,,,unknown,[]
pan pullpancito,,,,,,,,unknown,[]
72 baby wipes,,,,,,,,unknown,[]
sulfato ferroso,,,,,,,,unknown,[]
pañitos húmedos antibacterial,,,,,,,,not-applicable,[]
Nivea fácil hyaluron gel,,,,,,,,unknown,[]
Cocosett,,500,4,68,23,0.075,,unknown,[]
extractos HAMAMELIS Y FRUTAÑES,,,,,,,,unknown,[]
Viva color,,,,,,,,unknown,[]
Flor de cerezo japones,,,,,,,,unknown,[]
Hair mask,,,,,,,,unknown,[]
Extra virgin olive oil,,,,,,,,unknown,[]
Aceite de oliva extra virgen,,,,,,,,unknown,[]
AMPER ultra,AMPER ultra,14.7991543340381,,,,,4,unknown,"['en:beverages', 'en:artificially-sweetened-beverages']"
Trix conejitos con Marshmallows,Trix conejitos con Marshmallows,367,6.1,88,2.4,11.9,4,c,"['en:cereals-and-potatoes', 'en:breakfast-cereals']"
bocadillo de guayaba cubitos,,,,,,,,unknown,"['en:fruits-and-vegetables', 'en:fruits']"
tostadas con ajo,,,,,,,,unknown,[]
pilon,pilon,134,19,0.5,6.5,,,unknown,[]
Palitos de surimi,,212.5,2.81249992549419,43.75,,4.06249985098839,,unknown,[]
Pearl Couscous,,120,3,22,1.5,1,,unknown,[]
salsa de tomate,,,,,,,,unknown,[]
Papas jalapeño - Julimoy,,494,6.74,52.52,28.57,4.9,,unknown,[]
Caramelos Frutimilk,,,,,,,,unknown,[]
crema,,,,,,,,unknown,[]
leche,,,,,,,,unknown,[]
Maíz pira diana,,316.666666666667,9.66666666666667,76.6666666666667,0.666666666666667,18,,unknown,[]
Totox ball sabor a queso,,413.333333333333,5.33333333333333,53.3333333333333,20,0.666666666666667,,unknown,[]
Yogurt entero un trozos de melocoton,,76.6666666666667,2.53333333333333,10,3.2,1,,unknown,[]
moisturizing oil,,,,,,,,unknown,[]
Eggy Chocolate New,,401,22,61,8,1.6,,unknown,[]
Pan Sabor Mantequilla comapan,Pan Sabor Mantequilla comapan,289.473684210526,9.47368421052632,52.6315789473684,4.21052631578947,1.57894736842105,,unknown,[]
Chiclets Menta,Chiclets Menta,,,,,,4,not-applicable,"['en:sugary-snacks', 'en:sweets']"
Strawberry Delight Cupcake,,340,2,46,16,,,unknown,[]
Ripped Whey Protein,,388.888888888889,55.5555555555556,35.1851851851852,1.85185185185185,,,unknown,[]
Galletas Wafer chocolate,,479,4.5,76,18,2.59999990463257,,unknown,[]
endulzante con Stevia Vital,,,,,,,,unknown,[]
pañitos,,,,,,,,unknown,[]
agua micelar,,,,,,,,unknown,[]
Rice Cake Galleta De arroz Integral Con Chia,Rice Cake Galleta De arroz Integral Con Chia,360,10.6666666666667,73.3333333333333,4,6,,unknown,[]
Uva Isabella,,,,,,,,unknown,[]
Avena en hojuelas con quinoa y almendras,,,,,,,,unknown,[]
Panela Instantanea,,,,,,,,unknown,[]
Pan Casero Integral con Avena,Pan Casero Integral con Avena,272.727272727273,9.09090909090909,59.0909090909091,0,4.54545454545455,,c,"['en:cereals-and-potatoes', 'en:bread']"
Pan Integral Dextrin Tradicional,Pan Integral Dextrin Tradicional,366,15,62,3.5,13.5,3,a,"['en:cereals-and-potatoes', 'en:bread']"
Pan Artesanal,Pan Artesanal,269.84126984127,7.93650793650794,53.968253968254,3.17460317460317,4.76190476190476,,c,"['en:cereals-and-potatoes', 'en:bread']"
Tostadas Integrales,Tostadas Integrales,162.25,2.5,,3.75,0.2,,c,"['en:cereals-and-potatoes', 'en:bread']"
Arepas,,187.5,3.75,42.5,1.25,2.5,,c,"['en:cereals-and-potatoes', 'en:bread']"
Pan Tajado,,15,3,21,2,2,,unknown,"['en:cereals-and-potatoes', 'en:bread']"
Super especial de queso - Arepa de maiz con queso,Super especial de queso - Arepa de maiz con queso,,,,,,4,unknown,"['en:cereals-and-potatoes', 'en:bread']"
Pan Integral,,,,,,,,unknown,"['en:cereals-and-potatoes', 'en:bread']"
Pan centeno negro,Pan centeno negro,200,6.6666666666667,46.666666666667,0,6.6666666666667,4,b,"['en:cereals-and-potatoes', 'en:bread']"
Panetón Chocolate,Panetón Chocolate,357.142857142857,7.14285714285714,55.3571428571429,12.5,1.78571428571429,,e,"['en:sugary-snacks', 'en:pastries']"
Yogurt griego x8,,,,,,,,unknown,"['en:milk-and-dairy-products', 'en:milk-and-yogurt']"
,,,,,,,,unknown,"['en:milk-and-dairy-products', 'en:milk-and-yogurt']"
Yogurt Original,Yogurt Original,120,4,20,2.5,0,,unknown,"['en:milk-and-dairy-products', 'en:milk-and-yogurt']"
Yogurt Frutos Rojos,Yogurt Frutos Rojos,140,4,23,4,2,,unknown,"['en:milk-and-dairy-products', 'en:milk-and-yogurt']"
Yogurt de Fresa Gloria,Yogurt de Fresa Gloria,86.6666666666667,2.66666666666667,14.6666666666667,2.66666666666667,0,,c,"['en:milk-and-dairy-products', 'en:milk-and-yogurt']"
Yogurt Semidescremado con Trozos de Fruta Melocotón,Yogurt Semidescremado con Trozos de Fruta Melocotón,100,2.66666666666667,17.3333333333333,2,0,,c,"['en:milk-and-dairy-products', 'en:milk-and-yogurt']"
Yogurt Deslactosado Fresa,Yogurt Deslactosado Fresa,80,3,11.5,2,0,,b,"['en:milk-and-dairy-products', 'en:milk-and-yogurt']"
Yogurt Original Fresa,Yogurt Original Fresa,80,2.5,13,1.75,0,,e,"['en:milk-and-dairy-products', 'en:milk-and-yogurt']"
Yogo Yogo Melocotón,Yogo Yogo Melocotón,66.6666666666667,2,11.3333333333333,1.33333333333333,0,,b,"['en:milk-and-dairy-products', 'en:milk-and-yogurt']"
Yogo Yogo Cereal,Yogo Yogo Cereal,100,2.30769230769231,19.2307692307692,1.15384615384615,0,,c,"['en:milk-and-dairy-products', 'en:milk-and-yogurt']"
Yox con Defensis Melocotón,Yox con Defensis Melocotón,90,2,15,2,0,,e,"['en:milk-and-dairy-products', 'en:milk-and-yogurt']"
Yogour. Griego,,103.703703703704,5.92592592592593,11.8518518518519,3.7037037037037,,,unknown,"['en:milk-and-dairy-products', 'en:milk-and-yogurt']"
Chorizo,,159,18,2,7.9,,,unknown,[]
Kumis Algarra,Kumis Algarra,86.6666666666667,3.33333333333333,12.6666666666667,2.66666666666667,,3,c,"['en:milk-and-dairy-products', 'en:milk-and-yogurt']"
Mozzarella di latte di bufala,,262,13,0.800000011920929,23,,,unknown,[]
Actigest Pitaya,Actigest Pitaya,71.4285714285714,,12.1428571428571,1.42857142857143,0,,unknown,"['en:milk-and-dairy-products', 'en:milk-and-yogurt']"
Yogurt Griego Fresa,Yogurt Griego Fresa,111.851851851852,6.66666666666667,11.1111111111111,4.59259259259259,,,c,"['en:milk-and-dairy-products', 'en:milk-and-yogurt']"
Yogur Manzana Verde,Yogur Manzana Verde,55.5555555555556,1.66666666666667,9.44444444444444,1.38888888888889,0,,b,"['en:milk-and-dairy-products', 'en:milk-and-yogurt']"
Yogurt de Mora,Yogurt de Mora,120,2.5,24,2,0,,b,"['en:milk-and-dairy-products', 'en:milk-and-yogurt']"
Choco Krispis,Choco Krispis,379,5.6,87,1.8,9,,d,"['en:cereals-and-potatoes', 'en:breakfast-cereals']"
Casai Cashi Cereal Nutritivo,Casai Cashi Cereal Nutritivo,363.333333333333,6.66666666666667,83.3333333333333,0,10,,a,"['en:cereals-and-potatoes', 'en:breakfast-cereals']"
Granola de semillas,,671,17,18,59,12,,d,"['en:cereals-and-potatoes', 'en:breakfast-cereals']"
Choco Krispis Chips,Choco Krispis Chips,400,6.66666666666667,83.3333333333333,5,3.33333333333333,4,e,"['en:cereals-and-potatoes', 'en:breakfast-cereals']"
Granola Crunchy Almendras,Granola Crunchy Almendras,368.571428571429,9.71428571428571,68.5714285714286,11.7142857142857,9.42857142857143,,c,"['en:cereals-and-potatoes', 'en:breakfast-cereals']"
Hojuelas de Avena Sabor Canela,Hojuelas de Avena Sabor Canela,363.636363636364,9.09090909090909,68.1818181818182,6.81818181818182,9.09090909090909,,a,"['en:cereals-and-potatoes', 'en:breakfast-cereals']"
Zucaritas Alpina Sabor Arequipe,Zucaritas Alpina Sabor Arequipe,366.666666666667,3.33333333333333,90,0,0,,d,"['en:cereals-and-potatoes', 'en:breakfast-cereals']"
Bary Avena en Hojuelas,Bary Avena en Hojuelas,391.666666666667,12.0833333333333,70.8333333333333,9.16666666666667,9.58333333333333,1,a,"['en:cereals-and-potatoes', 'en:breakfast-cereals']"
Taeq Granola,Taeq Granola,363.636363636364,10.9090909090909,78.1818181818182,3.63636363636364,12.7272727272727,,a,"['en:cereals-and-potatoes', 'en:breakfast-cereals']"
Granola,,210,7,30,70,3,,unknown,"['en:cereals-and-potatoes', 'en:breakfast-cereals']"
Galletas Sándwich Sabor Limón,Galletas Sándwich Sabor Limón,500,5.55555555555556,72.2222222222222,19.4444444444444,0,4,e,"['en:sugary-snacks', 'en:biscuits-and-cakes']"
Hello Day Cero%,Hello Day Cero%,360,8,76,6,8,,a,"['en:cereals-and-potatoes', 'en:breakfast-cereals']"
Müsli Arándanos,Müsli Arándanos,366.666666666667,6.66666666666667,86.6666666666667,1.66666666666667,6.66666666666667,,d,"['en:cereals-and-potatoes', 'en:breakfast-cereals']"
Corn Flakes,Corn Flakes,,,,,,,unknown,"['en:cereals-and-potatoes', 'en:breakfast-cereals']"
antibacterial,,,,,,,,not-applicable,[]
Doritos dinamita Flamin Hot,,501,6.9,63,26,6.8,,unknown,"['en:salty-snacks', 'en:appetizers']"
Oreo muffins,,414.634146341463,4.0650406504065,49.5934959349593,22.7642276422764,1.6260162601626,,unknown,[]
baby multicereal,,,,,,,,unknown,[]
Brownie Arequipe,,408,7.09999990463257,54,19,3.70000004768372,,unknown,[]
Poppi,,208.333333333333,,58.3333333333333,,16.6666666666667,,unknown,[]
Maní Moto Flamin Hot,,501,20,49,27,8,,unknown,[]
Bocadillo de guayaba con manjar de leche,,300,2.2,75,,4.2,,unknown,"['en:fruits-and-vegetables', 'en:fruits']"
Whey Elite,,400,83.3333333333333,6.66666666666667,3.33333333333333,3.33333333333333,,unknown,[]
Gomitas Trululu Fresitas - Trululu,,400,5,0.09,,,,unknown,[]
Lyne delicioso sin azúcar chocolate,,2025,179.999995231628,300,15.0000005960464,27.5000005960464,,unknown,[]
Huile vierge de noix,,899,0.300000011920929,,99.9000015258789,,,unknown,[]
Queso bajo En Grasa,Queso bajo En Grasa,36,2,1.6,2.4,0,,unknown,[]
Pan Integral Con Quinua,Pan Integral Con Quinua,240,8,40,4,8,,unknown,[]
Kythos Plátano Maduro,Kythos Plátano Maduro,464,3.6,75,18,3.6,3,d,"['en:fruits-and-vegetables', 'en:dried-fruits']"
Nori maki,,180,5,40,0.5,2,,unknown,[]
Pan 7 Granos,Pan 7 Granos,328.125,10.625,50,9.375,6.5625,,unknown,[]
Megaplex Special Edition,,384.615384615385,16.9230769230769,78.8461538461538,0.5,0.423076923076923,,unknown,[]
Cocosette pague 7 lleve 8,Cocosette pague 7 lleve 8,,,,,,,unknown,"['en:sugary-snacks', 'en:biscuits-and-cakes']"
Frijol bola roja,Frijol bola roja,355.947136563877,24.6696035242291,65.1982378854626,1.40969162995595,,,unknown,[]
Arepas Semillas De Chia,Arepas Semillas De Chia,162.5,6.625,30,2.75,4.625,,unknown,[]
Arepa Con Queso Extradelgada,Arepa Con Queso Extradelgada,241.666666666667,6.66666666666667,30,11,3.5,,unknown,[]
Organic Nut & Seed Mix,,2168.36734693877,76.5306122448979,76.5306122448979,178.571428571429,25.5102040816327,3,c,"['en:salty-snacks', 'en:nuts']"
Large eggs,,160,13,1,11,,,unknown,"['en:fish-meat-eggs', 'en:eggs']"
Pan tajado integral,Pan tajado integral,104,3.33333333333333,18.6666666666667,2.13333333333333,1.86666666666667,,unknown,[]
Garbanzo,Garbanzo,378.333333333333,20,63.3333333333333,6,,,unknown,[]
Pasta,Pasta,368.7625,13.75,62.5,,,,unknown,[]
Leche,Leche,61,3.3,5,3.1,,,unknown,[]
Yogurt,Yogurt,72.5,3.1,8,3.2,,,unknown,[]
Pan Árabe,,292,12,60,1,1.8,,unknown,[]
Queso Doble Crema Tajado,Queso Doble Crema Tajado,316,20,6.1,24,2,,unknown,[]
Yogurt,,78,2.6,12,2.2,,,unknown,[]
Pan fibra y sésamo,,30,1.20000004768372,5.80000019073486,0.699999988079071,2.29999995231628,,unknown,[]
Kumis casero,,90,6,17,,,,unknown,[]
Arroz Sonora Integral,Arroz Sonora Integral,358,10.6,74,2.2,5.4,,unknown,[]
Panela maracuyá,,388,1.20000004768372,96,,,,unknown,[]
Quinoa Chips,,408.333333333333,11.6666666666667,73.3333333333333,11.6666666666667,10.8333333333333,,unknown,[]
Garbanzos,,101.666666666667,5.91666666666667,21.6666666666667,0.833333333333333,8,,unknown,[]
Feta Cheese,Feta Cheese,353.333333333333,12,4.66666666666667,32,,,unknown,[]
Aceitunas,Aceitunas,133.333333333333,1.33333333333333,4.66666666666667,12.6666666666667,4,,unknown,[]
Pan ocho granos,,134,7,25,1.10000002384186,1.70000004768372,,unknown,[]
Suco verdemar,,109,2.25,25,,,,unknown,[]
Submarino Arequipe,Submarino Arequipe,336.363636363636,6.66666666666667,57.5757575757576,9.39393939393939,1.81818181818182,,unknown,[]
Mezcla para Pancakes de avena,,214.117647058824,8.23529411764706,39.2941176470588,5.05882352941176,4,,unknown,[]
Panela perla del fonce,,368,,92,,,,unknown,[]
Luganighetta nostrana,,249,15,0.5,21,,,unknown,[]
Papas super crokantes,,532,6.8,60,30,4.4,,unknown,[]
Tortillas almendras,,265.625,6.25,18.75,21.875,12.5,,unknown,[]
Dulce De Leche Cortado,Dulce De Leche Cortado,253.333333333333,10.6666666666667,43.3333333333333,5,6.66666666666667,,unknown,[]
,,210,6.99999968210856,42.9999987284342,1.00000003973643,6.89999977747599,,unknown,[]
Megaplex Creatine Power,,384.615384615385,16.9230769230769,78.8461538461538,0.5,0.423076923076923,,unknown,[]
azucar,,,,,,,,unknown,[]
rice raw pulp,,,,,,,,unknown,[]
Yogourt Melocotón,,78,2.6,12,2.2,0,,unknown,[]
Arequipe,Arequipe,321,5.8,52,10,0,,e,"['en:sugary-snacks', 'en:sweets']"
Best Proteim,,342.424242424242,78.7878787878788,3.63636363636364,1.81818181818182,,,unknown,[]
Jamon de pechuga de pollo,Jamón de pechuga de pollo,130.555555555556,14.7222222222222,7.77777777777778,3.05555555555556,0,,unknown,[]
bioaqua rose,,,,,,,,unknown,[]
Sándwich Helado,Sándwich Helado,277.5,4.875,40,11.375,2.25,,unknown,[]
Manjar Blanco,Manjar Blanco,260,6,50.3333333333333,4,,,unknown,[]
Monterojo Papas Lima-limón,Monterojo Papas Lima-limón,541,6.3,56,33,1.7,,unknown,[]
Infusion récup detox,,0,,,,,,unknown,[]
Aceitunas Rellenas con Pimentón,Aceitunas Rellenas con Pimentón,93.3333333333333,1.33333333333333,8,7.33333333333333,6.66666666666667,,unknown,[]
Noisette,,200,4,5,18,3,,unknown,[]
Serum fluido,,,,,,,,unknown,[]
"Tiburoncitos sabor Piña, Naranja y Manzana","Tiburoncitos sabor Piña, Naranja y Manzana",320,5.6,73,0,0,4,e,"['en:sugary-snacks', 'en:sweets']"
Jamón De Cerdo,Jamón De Cerdo,117.142857142857,14.2857142857143,9.14285714285714,2.57142857142857,0.285714285714286,,unknown,[]
Gomitas Amberries,Gomitas Amberries,343,0.7,85,0,0,4,e,"['en:sugary-snacks', 'en:sweets']"
Gomutcho,Gomutcho,345,0,85,0,0,4,e,"['en:sugary-snacks', 'en:sweets']"
Yogurt griego entero sin dulce,,100,6.40000009536743,5.19999980926514,5.90000009536743,0.200000002980232,,unknown,[]
Surtido,Surtido,380,0,95,0.06,0,4,unknown,"['en:sugary-snacks', 'en:sweets']"
Honey mustard dipping sauce,,400,1.33333335320155,26.6666666666667,33.3333333333333,,,unknown,[]
griego,Yogurt Griego Fresa,87.3333333333333,7.33333333333333,8.66666666666667,2.73333333333333,,,unknown,[]
Crispetas Sal Caramelo,Crispetas Sal Caramelo,447,4.9,75,17,12,,unknown,[]
Pan Artesanal D1,,264,8.4,53,3.1,4.6,,unknown,[]
oleo de noz pecan,,,,,,,,unknown,[]
Jamón Pechuga De Pollo,Jamón Pechuga De Pollo,92,17,3.2,1.2,,,unknown,[]
Arepa de maíz oblea,Arepa De Maíz Oblea,123,3.5,26,1.3,3.6,,unknown,[]
la lechera,,,,,,,,unknown,[]
Jugo de Arándanos,Jugo de Arándanos,57,0.7,14,0,2.4,,unknown,[]
Aceitunas Kalamon Deshuesadas,Aceitunas Kalamon Deshuesadas,261,1.5,1.4,27,3,,unknown,[]
cafe,,,,,,,,unknown,[]
pan tajado,,,,,,,,unknown,[]
Tofu,,173,11,9.5,11,2.9,,unknown,[]
Jamon Serrano,,260,28,0,16,,,unknown,[]
Frunas,,387.5,,87.5,4.37499992549419,,4,unknown,"['en:sugary-snacks', 'en:sweets']"
Egg-rolls Vegetales,,193.076923076923,6.30769230769231,30.7692307692308,6.23076923076923,5.61538461538461,,unknown,[]
AREPAS DE MAÍZ CRUNCH,,150,2.66666666666667,36.6666666666667,0.333333333333333,4.66666666666667,4,unknown,[]
Galletas avena,,125,2,17,5,2,,unknown,[]
Salchichón De Vegetales,Salchichón De Vegetales,150,18,3.5,7,,,unknown,[]
Galleta,,433.333333333333,5.18518518518518,70.3703703703704,21.1111111111111,1.48148148148148,,unknown,[]
Two-bite pumpkin tarts,,420,6,51,21,2,,unknown,[]
Kéfir Manzana Kiwi,,33.6363636363636,5,3.40909090909091,0,,,unknown,[]
Atún desmenuzado en agua,,103,24.2,,,24.2,,unknown,[]
Avena,,55,3.6,9.9,0.2,0.6,,unknown,[]
Stevia Y Arandanosa,,488,7.6,32,38,12,,unknown,[]
Maní con pasas,,530,20,32,38,8.4,,unknown,[]
Artesano Pan Para Hamburguesa,Artesano Pan Para Hamburguesa,247.777777777778,10,50,1.88888888888889,4.66666666666667,,unknown,[]
Rice paper papel arroz,,0,,84,,,,unknown,[]
harina de almendras,,,,,,,,unknown,[]
Toto roskas,,70,1,11,2,1,,unknown,[]
Mozzarella Bocconcini,,278,17,0.8,23,0,,unknown,[]
Whey Pure,,350,70,11,2.6,0.11,,unknown,[]
coffee crem,,,,,,,,unknown,[]
Onion hummus,,233.333333333333,6.66666666666667,16.6666666666667,15,3.33333333333333,,unknown,[]
Chicken sausage,,173.214285714286,11.6071428571429,2.67857142857143,12.8571428571429,,,unknown,[]
Mayonesa Comapan,Mayonesa Comapan,562,1.3,7,59,0,,unknown,[]
Granola Tradicional,Granola Tradicional,375,9.4,78,2.8,7.2,,unknown,[]
Griego,Griego,79.1666666666667,7.5,5,3.3,,,unknown,[]
Snack Sopó,,552.173913043478,43.4782608695652,1.73913043478261,40.8695652173913,,,unknown,[]
Queso con bocadillo,,210,13,11,12,0.5,,unknown,[]
,,,,,,,,unknown,[]
,,,,,,,,unknown,[]
4life transferir factor,4life transferir factor,,,,,,,unknown,[]
,,,,,,,,unknown,[]
Wholesome medley,,210,5,21,13,3,,unknown,[]
,,,,,,,,unknown,[]
Jamón De Vegetales,Jamón De Vegetales,129.032258064516,20.9677419354839,4.19354838709677,3.87096774193548,,,unknown,[]
Galletas wafer noel,,507,5.9,78,19,1.1,,unknown,[]
Cafe sello rojo go,,51.0526315789474,1.89473684210526,12.1052631578947,,2.10526315789474,,unknown,[]
Palitos de Queso,Palitos de Queso,432.5,10.5,37.5,27.5,3.75,,unknown,[]
Açaí,,78,4,4,6,4,,unknown,[]
Vegan Shredded Squid,,391,42,34.1,9.3,6.94,,unknown,[]
Batido frutos rojos,,27.8260869565217,0.434782608695652,6.52173913043478,,,,unknown,[]
Mani de limon,,441,13,45,23,4.2,,unknown,[]
Cod fillet,,75.5555555555556,17.5555557674832,,0.555555555555556,,,unknown,[]
Profeel,,93,11,6.5,2.5,,,unknown,[]
Bon Yurt Black,,143.93063583815,3.41040462427746,23.121387283237,4.27745664739884,,,unknown,[]
Nuggets,,225.5,17.5,6,14.5,,,unknown,[]
Yogurt Griego Con Colágeno Hidrolizado,Yogurt Griego Con Colágeno Hidrolizado,66,13.3333333333333,3.13333333333333,0,,,unknown,[]
Brownie Bites,,463.333333333333,6.66666666666667,65,18.3333333333333,0,,unknown,[]
Yogurt griego coco,,110,7.33333333333333,13.3333333333333,3.2,1.53333333333333,,unknown,[]
two-bite brownies,,428.571428571429,3.57142857142857,53.5714285714286,25,3.57142857142857,,unknown,[]
batido,,,,,,,,unknown,[]
frutos rojos,,,,,,,,unknown,[]
ISO/WHEY,,417.857142857143,82.1428571428571,10.7142857142857,5,,,unknown,[]
batido,,,,,,,,unknown,[]
Salchicha de pollo,Salchicha De Pollo,158,14,4.8,9,,,unknown,[]
Gelatina Finesse Fresa Mora Y Jamaica,Gelatina Finesse Fresa Mora Y Jamaica,13.8888888888889,1.48148148148148,2.12962962962963,0,0,,unknown,[]
Hummus Dill Pickle,,233.333333333333,6.66666666666667,10,15,6.66666666666667,,unknown,[]
Doce de leite,,335,6.49999976158142,60,7.5,,,unknown,[]
Spring Rolls Vegetales,,140,2,24,3,4,,unknown,[]
Penne,,337.5,11.625,71.25,1.5,3.75,,unknown,[]
Arepa de maiz rellena de queso,,312,8.555555,42.2222225,13.3333344444444,,,unknown,[]
Whey Elite,,161.764705882353,38.2352941176471,1.17647058823529,0,1.17647058823529,,unknown,[]
pumpkin spice bites,,474.576271186441,3.38983050847458,52.5423728813559,27.1186440677966,1.69491525423729,4,unknown,[]
Lion's mane,,283,20.1,23.9,2.8,41.4,,unknown,[]
Tortilla tradicional,Tortilla tradicional as de oro,280,10,53.3333333333333,3.66666666666667,3.66666666666667,,unknown,[]
Mini Soya Mozzarella,,238.181818181818,9.09090909090909,21.8181818181818,12.7272727272727,5.45454545454545,,unknown,[]
Hojuelas Azucaradas,Hojuelas Azucaradas,360,5.33333333333333,86.6666666666667,0,4.33333333333333,,unknown,[]
Choco Galleta Chocoramo,,456.666666666667,5.66666666666667,53.3333333333333,24.6666666666667,1.66666666666667,,unknown,[]
Bocadillo de guayaba,Bocadillo de guayaba,318,0.8,81,0,4.5,3,d,"['en:fruits-and-vegetables', 'en:fruits']"
Torta De Nueces Sabor Brownie,Torta De Nueces Sabor Brownie,340,25,38,12,12,,unknown,[]
Mozarella Light,,220,21.5,13.75,8.75,0,,unknown,[]
Chicharron americano,,82,9.3,0.1,4.9,,,unknown,[]
Coca-Cola Oreo,Coca-Cola Oreo,475,4.16666666666667,72.2222222222222,18.8888888888889,1.94444444444444,,unknown,[]
tónico capilar,,,,,,,,unknown,[]
Aceite De Oliva En Spray,,819,0,0,91,0,,unknown,[]
Lonchita de queso,Lonchita de queso,263.157894736842,15.7894736842105,10.5263157894737,18.4210526315789,,,unknown,[]
Mentas,,395,,92,3,,,unknown,[]
Jugo naranja,,6.8,,1.7,,,,unknown,[]
Arepas Con Yuca Y Queso,Arepas Con Yuca Y Queso,268.571428571429,9,34.2857142857143,11,1.71428571428571,,unknown,[]
Crema De Almendras,,585,20,25,45,,4,unknown,[]
Mini Carimañolas,Mini Carimañolas,76.6666666666667,4.07407407407407,8.14814814814815,2.59259259259259,0.962962962962963,,unknown,[]
,,,,,,,,,
Pan De Antaño,Pan De Antaño,277.777777777778,10.2777777777778,52.7777777777778,1.66666666666667,3.88888888888889,,unknown,[]
Yogurt Griego Con Cereal,Yogurt Griego Con Cereal,106.918238993711,6.91823899371069,13.8364779874214,2.57861635220126,,,unknown,[]
Queso Campesino,,210,16,0.333333333333333,16,,,unknown,[]
Mass Evolution,,569,41,99,1,7.3,,unknown,[]
Jamón Ideal rica,,105.263157894737,11.5789473684211,9.21052631578947,2.63157894736842,,,unknown,[]
Arepa,,131,3,30,0,3,,unknown,[]
alcachofa  boldo,,,,,,,,unknown,[]
Queso tajado,,269,23,4.6,11,,,unknown,[]
frambuesa chic,,,,,,,,unknown,[]
Savital,,,,,,,,unknown,[]
Gran OLA Cocoa Fudge,,516,14,42,37,21,,unknown,[]
crema de caléndula,,,,,,,,unknown,[]
Natilla Arequioe,,78.75,3.625,16.25,0,0,,unknown,[]
quesillo doble crema,,,,,,,,unknown,[]
Premezcla Pandeyuca,Premezcla Pandeyuca,258,2,51,5.8,3,,unknown,[]
Cristal aloe,,21,,7.1,,5.6,,unknown,[]
Nutrit complex,,,,,,,,unknown,[]
Hummus au boursin,,266.666666666667,6.66666666666667,13.3333333333333,20,3.33333333333333,,d,"['en:fats-and-sauces', 'en:dressings-and-sauces']"
Crema de Maní con chocolate y vitamina c,,,,,,,,unknown,[]
Agua saborizada,,35,,8.5,,,,unknown,[]
Glutenfri fusilli,,189,3,43,0.5,,,unknown,[]
Chocolate Venezolano Sur Del Lago 60%,Chocolate Venezolano Sur Del Lago 60%,600,10,46.6666666666667,40,13.3333333333333,,unknown,[]
Benet multivitaminas mujer,,,,,,,,unknown,[]
Omega 3,,,,,,,,unknown,[]
Nachos,,440,6.66666666666667,70,16.6666666666667,8,,unknown,[]
Atún Lomitos En Agua,Atún Lomitos En Agua,113.333333333333,25,0,1.33333333333333,,,unknown,[]
"Mezcla De Pulpa De Fruta, Mango, Piña, Maracuyá","Mezcla De Pulpa De Fruta, Mango, Piña, Maracuyá",56,0.48,13.6,0.24,1.12,,unknown,[]
"Refresco De Fruta, Piña Hierbabuena","Refresco De Fruta, Piña Hierbabuena",36,0.3,8.5,0,8.5,,unknown,[]
Queso Fresco Semigraso Semiduro,,233.333333333333,24.6666666666667,1.66666666666667,14.3333333333333,,,unknown,[]
Papas De Nuggets De Pollo Con Miel,Papas De Nuggets De Pollo Con Miel,528,6,56,32,2.8,,unknown,[]
Salchichas Perro Vegetales,,146,20,4.2,4.8,,,unknown,[]
Diversa,,6.4,,1.7,,0.2,,unknown,[]
tratamiento capilar,,,,,,,,unknown,[]
Caramelos de miel,,59,,11,1,,,unknown,[]
Biscoito 3 queijos,,32.5,1.15,3.5,1.575,0.2,,unknown,[]
Mayonesa Con Cilantro,Mayonesa Con Cilantro,403,1,12,39,0,,unknown,[]
Crema Libre,Crema Libre,213.333333333333,2.33333333333333,4.66666666666667,20,,,unknown,[]
Galleta De Nueces Y Proteína - Vainilla Chocolaye,Galleta De Nueces Y Proteína - Vainilla Chocolaye,350,26.25,32.5,12,10,,unknown,[]
Waffles,,253,7.7,38,7.6,1.2,,unknown,[]
Mozzarella Lite,,220,26,1.6,11.6,,,unknown,[]
Helado  sabor chocolate  y cubierta de chocolate blanco,,316,2.9,31,20,,,unknown,[]
Chicharrón Con Limón,Chicharrón Con Limón,573,54,1.6,39,,,unknown,[]
Queso Holandés,,374,26,0,30,,,unknown,[]
Bebida Láctea Proteína Banano,,62.8,6.4,6,1.48,0,,b,"['en:milk-and-dairy-products', 'en:milk-and-yogurt']"
crecepel,,,,,,,,unknown,[]
Buenazo,Buenazo,466.666666666667,5.83333333333333,56.6666666666667,26.6666666666667,,,unknown,[]
Pure Hydrolized Protein Powder,,371.428571428571,71.4285714285714,15.7142857142857,2.28571428571429,8,,unknown,[]
Galleta Con Helado Arequipe,Galleta Con Helado Arequipe,272.307692307692,5.84615384615385,46.1538461538462,7.23076923076923,0,,unknown,[]
Salchichas De Pechuga De Pollo,Salchichas De Pechuga De Pollo,187.5,17.7083333333333,3.125,11.4583333333333,,,unknown,[]
Ácido hialuronico y keratina,,,,,,,,unknown,[]
Gomitas grissly,,50,,13,,,,unknown,[]
Tomate Secos En Aceite De Hierbas,Tomates Secos En Aceite Con Hierbas,180,4.5,21.25,10.25,7.25,,unknown,[]
Mozarella Cheese,,270,29,0,17,0,,unknown,[]
Frozen French Fries,,136,2.5,24,3.3,2.7,,unknown,[]
Trolli fantasía mix,,316.666666666667,,77.7777777777778,,,,unknown,[]
Tortilla Integrales,Tortilla Integrales,276.666666666667,9,43.3333333333333,11.6666666666667,15.3333333333333,,unknown,[]
Bebida De Proteina Fresa,Bebida De Proteina Fresa,58.4,6,1.08,3.24,0.24,,unknown,[]
Yogueta Fresa,Yogueta Fresa,386.666666666667,0,93.3333333333333,1.33333333333333,0,4,e,"['en:sugary-snacks', 'en:sweets']"
Oh Honey,Oh Honey,323.809523809524,0,76.1904761904762,0,0,,unknown,[]
Crunchy Peanut Butter,Crunchy Peanut Butter,,,,,,,unknown,[]
Queso Ricotta,,153.333333333333,13,0,11,0,,unknown,[]
Wafers  multicereal cacao,,130,2,22,5.7,0.6,,unknown,[]
Galleta De Helado Muuu,Galleta De Helado Muuu,250,3.8,40,8.6,1.2,,unknown,[]
Proteína Aislada De Arverja Vainilla,,387.096774193548,78.3870967741936,0,8.12903225806452,0,,unknown,[]
cuaderno,,,,,,,,unknown,[]
parlante,,,,,,,,unknown,[]
Tocineta,,,,,,,,unknown,[]
Yogur griego,,64,13,3.1,,,,unknown,[]
Tornillos Con Verduras,Tornillos Con Verduras,339,13,73,0.8,6,,unknown,[]
Chocolate Brownie Bar,,555.555555555556,7.77777777777778,52.7777777777778,35,1.11111111111111,,unknown,[]
Wrap De Pollo Club,,183.888888888889,6.66666666666667,18.8888888888889,10,,,unknown,[]
Pan tajado,,226.923076923077,11,51,3.19230769230769,25,,unknown,[]
Granos de Maíz Dulce Congelado,,73,3.4,15,1,4.7,,unknown,[]
ibuprofeno,,,,,,,,unknown,[]
pan blandito 10und,,,,,,,,unknown,[]
Mont blanc,,526,11,44,34,,,unknown,[]
Air Fryer Crispers,,150,2,25,4,3,,unknown,[]
Butter masala,,80,1,5,6,,,unknown,[]
Whey Pure Banano,,366.666666666667,86.6666666666667,4.33333333333333,0.333333333333333,0.633333333333333,,unknown,[]
Bianchi,,433,2.3,79,12,,,unknown,[]
Cheese Sticks,,452,6.4,76,14,,,unknown,[]
Physalisse,,25,2,,,,,unknown,[]
Pan De Sagú Tipo Perro,Pan De Sagú Tipo Perro,255,9.8,40,6.8,2.6,,unknown,[]
Ensalada De Pollo Desmenuzada,Ensalada De Pollo Desmenuzada,208,25,8,10,7,,unknown,[]
Caramelized onion,,166.666666666667,3.33333333333333,10,13.3333333333333,0,,unknown,[]
Maní con pasas,,576.666666666667,24,27,43.3333333333333,7,,unknown,[]
pañitod,,,,,,,,unknown,[]
Maní Crocante Chile Limón,Maní Crocante Chile Limón,466.666666666667,16.6666666666667,,23.3333333333333,6.66666666666667,4,c,"['en:salty-snacks', 'en:nuts']"
Spaghetti,,364,11,80,,2.1,,unknown,[]
Pan perro,,308,11,49,7.8,0.9,,unknown,[]
Crema de pollo con champiñon maggi,,29,1.4,4.5,0.6,,,unknown,[]
Yogurt Bebible - Frutos Rojos,Yogurt Bebible - Frutos Rojos,42,6.4,4.2,0,,,unknown,[]
Mogolla integral,,321,9.7,59,6.5,6.1,,unknown,[]
Tamal Con pollo,,203,11,33,3.3,1.3,,unknown,[]
Proteína Active Sabor Vainilla,,35,6.9,0.2,0.5,0.1,,unknown,[]
Cheetos Trissitos,Cheetos Trissitos,501,5.3,66,25,2.9,,unknown,[]
Yogurt And Banana Bread,,105,4.2,19,2.3,1.4,,unknown,[]
Edamame in pod,,113,13,11,2.5,10,,unknown,[]
Tilsit Ahumado,,468,27,0,40,0,,unknown,[]
acondicionador,,,,,,,,unknown,[]
Chile Con Carne,,104,6,14,2.9,1.2,,unknown,[]
Whey Protein,,370,22.5,68,1,3,,unknown,[]
Tortilla Integral De Trigo,Tortilla Integral De Trigo,288,10,48,8.4,8.8,,unknown,[]
Chorizo Vela,,356,20,8.2,26,0,,unknown,[]
Great Day,Great Day,360,0,88,0,18,,unknown,[]
,,,,,,,,unknown,[]
Achiras Pa Mi Gente,Achiras Pa Mi Gente,506,11,55,27,0.5,,unknown,[]
Pumpkin cream cheese hand pie,,200,2.08333333333333,20.8333333333333,12.0833333333333,0.833333333333333,,unknown,[]
pan tajado,,,,,,,,unknown,[]
Mogolla Integral,,321.875,9.6875,59.375,6.5625,6.25,,unknown,[]
Galletas,Galletas,376,8.5,68,8,,,unknown,[]
Chocolate Protein,,404,68,18,10,15.2,4,unknown,[]
Carne De Res Molida,Carne De Res Molida,98,21,0,1.5,,,unknown,[]
Pan tajado,,227,11,51,3.2,25,,unknown,[]
Quinta Cereal Chocolate,,280,7,60,1.66666666666667,2.33333333333333,,unknown,[]
Pechuga De Pollo,Pechuga De Pollo,100,23.75,0,0.5,,,unknown,[]
equilibrio,,,,,,,,unknown,[]
Crema De Avellanas,,605,16,29.5,50,13,,unknown,[]
Chocorramo,,450,5,55,22.5,5,,unknown,[]
Rapipapa Delgada,,138.75,2.5,22.5,4.125,2.75,,unknown,[]
chapstick,,,,,,,,unknown,[]
Arvejas,,76.4705882352941,5.17647058823529,14.1176470588235,0.352941176470588,4.47058823529412,,unknown,[]
Tomatencremesuppe mit mozzarella,,49,1.5,7.1,1.6,0.7,,unknown,[]
Sint choco bomb,,529,6,58,30,1.7,,unknown,[]
Mortadela jamonada,,,,,,,,unknown,[]
Natilla de coco,,,,,,,,unknown,[]
Cervecero snack,,,,,,,,unknown,[]
Cookies And Cream,,332.857142857143,4.14285714285714,37.1428571428571,18.5714285714286,,,unknown,[]
Powerfull Tropical protein,,333.333333333333,58.8888888888889,11.1111111111111,6.66666666666667,4.44444444444444,,unknown,[]
Queso Pera,,290,23,0,22,0,,unknown,[]
Creatine ultra pure 100%,,0,0,0,0,,,unknown,[]
crema de almendras,,,,,,,,unknown,[]
Atún en aceite de soya,Atún en aceite de soya,142,25,0,4.7,,,unknown,[]
Queso Mozarella,,282,21,0,22,0,,unknown,[]
Pan De Quinoa,Pan De Quinoa,320,4.29,48.6,12.6,2,,unknown,[]
Mermelada Guayaba,Mermelada Guayaba,280,1,70,0,1,,unknown,[]
Barra De Cereal Y Proteina,Barra De Cereal Y Proteina,304,19,58,5.8,27,,unknown,[]
Whey Elite,,400,83.3333333333333,3.33333333333333,3.33333333333333,3.33333333333333,,unknown,[]
talcos,,,,,,,,unknown,[]
Salchicha Pollo Y Cerdo,Salchicha Pollo Y Cerdo,256,12.6,10.4,18.4,0.6,,unknown,[]
Arepa,Arepa,162.222222222222,4.11111111111111,35.5555555555556,0.555555555555556,0.888888888888889,,unknown,[]
Alfajor Con Proteína,Alfajor Con Proteína,390,16.6666666666667,56.6666666666667,13.3333333333333,8.66666666666667,,unknown,[]
pan de arroz artesanal,,,,,,,,unknown,[]
Rosquillas Integrales,Rosquillas Integrales,383.333333333333,15.5555555555556,69.4444444444444,5.55555555555556,3.88888888888889,,unknown,[]
Regeneris,Regeneris,79,2.3,15,1.1,2.4,,unknown,[]
Soymilk,,36,3.3,1.7,1.9,0.8,,unknown,[]
Chocolate Blanco De Maracuya Con Almendra,Chocolate Blanco De Maracuya Con Almendra,433.333333333333,3.33333333333333,33.3333333333333,33.3333333333333,6.66666666666667,,unknown,[]
tonico,,,,,,,,unknown,[]
Leche Sabor Original,,49,3.3,4.7,1.9,0,,unknown,[]
Linaza Molida,,451,20,36,33,35,,unknown,[]
Premium Dark Chocolate,,540,7.6,48,40,13.2,,unknown,[]
Bipro Mass,,377.777777777778,41.6666666666667,41.6666666666667,4.86111111111111,2.77777777777778,,unknown,[]
Arepa Montañerita,,176,3.3,40,1,3.2,,unknown,[]
Energy,,4,0,0.7,0,,,unknown,[]
Rosquillas Integrales,Rosquillas Integrales,390,16.5,70,6,6.25,,unknown,[]
Atun En Aceite,Atun En Aceite,151.923076923077,32.6923076923077,0,2.30769230769231,0,,unknown,[]
Lomo Ahumado,Lomo Ahumado,112,23,0.1,2.3,,,unknown,[]
Salchicha parrilla,,222,14,5.5,16,,,unknown,[]
Chocolate Peanut Butter Layered Bar,,387.096774193548,32.258064516129,40.3225806451613,16.1290322580645,20.9677419354839,,unknown,[]
Doritos Pizza,,506.666666666667,7,63.3333333333333,26,5.33333333333333,,unknown,[]
Vive100 ultra,,20,,5,,,,unknown,[]
Cañón tropical ahumado,Cañón tropical ahumado,128,16,4.1,5.3,,,unknown,[]
Sandwich Carnes Maduradas,Sandwich Carnes Maduradas,237,7.9,31,9.6,1.2,,unknown,[]
Pollo Salchichon,,201,12,5.7,15,1.1,,unknown,[]
Yogurt griego bebible (lulo),,42.2727272727273,6.36363636363636,4.18181818181818,,,,unknown,[]
Yogurt Griego,Yogurt Griego,74,7.33333333333333,5,2.73333333333333,2.93333333333333,,unknown,[]
Mermelada de Arándanos,,205,0,50,0,1.5,,unknown,[]
Arrpa tela de maiz,Arrpa tela de maiz,112.6,3.3,21.7,1.4,2.7,,unknown,[]
Confir de tomates rôties,,48.5,0.6,4.9,2.6,,,unknown,[]
Turkey Breast,,120,16,6,3.6,,,unknown,[]
Chorizo Santarrosano,Chorizo Santarrosano,164,21,0,8.7,0,,unknown,[]
Galletas Saladas,Galletas Saladas,454.248366013072,8.8235294117647,65.359477124183,17.6470588235294,0.980392156862745,,unknown,[]
Oatmeal,Avena En Hojuelas,375,17.0833333333333,66.6666666666667,7.08333333333333,10.4166666666667,,unknown,[]
Cacao 100%,,620,14,30,51,7.6,,unknown,[]
Granola Ligera,Granola Ligera,452,11,70,14,9.9,,unknown,[]
Granola Cacao Con Stevia,,418,25,42,17,13,,unknown,[]
Hidratante Mandarina,,25.5,0,6,0,,,unknown,[]
Mini Croissant,Mini Croissant,400,8.8,50,19,3.2,,unknown,[]
Arrpa tela de maiz,Arrpa tela de maiz,112.6,3.3,21.7,1.4,2.7,,unknown,[]
Salsa BBQ artesanal,Salsa BBQ artesanal,104,1,25,0,0.8,,unknown,[]
Protein Shake,,353.333333333333,76.6666666666667,6,1.66666666666667,0,,unknown,[]
Arepa De Maíz con Sal,Arepa De Maíz con Sal,160,3.875,35,0.875,2,,unknown,[]
Arepa De Choclo,,179,3.9,43,0.5,6.6,,unknown,[]
Yogurt Griego Frutos Rojos,Yogurt Griego Frutos Rojos,206,7.6,20,11,,,unknown,[]
Chocolate Tesalia,,56.5,3.75,6,2,,,unknown,[]
Klim Clásica,,483.333333333333,25,37.5,25.8333333333333,,,unknown,[]
Soca mango,,11,,2.8,,,,unknown,[]
Gomas Con Colageno,,366.666666666667,9.33333333333333,86.6666666666667,0,,,unknown,[]
Leche Deslactosada,,46,3,4.55,1.8,,,unknown,[]
Erdnüsse,,601.3,23.2,12.6,50.9,7.9,,unknown,[]
Especial tajin,,527,17,36,36,7.2,,unknown,[]
Helado oreo,Helado oreo,254,3.5,29,14,0.9,,unknown,[]
Queso Para Asar,,323.333333333333,23.3333333333333,0,24,,,unknown,[]
Veggie Nuggets,,246,17,26,9,5,,unknown,[]
agua de rosas,,,,,,,,unknown,[]
Don Maíz Antioqueña Extra Delgada,Don Maíz Antioqueña Extra Delgada,176,3.3,40,1,3.2,,unknown,[]
Té helado durazno,,14,,3.4,,,,unknown,[]
Arepa Semillas De Chía,Arepa Semillas De Chía,185,7.625,33.75,3.25,5.25,,unknown,[]
Barszcz biały instant,,54,1.5,9.2,1.1,0.5,,unknown,[]
Arepa Doña Paisa,,164.444444444444,3.33333333333333,38.8888888888889,0.666666666666667,4.88888888888889,,unknown,[]
Trozos De Atún En agua,Trozos De Atún En agua,109.615384615385,26.9230769230769,0,0.192307692307692,,,unknown,[]
Maíz Limón,Maíz Limón,447,8.5,68,18,11,,unknown,[]
Grana Padano Cheese,,383.333333333333,33.3333333333333,2,26.6666666666667,,,unknown,[]
Mozzarella Di Buffala Bocconcini,,276.666666666667,17,0.666666666666667,23,,,unknown,[]
vino,,,,,,,,unknown,[]
California walnuts,,220,5,4,20,2,,unknown,[]
Tostados queso,,496,7.3,65,23,5,,unknown,[]
Pan brioche,,253.968253968254,10.1587301587302,55.5555555555556,0.158730158730159,4.6031746031746,,unknown,[]
SUERO X,,,,,,,,unknown,[]
Avena en Caja,,,,,,,,unknown,[]
agua termal,,,,,,,,unknown,[]
100% Whey Elite Vanilla,,400,83.3333333333333,10,3.33333333333333,3.33333333333333,,unknown,[]
gotas de brillo-shampu,,,,,,,,unknown,[]
Vitamina B5,,20,0,5,0,,,unknown,[]
Tamal Tolimense,,127,6.9,9.3,7.1,0.8,,unknown,[]
McCain Papas Crunchy,,136,1.7,24,3.9,1.9,,unknown,[]
,,,,,,,,,
Lentejas Con Papa Y Zanahoria,Lentejas Con Papa Y Zanahoria,80,5.5,16,0.2,5,,unknown,[]
,,,,,,,,,
Tofú sabor queso,,177.5,10.75,10,11,2.75,,unknown,[]
Colágeno y biotina,,,,,,,,unknown,[]
acondicionador,,,,,,,,unknown,[]
Nuggets de pollo apamados,,218,13,20,10,2.3,,unknown,[]
tricovit,,,,,,,,unknown,[]
contorno,,,,,,,,unknown,[]
protector solar,,,,,,,,unknown,[]
firming neck gel,,,,,,,,unknown,[]
rose mask,,,,,,,,unknown,[]
tonico,,,,,,,,unknown,[]
vaselina,,,,,,,,unknown,[]
,,,,,,,,unknown,[]
Leche Achocolatada,,,,,,,,unknown,[]
Aquagel hidratante,,,,,,,,unknown,[]
Dayamineral,,,,,,,,unknown,[]
moisturizingre juvenating,,,,,,,,unknown,[]
agua de rosas,,,,,,,,unknown,[]
treatment natural,,,,,,,,unknown,[]
aceite,,,,,,,,unknown,[]
buffalo,,,,,,,,unknown,[]
alcohol,,,,,,,,unknown,[]
jabón coco,,,,,,,,unknown,[]
protector solar,,,,,,,,unknown,[]
crema de ácido salicílico,,,,,,,,unknown,[]
seremos combination set,,,,,,,,unknown,[]
protector solar,,,,,,,,unknown,[]
aceite natural de coco y mono de tahiti reparador tratamiento capilar,,,,,,,,unknown,[]
MASTRO FOR MEN,,,,,,,,unknown,[]
cetaphol,,,,,,,,unknown,[]
Pork Rinds,arepa queso,553.333333333333,45.3333333333333,18,33.3333333333333,,,unknown,[]
atomy,,,,,,,,unknown,[]
ole,,,,,,,,unknown,[]
fluidbase,,,,,,,,unknown,[]
Cuaderno Argollado,,,,,,,,unknown,[]
kin b5,,,,,,,,unknown,[]
barber fresh,,,,,,,,unknown,[]
Tratamiento Capilar,,,,,,,,unknown,[]
,,,,,,,,unknown,[]
stay on,,,,,,,,unknown,[]
White gel,,,,,,,,unknown,[]
Aceite costemetico de coco,,,,,,,,unknown,[]
ruta andina,,,,,,,,unknown,[]
AHA/BHA Claryfing Treatment Toner,,,,,,,,unknown,[]
color,color,,,,,,4,unknown,[]
café,café,,,,,,,unknown,[]
,,,,,,,,unknown,[]
Sunscreen cream,,,,,,,,unknown,[]
maní con uvas,,,,,,,,unknown,[]
agua,,,,,,,,unknown,[]
vinagre de manzana,,,,,,,,unknown,[]
vinagre de manzana,,,,,,,,unknown,[]
sea fennel hyaluronic acid,,,,,,,,unknown,[]
serum,,,,,,,,unknown,[]
protector,,,,,,,,unknown,[]
Cábano Con Jalapeño,Cábano Con Jalapeño,228,14.4,6,16.4,,,unknown,[]
ACONDICIONADOR,,,,,,,,unknown,[]
corrector,,,,,,,,unknown,[]
ducales,,,,,,,,unknown,[]
Mega ball,,550,7.85714285714286,55.7142857142857,33.5714285714286,2.85714285714286,,unknown,[]
tónico,,,,,,,,unknown,[]
rice raw pulp,,,,,,,,unknown,[]
acido retinoico loción,,,,,,,,unknown,[]
crema para peinar,,,,,,,,unknown,[]
atún ahumado alamar,,,,,,,,unknown,[]
Makeup setting spray,,,,,,,,unknown,[]
Salmón Ahumado,,141.818181818182,21,1.8,5.6,,,unknown,[]
zoplicona,,,,,,,,unknown,[]
NUDE protect,,,,,,,,unknown,[]
Bi-Pro CLASSIC Vainilla,,376.923076923077,76.9230769230769,3.84615384615385,2.69230769230769,0.384615384615385,,unknown,[]
Tostadas De Platano,,2500,12.5,375,105,0,,unknown,[]
mascarilla capilar fortalecedora con cebolla sin aroma a cebolla,,,,,,,,unknown,[]
copitos,,,,,,,,unknown,[]
aceite cosmético almendras,,,,,,,,unknown,[]
vitamina C,,,,,,,,unknown,[]
iluminador en duo,,,,,,,,unknown,[]
rose,,,,,,,,unknown,[]
Mayochipotle,Mayochipotle,223,0.7,7.8,21,0,4,c,"['en:fats-and-sauces', 'en:dressings-and-sauces']"
Protein Brownie,,340,25,38,12,12,,unknown,[]
protectores diarios,,,,,,,,unknown,[]
blushes,,,,,,,,unknown,[]
Rose hyaluronic acid,,,,,,,,unknown,[]
rodajitas faciales,,,,,,,,unknown,[]
Mermelada Frutos Rojos,Mermelada Frutos Rojos,268,0,65,0.9,0,,unknown,[]
Quatro,,20,,4.9,,,,unknown,[]
acondicionador oliva,,,,,,,,unknown,[]
salchicha manguera,,,,,,,,unknown,[]
ISO P3RF3CT,,352.941176470588,85.2941176470588,2.94117647058824,0,8.82352941176471,,unknown,[]
tas tas,,,,,,,,unknown,[]
repair serum,,,,,,,,unknown,[]
,,,,,,,,,
Salsa De Tomate,,113.333333333333,2,26.6666666666667,0,1.33333333333333,,unknown,[]
limonada de coco,,,,,,,,unknown,[]
Quaker galleta con avena (manzana y canela),,464.285714285714,10.7142857142857,67.8571428571428,17.8571428571429,7.14285714285714,,unknown,[]
proteina vegana,,,,,,,,unknown,[]
Purina,,,,,,,,unknown,[]
polypeptide perilla,,,,,,,,unknown,[]
base líquida,,,,,,,,unknown,[]
Lemmon Pepper Peanuts,,631,26,17,51,8.7,,unknown,[]
radiante cielo,,,,,,,,unknown,[]
Crema para peinar,,,,,,,,unknown,[]
salsa soya,,,,,,,,unknown,[]
lentejas,,,,,,,,unknown,[]
colgate,,,,,,,,unknown,[]
cetirizina,,,,,,,,unknown,[]
Choco cono,,270.526315789474,4.21052631578947,28.4210526315789,15.7894736842105,0.421052631578947,,unknown,[]
polvo compacto,,,,,,,,unknown,[]
Leche en polvo entera,,63,3.2,5,3.4,,,unknown,[]
Gel Antibacterial,,,,,,,,not-applicable,[]
Termo protector,,,,,,,,unknown,[]
skincar de bioaqua,,,,,,,,unknown,[]
clarant B3 Crema anti-manchas,,,,,,,,unknown,[]
agua micelar,,,,,,,,unknown,[]
lidalcyd,,,,,,,,unknown,[]
cacao,,,,,,,,unknown,[]
ultra sheer,,,,,,,,unknown,[]
proteína de arroz y lino,,,,,,,,unknown,[]
green world,,,,,,,,unknown,[]
splash antivacterial,,,,,,,,unknown,[]
Konjac Liangpi Noodles With Sesame Sauce,,130.909090909091,1.81818181818182,10.5454545454545,9.09090909090909,,,unknown,[]
Camarom Precocido Y Desvenado,Camarom Precocido Y Desvenado,81,18,3.2,0.3,3.1,,unknown,[]
Jamón Asado Al Horno D1,Jamón Asado Al Horno D1,95,18,1.8,1.8,,,unknown,[]
seremos para ojos,,,,,,,,unknown,[]
retinol,,,,,,,,unknown,[]
seslash,,,,,,,,unknown,[]
aceite,,828,0,0,92,0,,unknown,[]
crema de caléndula,,,,,,,,unknown,[]
Bolsas para desechos de Mascotas,,,,,,,,unknown,[]
Café instantáneo en polvo,,,,,,,,unknown,[]
papeles de grasa,,,,,,,,unknown,[]
lija,,,,,,,,unknown,[]
protector solar,,,,,,,,unknown,[]
polvo compacto,,,,,,,,unknown,[]
Eggy Pancakes,,390,24,61,6.66666666666667,1,,unknown,[]
Pan Arabe Servilleta,Pan Arabe Servilleta,300,10.375,62.5,1.375,2.125,,unknown,[]
retino age,,,,,,,,unknown,[]
base para uñas,,,,,,,,unknown,[]
polymer. power,,,,,,,,unknown,[]
Atomy subscreen,,,,,,,,unknown,[]
Ultra Clear 3-in-1,,,,,,,,unknown,[]
Chunky,,,,,,,,unknown,[]
ácido hialurónico,,,,,,,,unknown,[]
Ensalada con atún y verduras van camps,,162,15,7.7,7.9,,,unknown,[]
talco antibacterial,,,,,,,,not-applicable,[]
gotas mágicas capilar,,,,,,,,unknown,[]
vitamina c,,,,,,,,unknown,[]
Boa noite,,,,,,,,unknown,[]
aceite desmaquillante,,,,,,,,unknown,[]
cereza y mandarina,,,,,,,,unknown,[]
crema hidratante,,,,,,,,unknown,[]
praimer,,,,,,,,unknown,[]
MATTIFYING PRIMER,,,,,,,,unknown,[]
agua miselar,,,,,,,,unknown,[]
detox,,,,,,,,unknown,[]
Café instantaneo,,,,,,,,unknown,[]
Pantene,,,,,,,4,unknown,[]
Ginkgo biloba,,,,,,,,unknown,[]
tratamiento Vizio,,,,,,,,unknown,[]
retinol serum,,,,,,,,unknown,[]
protector solar,,,,,,,,unknown,[]
Milanesa de Pollo Apanada,Milanesa de Pollo Apanada,223.75,11.375,12.5,15,3.25,,unknown,[]
multiaclarador de lanchas,,,,,,,,unknown,[]
crema cetaphil,,,,,,,,unknown,[]
colageno hidrolizado,,,,,,,,unknown,[]
Jamón De Cerdo,Jamón De Cerdo,128.571428571429,15.2380952380952,10,2.85714285714286,0,,unknown,[]
sunscreen,,,,,,,,unknown,[]
acondicionador,,,,,,,,unknown,[]
tododia,,,,,,,,unknown,[]
lumina,,,,,,,,unknown,[]
dihidrocodeina,,,,,,,,unknown,[]
Aiguillettes végétales,,158,21,1.4,6.5,6,,unknown,[]
Unflavored Whey Isolate,,357.692307692308,80.7692307692308,3.84615384615385,2.30769230769231,0.384615384615385,,unknown,[]
despigmentante  clayax,,,,,,,,unknown,[]
despigmetante clayax,,,,,,,,unknown,[]
Arándanos Con Yogurt,Arándanos Con Yogurt,462,3.2,67,21,4.3,,unknown,[]
Queso Mozzarella,,263.333333333333,18.6666666666667,4.33333333333333,19,0,,unknown,[]
hyaluronic,,,,,,,,unknown,[]
Queso Mozzarella,,283.333333333333,21.3333333333333,0,21.6666666666667,0,,unknown,[]
bebida gasificada,,,,,,,,unknown,[]
Rexona Men,,,,,,,,unknown,[]
salicílic,,,,,,,,unknown,[]
mero macho,,,,,,,,unknown,[]
total atraction,,,,,,,,unknown,[]
body lotion,,,,,,,,unknown,[]
Galletas De Avena,Galletas De Avena,463,7.9,66,23,12,,unknown,[]
Lomos De Antón En Aceite De Oliva,,190.384615384615,25,1.34615384615385,9.42307692307692,0,,unknown,[]
leche de coco,,,,,,,,unknown,[]
Mayonesa,Mayonesa,233.333333333333,0.833333333333333,6.66666666666667,20,,,unknown,[]
Queso doble crema tajado,Queso doble crema tajado,282,21,0,22,0,,unknown,[]
freskitos,,,,,,,,unknown,[]
EMOLIENTE crema,,,,,,,,unknown,[]
Rose hyaluronic,,,,,,,,unknown,[]
Fríjoles Antioqueños,Fríjoles Antioqueños,53,5.1,11,0.2,6.5,,unknown,[]
hair styling,,,,,,,,unknown,[]
Belotti,,,,,,,,unknown,[]
Café Matiz Baileys,,,,,,,,unknown,[]
Café Matiz Baileys,,,,,,,,unknown,[]
suero despigmentante XL,,,,,,,,unknown,[]
"Mix de batata, yuca morada y arracacha","Mix de batata, yuca morada y arracacha",558,2.7,60,34,6.1,,unknown,[]
Lata De atún En Agua,Lata De atún En Agua,95,22,0,0.4004,,,unknown,[]
aceite de oliva,,,,,,,,unknown,[]
Barra Power,,380,22,49,13,6.9,,unknown,[]
proctor solar,,,,,,,,unknown,[]
Pan de arroz tostado,Pan de arroz tostado,386,12,79,3.4,3.9,,unknown,[]
baby lotion,,,,,,,,unknown,[]
Macarrones,Macarrones,343,12,73,1.4,5,,unknown,[]
barra mox,,,,,,,,unknown,[]
Granola Proteina,,372,16,65,7.5,10,,unknown,[]
Rubber base color,,,,,,,,unknown,[]
galletas Ducales,,,,,,,,unknown,[]
yogurt kid,,,,,,,,unknown,[]
Greek Yogurt,,77.3333333333333,8,4.53333333333333,2.93333333333333,0,,unknown,[]
aromatica,,,,,,,,unknown,[]
arroz,,,,,,,,unknown,[]
Crema de leche,,,,,,,,unknown,[]
Aire Sano ambientador desinfectante,,,,,,,,unknown,[]
naranja Postobón,,,,,,,,unknown,[]
pomos de algodon,,,,,,,,unknown,[]
colonia,,,,,,,,unknown,[]
Leche Semidescremada Deslactosada,,46,3.1,4.9,1.5,,,unknown,[]
Arepas Yuca Con Queso,Arepas Yuca Con Queso,274,9,35,11,1.7,,unknown,[]
Chorizo De Cerdo,Chorizo De Cerdo,323.809523809524,20.6349206349206,3.33333333333333,25.3968253968254,,,unknown,[]
triclimbac,,,,,,,,unknown,[]
Chocolate Chips,Chips Sabor A Chocolate Semiamargo,525,4.3,65,28,3.3,,unknown,[]
arequipe,,,,,,,,unknown,[]
z full,,,,,,,,unknown,[]
Mantequilla SIN SAL,Mantequilla Sin Sal,1877.5,0,1.42857142857143,82.8571428571429,0,,unknown,[]
sombras,,,,,,,,unknown,[]
sol,,,,,,,,unknown,[]
children,,,,,,,,unknown,[]
carrot vitamina c,,,,,,,,unknown,[]
acondiccionador con extrato de cebolla,,,,,,,,unknown,[]
arroz donora,,,,,,,,unknown,[]
Fruitsilk,,,,,,,,unknown,[]
Alcohol,,,,,,,,unknown,[]
pan de uva,,,,,,,,unknown,[]
panderitos,,,,,,,,unknown,[]
aceite de coco,,,,,,,,unknown,[]
tostadas,Tostadas Sabor Mantequilla,405.714285714286,13.1428571428571,74.2857142857143,7.14285714285714,4.57142857142857,,unknown,[]
bioaqua,,,,,,,,unknown,[]
refrescante bucal,,,,,,,,unknown,[]
aceite capilar argan,,,,,,,,unknown,[]
anticaida y crecimiento,,,,,,,,unknown,[]
Pepsi black,,,,,,,,unknown,[]
tabletas de alcachofa,,,,,,,,unknown,[]
essential,,,,,,,,unknown,[]
polvo compacto,,,,,,,,unknown,[]
Bourbon Barbecue Sauce,,95,1,22,0.6,1.3,,unknown,[]
Baby wipes,,,,,,,,unknown,[]
MIRRINGO,,,,,,,,unknown,[]
Leche Sabor Original,,48.5,3.35,4.65,1.85,0,,unknown,[]
FINO Light,FINO Light,900,0,0,100,0,2,b,"['en:fats-and-sauces', 'en:fats']"
liquid gold,,,,,,,,unknown,[]
fresubin,,,,,,,,unknown,[]
desodorante en aerosol,,,,,,,,unknown,[]
Salsa Picante Artesanal,Salsa Picante Artesanal,32,0.87,6,0.4,0.1,,unknown,[]
Yogurt Griego Arándanos,Yogurt Griego Arándanos,111.851851851852,6.66666666666667,11.1111111111111,4.59259259259259,,,unknown,[]
tratamiento,,,,,,,,unknown,[]
aceite,,,,,,,,unknown,[]
Acondicinador,,,,,,,,unknown,[]
cotton,,,,,,,,unknown,[]
aceite capilar COCO,,,,,,,,unknown,[]
Cereal De Avena Con Arándanos,Cereal De Avena Con Arándanos,390,6,86.6666666666667,3,4.66666666666667,,unknown,[]
Aceite de coco,,,,,,,,unknown,[]
Arepas de chocolo,Arepas de chocolo,173,3.2,42,0.6,6.4,,unknown,[]
Tortilla de harina de trigo Integral,Tortilla de harina de trigo Integral,277,6.9,50,6.3,3.5,,unknown,[]
"Milanaises de volaille ""100% filet"" x2",,209,11,21,8.5,2.1,3,c,[]
,,,,,,,,unknown,[]
muuu,,,,,,,,unknown,[]
Ponds,,,,,,,,unknown,[]
Mezcla Con Panela,Mezcla Con Panela,9.6,0,2.4,0,0,,unknown,[]
leche entera,,,,,,,,unknown,[]
compota de pera,,,,,,,,unknown,[]
tratamiento capilar,,,,,,,,unknown,[]
espuma limpiadora,,,,,,,,unknown,[]
ácido salicilico,,,,,,,,unknown,[]
vaselina para bebe,,,,,,,,unknown,[]
Nosotras,,,,,,,,unknown,[]
Maquillaje,,,,,,,,unknown,[]
polvo perros y gatos,,,,,,,,unknown,[]
crema,,,,,,,,unknown,[]
Bioderma,,,,,,,,unknown,[]
aceite de almendra,,,,,,,,unknown,[]
Plex Maxy,,,,,,,,unknown,[]
milagros,,,,,,,,unknown,[]
Hojuelas De Maíz Azucaradas,Hojuelas De Maíz Azucaradas,380,4,93.3333333333333,0,3.33333333333333,,unknown,[]
Serum con ácido salicilico,,,,,,,,unknown,[]
Arepa Con Soya,Arepa Con Soya,160,6,35,0.8,5.4,,unknown,[]
crema,,,,,,,,unknown,[]
crema,,,,,,,,unknown,[]
espectorante,,,,,,,,unknown,[]
Arepa Integral,,170,3,34.4444444444444,3,3.66666666666667,,unknown,[]
bioaqua vitamin c toner,,,,,,,,unknown,[]
Mantequilla De Mano,Mantequilla De Mano,628,25,20,52,5.5,,unknown,[]
leche,,,,,,,,unknown,[]
espagueti,,,,,,,,unknown,[]
Pan Tajado Multigranos,Pan Tajado Multigranos,352,10,62,7,3.6,,unknown,[]
Chorizo de cerdo santarrosano,Chorizo de cerdo santarrosano,153,17,0.1,9.4,,,unknown,[]
Maní confitado,Maní confitado,507,16,50,29,9.2,,unknown,[]
despigmentador cutáneo,,,,,,,,unknown,[]
trolli,,,,,,,,unknown,[]
Sun care,,,,,,,,unknown,[]
harina precocida de maiz,,,,,,,,unknown,[]
keratine,,,,,,,,unknown,[]
Yogurt Griego Frutos Rojos,Yogurt Griego Frutos Rojos,106,4.9,8.2,6.6,2.9,,unknown,[]
Queso Mozarella,,321.875,29.0625,0,23.125,,,unknown,[]
Salchichon Fino,,180,13,5,12,,,unknown,[]
jabón intimo,,,,,,,,unknown,[]
centella asiática,,,,,,,,unknown,[]
Pan Seis Granos,Pan Seis Granos,260,12.2857142857143,51.4285714285714,2,4.57142857142857,,unknown,[]
acido glicólico,,,,,,,,unknown,[]
mascarilla,,,,,,,,unknown,[]
Mango Biche,,315.384615384615,3.84615384615385,75.3846153846154,0,0,,unknown,[]
Repolarizador,,,,,,,,unknown,[]
niacina,,,,,,,,unknown,[]
niacina,,,,,,,,unknown,[]
milagros,,,,,,,,unknown,[]
Sesame Paste Noodle,,400,10,65.8,10.8,,,unknown,[]
Sirope De Maple,,120,0,30,0,0,,unknown,[]
Helado Vainilla Sin Azúcar,Helado Vainilla Sin Azúcar,148.888888888889,5.11111111111111,20.8888888888889,6.66666666666667,7.11111111111111,,unknown,[]
Protein Wild Golden,,330,25,38,12,12,,unknown,[]
Avena En Hojuelas,Avena En Hojuelas,336,12.8,56,9.2,12.8,,unknown,[]
jugo,,,,,,,,unknown,[]
Intense,,66.6666666666667,0,16.6666666666667,0,13.3333333333333,,unknown,[]
savital,,,,,,,,unknown,[]
Hash brown,,174.285714285714,1.42857142857143,20,10.5714285714286,1.71428571428571,,unknown,[]
Cottage Cheese,,78.1818181818182,10,4.90909090909091,2.09090909090909,0,,unknown,[]
colonia,,,,,,,,unknown,[]
mascarilla pelos rubios,,,,,,,,unknown,[]
Tropical Pulpa De Fruta,,48,0.5,12,0,,,unknown,[]
Pea Protein,,400,83.3333333333333,0,5,,,unknown,[]
Paleta Pasión,Paleta Pasión,145.833333333333,2.08333333333333,23.6111111111111,4.58333333333333,0,,unknown,[]
desodorante,,,,,,,,unknown,[]
protector solar karite,,,,,,,,unknown,[]
Garbanzos,,328.333333333333,18.3333333333333,63.3333333333333,4.16666666666667,18.3333333333333,,unknown,[]
Veggie Powder Protein (Chocolate),,47,7.1,2.9,1.2,1.8,,unknown,[]
blossoming petals,,,,,,,,unknown,[]
dentro sensible,,,,,,,,unknown,[]
Yogurt Griego Sin Dulce,Yogurt Griego Sin Dulce,83,5.6,6.5,3.8,,,unknown,[]
Colombia,,,,,,,,unknown,[]
salsa china,,,,,,,,unknown,[]
sal marina,,,,,,,,unknown,[]
orégano,,,,,,,,unknown,[]
leche,,,,,,,,unknown,[]
Arepa De Maíz Integral Multigrano,,140,4,33.75,0,5.25,,unknown,[]
Yogurt Sin Dulce,,44,3.46666666666667,4,1.53333333333333,,,unknown,[]
Resveratrol complex,,,,,,,,unknown,[]
Pescado en conserva en salsa de tomate,Pescado en conserva en salsa de tomate,84,16,2,1.4,,,unknown,[]
mi celular water,,,,,,,,unknown,[]
acetato de aluminio,,,,,,,,unknown,[]
leche,,,,,,,,unknown,[]
Tratamiento capilar crece pelo,,,,,,,,unknown,[]
Tocineta Ahumada,Tocineta Ahumada,353,14,0,33,0,,unknown,[]
tónico de rosas y manzanilla,,,,,,,,unknown,[]
Pan Artesanal,,280.645161290323,10,51.6129032258064,5.48387096774194,7.74193548387097,,unknown,[]
Queso Con Bocadillo,Queso Con Bocadillo,278.181818181818,11.4545454545455,43.6363636363636,6.36363636363636,0,,unknown,[]
Queen primer,,,,,,,,unknown,[]
Leche Entera,Leche Entera,47,3.2,4.8,1.65,0,,unknown,[]
Mazamorra Pilada,Mazamorra Pilada,14,0,2.8,0,0,,unknown,[]
crema facial aclaradora de día,,,,,,,,unknown,[]
Tuna,Tuna,123,11.3,1.47,8,,,unknown,[]
STYLING GEL,,,,,,,,unknown,[]
DfsMix wow berried,,,,,,,,unknown,[]
Protector solar,,,,,,,,unknown,[]
nurtibela 15,,,,,,,,unknown,[]
Tortilla Integral,,277.41935483871,9.35483870967742,41.9354838709677,11.6129032258065,15.4838709677419,,unknown,[]
Chicken Breast,,95,23,0,0.3,,,unknown,[]
Angus Ground Beef,,256.637168141593,16.8141592920354,0,20.353982300885,0,,unknown,[]
ChapStick MED,,,,,,,,unknown,[]
Pan Francés,,329.032258064516,6.7741935483871,74.1935483870968,1.29032258064516,3.54838709677419,,unknown,[]
Vita latti,,,,,,,,unknown,[]
semilla de chia,,,,,,,,unknown,[]
vogue,,,,,,,,unknown,[]
yogurt,,,,,,,,unknown,[]
Queso Mozarella En Tajada,Queso Mozarella En Tajada,318.181818181818,19.0909090909091,4.09090909090909,25,,,unknown,[]
Huevos Avinal AAA,Huevos Avinal AAA,200,17.910447761194,4.47761194029851,11.9402985074627,0,,b,"['en:fish-meat-eggs', 'en:eggs']"
jabón líquido antibacterial,,,,,,,,unknown,[]
,,115,24,0.6,1.9,0,4,a,"['en:fish-meat-eggs', 'en:meat', 'en:poultry']"
Spanish style soup,Spanish style soup,91,1.9,4,7.2,,,unknown,[]
fittuderm plus,,,,,,,,unknown,[]
almendras en lonjas,,,,,,,,unknown,[]
zumo de limón solei,,,,,,,,unknown,[]
leche,,,,,,,,unknown,[]
Chorizo,Chorizo,222.388059701493,11.7910447761194,8.65671641791045,16.4179104477612,1.7910447761194,,unknown,[]
suero x,,,,,,,,unknown,[]
pancakes,,,,,,,,unknown,[]
Haka,,,,,,,,unknown,[]
Protector solar,,,,,,,,unknown,[]
frescampo,,,,,,,,unknown,[]
Further Vanilla Collagen Peptides,,380.952380952381,85.7142857142857,4.76190476190476,0,,,unknown,[]
Serum de niacinamida,,,,,,,,unknown,[]
aceite mano de res,,,,,,,,unknown,[]
Aceite de coco extra virgen,,,,,,,,unknown,[]
Miel de Abejas,,,,,,,,unknown,[]
Pop Chips,,468,6.7,64,22,6.5,,unknown,[]
listo inteligente,,,,,,,,unknown,[]
Salchichón,Salchichón,236,12,8.7,17,,,unknown,[]
Original,Original,480.555555555556,4.16666666666667,,19.4444444444444,1.66666666666667,,e,"['en:sugary-snacks', 'en:biscuits-and-cakes']"
Base,,,,,,,,unknown,[]
Neutrogena,,,,,,,,unknown,[]
vaselina,,,,,,,,unknown,[]
Pan Integral,,281.25,8.4375,40.625,7.1875,7.5,,unknown,[]
Jamón De Pavo,Jamón De Pavo,80.9523809523809,16.6666666666667,3.33333333333333,0,0,,unknown,[]
Sardinas En Salsa De Tomate,Sardinas En Salsa De Tomate,153.333333333333,21.6666666666667,0,7.5,,,unknown,[]
Pink satt minerales,,,,,,,,unknown,[]
aceite de uva,,,,,,,,unknown,[]
Helado Vainilla,Helado Vainilla,220,2.88888888888889,18.8888888888889,14.6666666666667,,,unknown,[]
Arroz Integral,Arroz Integral,344,5.6,78,2.2,4.8,,unknown,[]
Leche Entera UAT,Leche Entera UAT,59.5,3,4.85,3.1,0,,unknown,[]
Yogurt Griego,Yogurt Griego,99,6.4,5.2,5.9,,,unknown,[]
"Snack De Maní, cacao Y vainilla","Snack De Maní, cacao Y vainilla",500,13.8888888888889,51.6666666666667,26.6666666666667,18.8888888888889,,unknown,[]
vitamina c,,,,,,,,unknown,[]
Fish Fingers,,173.333333333333,12.5333333333333,13.3333333333333,7.2,2.13333333333333,,unknown,[]
"Ground Beef & Pork, 96.7% Lean",,126,23,0.9,3.3,0,,unknown,[]
Yougurt Griego Vegano,Yougurt Griego Vegano,61.9565217391304,2.71739130434783,11.9565217391304,0.869565217391304,1.19565217391304,,unknown,[]
aceite de girasol,,,,,,,,unknown,[]
maiz tierno,,,,,,,,unknown,[]
hidróxido de magnesio,,,,,,,,unknown,[]
pupp,,,,,,,,unknown,[]
Edamame,,112.5,12.5,11.25,2.5,10,,unknown,[]
Gusano Ácidos,Gusano Ácidos,349,4.2,83,0,,,unknown,[]
Chunky Peanut Butter,,316.666666666667,33.3333333333333,43.3333333333333,2.5,28.3333333333333,,unknown,[]
gel for men,,,,,,,,unknown,[]
Leche Descremada,,35,3.3,4.9,0,,,unknown,[]
Crema De Arroz Pnut Butter,Crema De Arroz Cinnamon Bun,304.444444444444,7.77777777777778,68.6666666666667,0,2.22222222222222,,unknown,[]
sun care,,,,,,,,unknown,[]
súper coco,,,,,,,,unknown,[]
margarita clarificada,,,,,,,,unknown,[]
vitamina,,,,,,,,unknown,[]
Del fogon,,,,,,,,unknown,[]
Spaghetti,,356.25,11.71875,75,1.71875,3.28125,,unknown,[]
desodorante,,,,,,,,unknown,[]
Spaghetti #12,,348,13,74,1,7.3,,unknown,[]
Crema De Maní,,602,26,13,52,10,,unknown,[]
Corn Flakes,Corn Flakes,374,6,88,0.8,4.6,3,c,"['en:cereals-and-potatoes', 'en:breakfast-cereals']"
Corn Flakes,Corn Flakes,374,6,88,0.8,4.6,3,c,"['en:cereals-and-potatoes', 'en:breakfast-cereals']"
Lomos De Atún En Aceite,,177.884615384615,25,0,8.65384615384615,,,unknown,[]
Jet Chocolate,,566.666666666667,6.66666666666667,55.5555555555556,35,0,,unknown,[]
Piazza Barquillo Con Crema De Chocolate,,474.193548387097,9.35483870967742,70.9677419354839,17.4193548387097,1.29032258064516,,unknown,[]
lunarik,,,,,,,,unknown,[]
glicinato de magnesio,,,,,,,,unknown,[]
Pan Asado,Pan Asado,258,7.7,55,1.8,5.3,,unknown,[]
Brownie Mora,,404.285714285714,4.85714285714286,55.7142857142857,18.5714285714286,2.42857142857143,,unknown,[]
Lentejas Crunchyroll,,386.666666666667,22,66,6.66666666666667,13.3333333333333,,unknown,[]
Clinical Maxima protección Women,,,,,,,,unknown,[]
base,,,,,,,,unknown,[]
polvo translúcido,,,,,,,,unknown,[]
Pancakes Arándanos,Pancakes Arándanos,389,16,66,8,5.5,,unknown,[]
Crema De Maní Con Chocolate,,550,26,29.5,40,12.5,,unknown,[]
magia capilar,,,,,,,,unknown,[]
agua potable,,,,,,,,unknown,[]
niacinamide,,,,,,,,unknown,[]
vitamin c,,,,,,,,unknown,[]
Deditos De Yuca Con Queso,Deditos De Yuca Con Queso,214,7.4,22.3,10.8,1.6,,unknown,[]
tarrito rojo,,,,,,,,unknown,[]
intibon,,,,,,,,unknown,[]
gel,,,,,,,,unknown,[]
yodora,,,,,,,,unknown,[]
crema hidratante,,,,,,,,unknown,[]
Two bite brownies,,230,1,28,13,2,,unknown,[]
Tofu Natural,,212.5,20.25,6.25,11.75,1,,unknown,[]
Limon Taquero,Limon Taquero,500,6.66666666666667,63.3333333333333,26,6.33333333333333,,unknown,[]
Crunchy Peanut Butter,,125,5.1,5.2,9.4,0.35,,unknown,[]
protector solar,,,,,,,,unknown,[]
7706849110445,,,,,,,,unknown,[]
Yogurt Griego,Yogurt Griego,43,6.5,4.2,0,,,unknown,[]
Arepa sary,Arepa sary,87,,,,,,unknown,[]
Arepa De Maiz Platano Y Queso,Arepa De Maiz Platano Y Queso,110,2.7,26,0,2.4,,unknown,[]
Queso Holandes,,340,22.7,5,25.7,1.33,,unknown,[]
Arepa Sabor Pandebono,,205.555555555556,4.88888888888889,41.1111111111111,2,2.88888888888889,,unknown,[]
avena hojuelas,,,,,,,,unknown,[]
oliveto,,,,,,,,unknown,[]
Papas Ajo Parmesanlo,Papas Ajo Parmesanlo,532,6,56,32,3.2,,unknown,[]
Golden berries,Golden berries,,,,,,1,unknown,"['en:fruits-and-vegetables', 'en:fruits']"
Yogurt Griego Con Colageno Y Dulce De Arándanos,Yogurt Griego Con Colageno Y Dulce De Arándanos,88.125,5.875,8.125,3.6875,,,unknown,[]
Patacón Redondo,Patacón Redondo,200,1.33333333333333,41.1111111111111,3.55555555555556,2.33333333333333,,unknown,[]
autan,,,,,,,,unknown,[]
PHYSALIS Die Beere Mit Aroma,,,,,,,1,unknown,"['en:fruits-and-vegetables', 'en:fruits']"
Arepa,Arepa,235.555555555556,3.44444444444444,54.4444444444444,0.777777777777778,1.77777777777778,,unknown,[]
fideos,,,,,,,,unknown,[]
Canned Tuna In Olive Oil,,191,25,1.4,9.5,0,,unknown,[]
Maní Caramelizado Salado,Maní Caramelizado Salado,539,19,43,34,7.5,,unknown,[]
Maní Confitado,Maní Confitado,536.666666666667,17.3333333333333,46.6666666666667,33.3333333333333,6.66666666666667,,unknown,[]
agua micelar,,,,,,,,unknown,[]
prep y prime,,,,,,,,unknown,[]
manzana,,,,,,,,unknown,[]
Papa Tradicional,Papa Tradicional,313.75,3.375,38.75,15,1.875,,unknown,[]
Buttery Pistachio Cookie Spread,,589,19,26,49,13,,unknown,[]
Verduras Congeladas,Verduras Congeladas,61.1764705882353,4.35294117647059,12.9411764705882,0.823529411764706,7.17647058823529,,unknown,[]
Queso Mozzarella,,346,19,5.3,28,,,unknown,[]
galletas surtidas,,,,,,,,unknown,[]
leche deslactosada,,,,,,,,unknown,[]
leche descremada,,,,,,,,unknown,[]
yogurt griego,,,,,,,,unknown,[]
Golden Mass Vainilla,,384,16.8,75.6,1.6,,,unknown,[]
elive,,,,,,,,unknown,[]
Leche Semidescremada Deslactosasa,,45,3.2,4.5,1.5,0,,unknown,[]
Mayonnaise-Flavored Chips,,504,5.2,60,28,6.4,,unknown,[]
Atún En Agua,Atún En Agua,105.769230769231,25,0,0,0,,unknown,[]
polvos sueltos,,,,,,,,unknown,[]
desodorante roll -on,,,,,,,,unknown,[]
rizos definidos,,,,,,,,unknown,[]
Elite Whey Protein,,406.666666666667,76.6666666666667,10,6.66666666666667,,,unknown,[]
Crea100,,200,0,48.5714285714286,0,,,unknown,[]
Pastas Alimenticias Compuestas Tallarines,Pastas Alimenticias Compuestas Tallarines,351.807228915663,13.2530120481928,71.0843373493976,2.16867469879518,3.73493975903614,,unknown,[]
avena entera,,,,,,,,unknown,[]
uvas pasas 500g,,,,,,,,unknown,[]
Resveratrol Y Colageno,Resveratrol Y Colageno,342.857142857143,8.57142857142857,77.1428571428571,0,,,unknown,[]
Dickofenaco Dietilamonio,,,,,,,,unknown,[]
Agua De Coco,,69,1.4,15,0.4,2,,unknown,[]
bloqueador,,,,,,,,unknown,[]
agua de rosas,,,,,,,,unknown,[]
Sunflower Cooking Oil,,830,0,0,92,,,unknown,[]
Choclo Arepa,Choclo Arepa,236,3.9,54,0.9,1.8,,unknown,[]
Yogurt Griego Natural,Yogurt Griego Natural,159.333333333333,10,6.13333333333333,10.6666666666667,0,,unknown,[]
Croquetas De Yuca,Croquetas De Yuca,196,0.9,35,6,3.1,,unknown,[]
protector solar con color,,,,,,,,unknown,[]
Fruco salsa de aji,,,,,,,,unknown,[]
citrato de magnesio,,,,,,,,unknown,[]
Tocinetas Sabor Original,Tocinetas Sabor Original,473.333333333333,6,66.6666666666667,20,3.33333333333333,,unknown,[]
Pan integral Con ajonjolí,Pan integral Con ajonjolí,290.625,8.75,40.625,8.4375,4.375,,unknown,[]
hudrate mask,,,,,,,,unknown,[]
Cereal Crispies,,330,20,46,6.4,6.2,,unknown,[]
Queso Pera,,253.333333333333,25.3333333333333,0,17,0,,unknown,[]
Jabón líquido facial Azufre,,,,,,,,unknown,[]
Milky Brownie,,416,7.2,59,17,3.9,,unknown,[]
Papá De Paquete,Papá De Paquete,528,6,56,32.4,4.8,,unknown,[]
Pernil De Cerdo Ahumado,Pernil De Cerdo Ahumado,98,19,4.1,0.6,,,unknown,[]
colada alpina,,,,,,,,unknown,[]
Queso pera,,300,20,0.9,24,,,unknown,[]
milo,,,,,,,,unknown,[]
colcafe,,,,,,,,unknown,[]
mascarilla facial equilibrante,,,,,,,,unknown,[]
Quinoa Recubierta De Chocolate,Quinoa Recubierta De Chocolate,516.666666666667,8,60,29,7.66666666666667,,unknown,"['en:sugary-snacks', 'en:chocolate-products']"
Tocineta Ahumada Premium,Tocineta Ahumada Premium,320,17,1,27,,,unknown,[]
Kefir Sin Dulce,,33.6363636363636,5,3.40909090909091,0,,,unknown,[]
Holandes Snack - Chile Pimiento,Holandes Snack - Chile Pimiento,546,43,3.5,40,0,,unknown,[]
Papas Rizadas,,121,0,19,3.9,2.5,,unknown,[]
salsa vinagreta,,,,,,,,unknown,[]
Crema gel repair,,,,,,,,unknown,[]
Mascarilla capilar intensiva,,,,,,,,unknown,[]
Pepperoni Madurado,,325,16.6666666666667,2.66666666666667,27.5,,,unknown,[]
noursh repair face cream,,,,,,,,unknown,[]
Arepa Antioqueña,Arepa Antioqueña,176,3.3,40,1,3.2,,unknown,[]
Yogurt Griego Fresa,Yogurt Griego Fresa,65.3333333333333,6.66666666666667,4.33333333333333,2.4,1.13333333333333,,unknown,[]
Greens Mix,,333.333333333333,0,83.3333333333333,0,33.3333333333333,,unknown,[]
yogurt de mora,,,,,,,,unknown,[]
velvet crush,,,,,,,,unknown,[]
Salsa de tomate,Salsa de tomate,106.666666666667,1.4,25,0,0.8,,d,[]
oceira,,,,,,,,unknown,[]
Cábano,,272,13.2,4.4,22.8,,,unknown,[]
Arepa de Maíz Paisa,,156,3.4,35,0.5,6.3,,unknown,[]
Cherry Chocolate Coconut Cashew Butter Cup,Cherry Chocolate Coconut Cashew Butter Cup,600,6.66666666666667,33.3333333333333,53.3333333333333,13.3333333333333,4,unknown,[]
happy flora,,,,,,,,unknown,[]
Golden Mass Coco,Golden Mass Coco,384,16.8,75.6,1.6,,,unknown,[]
Ensalada Club,,103.913043478261,11.7391304347826,4.34782608695652,4.78260869565217,1.78260869565217,,unknown,[]
avocat,,,,,,,,unknown,[]
crema facial protectora bb cream,,,,,,,,unknown,[]
acondicionador reparador,,,,,,,,unknown,[]
Gel Pen Set,,,,,,,,unknown,[]
Colores línea premium,,,,,,,,unknown,[]
Mix Acidas,trululu ácidas mix,343.75,3.75,81.875,0,,,unknown,[]
Brownie Truffles - Red Velvet,,423.333333333333,6.66666666666667,63.3333333333333,16.6666666666667,0.8,,unknown,[]
Choco Pistachio Granola,,419,12,53,20,9.6,,unknown,[]
Queso Snack,,260,18,4.66666666666667,19,,,unknown,[]
Tostiarepa,,485.714285714286,7.14285714285714,64.2857142857143,23.5714285714286,6.42857142857143,,unknown,[]
Yogurt Griego,Yogurt Griego,55.3333333333333,8.66666666666667,3.93333333333333,0.533333333333333,,,unknown,[]
crema piernas,,,,,,,,unknown,[]
Honey Turkey Breast,,123.214285714286,21.4285714285714,3.92857142857143,2.32142857142857,,,unknown,[]
Chorizo Riojano Nartural,,340,30,4,20,,,unknown,[]
Papas En Cascos,Papas En Cascos,105,2.75,18.75,3.375,5.5,,unknown,[]
aceite de argan,,,,,,,,unknown,[]
clorifgreen,,,,,,,,unknown,[]
terapia capilar,,,,,,,,unknown,[]
Queso 7 Cueros,Queso 7 Cueros,270,17.6666666666667,3.33333333333333,19.3333333333333,0,,unknown,[]
Papas Receta Clásica - Alas BBQ,,492,7.6,60,25.6,4.8,,unknown,[]
Bonyurt Galleta Triturada,Bonyurt Galleta Triturada,143.93063583815,3.41040462427746,23.121387283237,4.27745664739884,,,unknown,[]
Salsa Rosada,Salsa Rosada,166.666666666667,0.666666666666667,13.3333333333333,12,,,unknown,[]
Tinte europeo,,,,,,,,unknown,[]
yogurt sabor a mora,,,,,,,,unknown,[]
yogurt sabor a mora,,,,,,,,unknown,[]
De Todito,De Todito,516,15.8,52,28,3,,unknown,[]
Maní con Sal,Maní con Sal,642.857142857143,28.5714285714286,15.1428571428571,51.4285714285714,9.42857142857143,,unknown,[]
Yogur Griego Piña,Yogur Griego Piña,60.8,5.68,8.8,0.48,0.56,,unknown,[]
Arepa Blanca,,176.666666666667,3.5,38.3333333333333,0.833333333333333,3.66666666666667,,unknown,[]
Yogurt Griego Natural Sin Dulce,Yogurt Griego Natural Sin Dulce,55.3333333333333,8.66666666666667,3.93333333333333,0.533333333333333,,,unknown,[]
desenredante termo protector,,,,,,,,unknown,[]
Pasta De Tomate,,50,3.3,10,0,1.7,,unknown,[]
S.N.S-TREX,,,,,,,,unknown,[]
Skin care kit,,,,,,,,unknown,[]
Mostaza Inglesa,,87,2.4,15,2.5,2.6,,unknown,[]
Rosquitas,Rosquitas,456.25,13.75,61.875,16.875,,,unknown,[]
Salchicha Parrillera,Salchicha Parrillera,183.870967741935,16.4516129032258,12.5806451612903,7.41935483870968,3.54838709677419,,unknown,[]
gel refrescante,,,,,,,,unknown,[]
ajo granulado puro,,,,,,,,unknown,[]
café tostado molido,,,,,,,,unknown,[]
Galleta Gelato Mediterráneo,Galleta Gelato Mediterráneo,243,5.1,29,12,,,unknown,[]
Pan De Hamburguesa Con Papa,Pan De Hamburguesa Con Papa,100,3.96,18.8,1.16,0.68,,unknown,[]
Chimichurri,Chimichurri,593.333333333333,0.666666666666667,3.33333333333333,64.6666666666667,1.33333333333333,,unknown,[]
Ancestral Chía en grano,,392,17,42,26,39,,unknown,[]
Leche deslactosda,,,,,,,,unknown,[]
Arroz Integral Con Quinua,Arroz Integral Con Quinua,156,10.2,32,1.8,14.2,,unknown,[]
Lasaña Mixta,Lasaña Mixta,150,9.0625,15.3125,5.9375,1.15625,,unknown,[]
Triple Berry Blend,,57.8571428571429,0.428571428571429,12.8571428571429,0.328571428571429,3.71428571428571,,unknown,[]
crema ponds,,,,,,,,unknown,[]
niacinamide,,,,,,,,unknown,[]
Coca-Cola zero,,,,,,,,unknown,[]
Mozzarella,,323,29,0,23,,,unknown,[]
Fosforitos,Fosforitos,528,6,56,32.4,4.8,,unknown,[]
Deli Gourmet,,,,,,,,unknown,[]
Yogurt Frutos Rojos,Yogurt Frutos Rojos,202.222222222222,3.55555555555556,13.3333333333333,9.77777777777778,0,4,unknown,[]
Chicken Breast Boneless,,98.2142857142857,22.3214285714286,0,0.892857142857143,0,,unknown,[]
Pingüino Triple Chocolate,,360,4,67.5,8.5,2,,unknown,[]
"Yogurt Pack, Fresa",,35.5,3.85,5.5,0,1,,unknown,[]
Whey Pure Protein,,366.666666666667,86.6666666666667,4.33333333333333,0.333333333333333,,,unknown,[]
Élite Coffee Proteico,,404,80,5.6,6.8,,,unknown,[]
Gomitas Oro,,326.923076923077,4.80769230769231,76.9230769230769,0,,,unknown,[]
Queso Quesillo,Queso Quesillo,299,21,5.2,22,1.8,,unknown,[]
Brontuss,,,,,,,,unknown,[]
vaselina,,,,,,,,unknown,[]
"Yogurt descremado, sin dulce, con melocotón","Yogurt descremado, sin dulce, con melocotón",18.5,2,2.8,0,0.45,,unknown,[]
Beets & Carrots Granola,,405,9.7,59,16,9.1,,unknown,[]
Avena En Hojuelas Sin Gluten,,340,12,70,5.3,18,,unknown,[]
Frijoles Seleccionados,Frijoles Seleccionados,305,20,61.6666666666667,0.833333333333333,18.3333333333333,,unknown,[]
Queso Mozzarella,,261.111111111111,18.8888888888889,4.44444444444444,18.8888888888889,,,unknown,[]
sérum aclarante,,,,,,,,unknown,[]
Pan De Yuca JP,,418.518518518519,12.962962962963,59.2592592592593,16.6666666666667,7.03703703703704,,unknown,[]
Almojábanas,,,,,,,,unknown,[]
Gomitas Fresitas,Gomitas Fresitas,350,4.44444444444444,83.3333333333333,0,0,,e,"['en:sugary-snacks', 'en:sweets']"
tampones,,,,,,,,unknown,[]
Rigati Gluten Free,,350,6.4,81,0.9,4.1,,unknown,[]
infusion frutos rojos,,,,,,,,unknown,[]
Ajinomoto Ajinom-men Sabor Camarón,Ajinomoto Ajinom-men Sabor Camarón,150,4.75,21,5.75,,4,unknown,[]
Gomitas Mora,,394,6,93,0,,,unknown,[]
Acordeon,,497.297297297297,5.40540540540541,56.7567567567568,27.027027027027,2,,unknown,[]
tostadas la doce,,,,,,,,unknown,[]
Rosquillas Con Queso,Rosquillas Con Queso,433.333333333333,11.6666666666667,72.2222222222222,7.77777777777778,,,unknown,[]
Pan,Pan,336,8.2,54,9.2,,,unknown,[]
Aritos De Chocolate,,386.666666666667,6.66666666666667,83.3333333333333,4.33333333333333,6.33333333333333,,unknown,[]
panela limon,,,,,,,,unknown,[]
bhqhhqq,,,,,,,,unknown,[]
Queso Finesse Mozzarella,,263.333333333333,25,0,18,,,unknown,[]
"Onion Paste, Pasta De Cebolla","Onion Paste, Pasta De Cebolla",36,1.2,7.6,0.9,3.3,,unknown,[]
PHOTOCORRECTION SENSITIVE SKIN LAB,,,,,,,,unknown,[]
tinta Queen de trendy,,,,,,,,unknown,[]
Filetes de Pechuga de Pollo,Filetes de Pechuga de Pollo,144,27,0,3.1,,,unknown,[]
Pan Tajado Integral,Pan Tajado Integral,217.857142857143,8.92857142857143,28.2142857142857,10.7142857142857,14.2857142857143,,unknown,[]
vita latti,,,,,,,,unknown,[]
Pita Pocket,,267,13,53,0.4,0.4,,unknown,[]
Salchicha mixta Cerdo Y Pollo,Salchicha mixta Cerdo Y Pollo,195,12,5.5,14,0,,unknown,[]
aceite de rosa mosqueta,,,,,,,,unknown,[]
Gluten Free Real Quinoa Fusilli Pasta,Gluten Free Real Quinoa Fusilli Pasta,355,7.2,82,0,3.1,,unknown,[]
Pan Crema,Pan Crema,295,9.2,50,6.8,1.4,,unknown,[]
Queso fresco semiblando semigraso tipo Mozzarella,Queso fresco semiblando semigraso tipo Mozzarella,278,24,0,20,,,unknown,[]
7 granospeter,,,,,,,,unknown,[]
Criollo,,502.5,9,60,25,4.75,,unknown,[]
Lomo de Atún Com Vegetales,,152.727272727273,12.5454545454545,6,8.90909090909091,1.09090909090909,,unknown,[]
retinol,,,,,,,,unknown,[]
Yogur Melocotón,Yogur Melocotón,36,4,5.5,0,0.9,,unknown,[]
"Yogur, Mora",,37.5,3.8,6,0,0.8,,unknown,[]
Palomitas Cookies And cream,,420,3.33333333333333,80,10.6666666666667,6,,unknown,[]
desodorante para pies,,,,,,,,unknown,[]
Maiz Dulce,Maiz Dulce,62,2,11,1.3,2.8,,unknown,[]
termo,,,,,,,,unknown,[]
Proteína En Polvo Sabor Vainilla,Proteína En Polvo Sabor Vainilla,289.473684210526,68.4210526315789,3.42105263157895,0.263157894736842,0.5,,unknown,[]
,,,,,,,,unknown,[]
Colágeno Marino,,,,,,,,unknown,[]
almendra francesa,,,,,,,,unknown,[]
Limpeza Purificante Anteoleosidade,,,,,,,,unknown,[]
,,,,,,,,unknown,"['en:cereals-and-potatoes', 'en:breakfast-cereals']"
Cereal Choco Avellanadas,Cereal Choco Avellanadas,446.666666666667,8,70,15,1.66666666666667,,unknown,[]
Arepas De Arroz Integral Con Chía,Arepas De Arroz Integral Con Chía,121.25,2.5,22.5,2,2.25,,unknown,[]
Brownie Truffles,,450,6,60,21.3333333333333,3,,unknown,[]
Mozzarella,,312,27,1.3,22,,,unknown,[]
Atún Rallado,Atún Rallado,146.666666666667,16.1666666666667,0,9.16666666666667,,,unknown,[]
Arepas con Queso Crunch,,223.333333333333,5.66666666666667,36.6666666666667,9,4.33333333333333,,unknown,[]
Habanero Honey Mustard,Habanero Honey Mustard,158.333333333333,1.66666666666667,35,1.66666666666667,1.66666666666667,,unknown,[]
Mega Tosty,,242.608695652174,2.95652173913043,26.9565217391304,13.9130434782609,1.04347826086957,,unknown,[]
Bon yurt Mini JP,,131,3,24,4.3,0,,unknown,[]
enjuague bucal,,,,,,,,unknown,[]
Jamón de Pavo Premium,Jamón de Pavo Premium,101,20,5.2,0,,,unknown,[]
Protector solar facial,,,,,,,,unknown,[]
Ácido retinoico,,,,,,,,unknown,[]
agua de limón y gaa,,,,,,,,unknown,[]
Queso Pera,,252.5,25,0,17,0,,unknown,[]
Whey Premium,,366.666666666667,86.6666666666667,4,0.366666666666667,0.7,,unknown,[]
Taro Sticky Rice Dessert,,200,2.5,38.75,3.75,1.25,,unknown,[]
Avena en Hojuelas,Avena en Hojuelas,391,12,70,9.2,,,unknown,[]
Macarrones,Macarrones,337.5,12.5,71.25,1.375,4.875,,unknown,[]
Papas Pollo Con Miel,Papas Pollo Con Miel,529,6,56,32,2.6,,unknown,[]
Polet Chocoavellana,,321.111111111111,5.33333333333333,30,20,0.777777777777778,,unknown,[]
pancreogen,,,,,,,,unknown,[]
adaptessens,,,,,,,,unknown,[]
deos,,,,,,,,unknown,[]
Queso Pera,,300,19.7368421052632,1.05263157894737,24.2105263157895,0,,unknown,[]
Avena Instantánea Sabor Vainilla,Avena Instantánea Sabor Vainilla,352,6,84,2.12,13.2,,unknown,[]
Penne Rogaré,,373.214285714286,12.5,78.5714285714286,1.78571428571429,3.57142857142857,,unknown,[]
BiPro Classic Vanilla,,300,65.3846153846154,3.84615384615385,2.30769230769231,0,,unknown,[]
Egg White Protein,,330,70,18,1.33333333333333,6,,unknown,[]
vinagre de manzana,,,,,,,,unknown,[]
luker,,,,,,,,unknown,[]
Pizza Flavored,,507,7.1,64,26,5.4,,unknown,[]
arepa de puro maíz blanco,,,,,,,,unknown,[]
gomitas de gelatina colageno biotina y vitamina e,,,,,,,,unknown,[]
Mix Vegetable,,58.8235294117647,2.70588235294118,12.9411764705882,0.470588235294118,3.17647058823529,,unknown,[]
Tocineta ahumada,Tocineta ahumada,359,15,7.3,30,,,unknown,[]
Arepa De Chocolo,Arepa De Chocolo,252.5,5.125,56.25,2.125,7,,unknown,[]
Yogurt Con Mora,Yogurt Con Mora,78,2.5,12.5,2.2,,,unknown,[]
Ravioli De Pollo,Ravioli De Pollo,266.4,7.36,49.6,4.4,2.56,,unknown,[]
salsita soja,,,,,,,,unknown,[]
arroz,,,,,,,,unknown,[]
Galleta Gelato De Nutella,,252,5,31,12,,,unknown,[]
Tortillas Tradicionales,Tortillas Tradicionales,295,7.6,54,5.5,0.6,,unknown,[]
Popetas Dulces Saladas,Popetas Dulces Saladas,560,5.6,60,33.6,3.2,,unknown,[]
Lomos De Atún En Agua,Lomos De Atún En Agua,105.769230769231,25,1.34615384615385,0,0,,unknown,[]
Arepas de plátano maduro rellenas de queso y bocadillo,Arepas de plátano maduro rellenas de queso y bocadillo,165,3.9,32,1.9,2.4,,unknown,[]
Pestaña,,,,,,,,unknown,[]
Plátanos Verdes Sin Culpa,Plátanos Verdes Sin Culpa,550,1.66666666666667,62.5,33.75,5.83333333333333,,c,"['en:composite-foods', 'en:one-dish-meals']"
Nucita Chocolate,,508.695652173913,6.95652173913043,65.2173913043478,25.2173913043478,3.47826086956522,,unknown,[]
Lomitas De Atún en agua,Lomitas De Atún en agua,105.769230769231,25,1.34615384615385,0,0,,unknown,[]
Pan Árabe,Pan Árabe,294,12,63,2,12,,unknown,[]
DORITOS DINAMITA FLAMIN HOT,DORITOS DINAMITA FLAMIN HOT,513.333333333333,6.66666666666667,63.3333333333333,28,7.33333333333333,4,c,"['en:salty-snacks', 'en:appetizers']"
Spaghetti #12,,337.5,10.64,73.75,0.7504,2.5,,unknown,[]
contorno de ojos,,,,,,,,unknown,[]
hydradkyn,,,,,,,,unknown,[]
Golden Milk,Golden Milk,380,13.2,59.6,18.4,7.6,,unknown,[]
Golden Milk,Golden Milk,380,13.2,59.6,18.4,7.6,4,unknown,[]
papayenz,,,,,,,,unknown,[]
Maíz Tierno,Maíz Tierno,54.7826086956522,1.73913043478261,10.4347826086957,1.21739130434783,1.73913043478261,,unknown,[]
Panela,,372,0.96,92,0,0,,unknown,[]
Mayonesa Chipotle,,488,7.6,58,26,4.2,,unknown,[]
Granola Banano Y Miel,Granola Banano Y Miel,100,1.47826086956522,16.5217391304348,3.1304347826087,2.95652173913043,,unknown,[]
Frijol Negro,,78.4615384615385,7.30769230769231,13.8461538461538,0.769230769230769,6.61538461538461,,unknown,[]
Tortillas,Tortillas Para Burrito,300,7.5,55.5555555555556,5.55555555555556,0.555555555555556,,unknown,[]
Ajiaco,,41.8421052631579,5,5.52631578947368,0.342105263157895,1.23684210526316,,unknown,[]
mil a esa de cerdo,,,,,,,,unknown,[]
Búfalo chatas,,115,23,0,2.5,,,unknown,[]
protector solar,,,,,,,,unknown,[]
Frijoles con plátano maduro,Frijoles con plátano maduro,82.5,4.91666666666667,16.6666666666667,1,6.33333333333333,,unknown,[]
YELLOWFIN CHUNK TUNA IN WATER,,127.272727272727,21.8181818181818,1.81818181818182,2.72727272727273,1.81818181818182,,unknown,[]
gol,,,,,,,,unknown,[]
miel de abeja,,,,,,,,unknown,[]
Loreal,,,,,,,,unknown,[]
Bolognese,,107.2,4.48,8,6.56,0.72,,unknown,[]
Papas Crema Y Cebolla,Papas Crema Y Cebolla,556,6.8,60,30,1.2,,unknown,[]
Whole Peeled Tomatoes,,18.4615384615385,0.923076923076923,4.07692307692308,0,0.923076923076923,,unknown,[]
Proteín Pancakes,Proteín Pancakes,374,30,52,6.2,3.4,,unknown,[]
Arepabono arepas de pandebono,Arepabono arepas de pandebono,213.75,3.375,38.75,4.25,2,,unknown,[]
Penne Rigate,,375,12.5,78.5714285714286,1.78571428571429,3.57142857142857,,unknown,[]
Bénet,,56,6,1.52,3.12,1.12,,unknown,[]
Quinua Expandida Bolitas Chocolate,,273,7,60,1,3,,unknown,[]
Arroz Blanco Díana Premium,Arroz Blanco Díana Premium,135,3.1,32,0,,,unknown,[]
"Mozzarella, Queso Fundido",,280,21,5.2,20,,,unknown,[]
Chorizo Santarrosano 250g,Chorizo Santarrosano 250g,218,18,3,14.8,,,unknown,[]
Arepa Choclo,Arepa Choclo,134,3.3,32,0.9,6.7,,unknown,[]
syntha 6,,404.255319148936,46.8085106382979,31.9148936170213,10.6382978723404,12.7659574468085,,unknown,[]
energy X,,,,,,,,unknown,[]
Colágeno Hidrolizado,Colágeno Hidrolizado,410,52,24,12,1,,unknown,[]
leche,,,,,,,,unknown,[]
Leche Semidescremada Deslactosada,,44,3.2,4.5,1.5,0,,unknown,[]
Yogurt Griego Bebible,Yogurt Griego Bebible,79,7.5,4.8,3.3,0,,unknown,[]
"DB's Salsa para Pasta, Tomate Albahaca (0.4)",,38.4,0.64,8.8,0,1.76,,unknown,[]
Rosquitas De Yuca Y Chía,Rosquitas De Yuca Y Chía,400,5,80,10,10,,unknown,[]
Papa Congelada,Papa Congelada,138,2.2,25,3.5,2.6,,unknown,[]
Talento Artesão,,545,7.1,53,33,4,,unknown,[]
Creatine Monohydrate,,0,0,0,0,0,,unknown,[]
Arroz Parbolizado,Arroz Parbolizado,342,7.7,78,0.9,4.4,,unknown,[]
,,,,,,,,unknown,[]
Yogurt Natural JP,,51.3333333333333,2.8,4.33333333333333,2.53333333333333,,,unknown,[]
Three Zeros Greek Yoghurt,Yogurt Griego Tres Zeros,53.3333333333333,8,5.13333333333333,0,,,unknown,[]
Yogur,,,,,,,,unknown,[]
serum ácido hialuronico,,,,,,,,unknown,[]
arina de maiz,,,,,,,,unknown,[]
Melón porcionado,,,,,,,,unknown,[]
Tocineta,,,,,,,,unknown,[]
Peperoni,,,,,,,,unknown,[]
Ranchera queso chipotle,,,,,,,,unknown,[]
Arepa super queso el carriel,,,,,,,,unknown,[]
Pan molde,,,,,,,,unknown,[]
Arroz diana,,,,,,,,unknown,[]
De todito,,,,,,,,unknown,[]
Mantequilla Ghee,Mantequilla Ghee,885.714285714286,0,1.42857142857143,97.1428571428571,0,,unknown,[]
Baguette,,242,4.4,55,0.8,1.4,,unknown,[]
Arepa De Chocolo Rellenas Con Queso,Arepa De Chocolo Rellenas Con Queso,159,6.1,30,3.6,8.8,,unknown,[]
Topping Provenzal,,536.666666666667,24.6666666666667,32.3333333333333,36.6666666666667,10.6666666666667,,unknown,[]
Chickpeas,,93.8461538461538,7.07692307692308,14.6153846153846,2.23076923076923,6.30769230769231,,unknown,[]
Antioqueña Extradelgada Sin Sal,Antioqueña Extradelgada Sin Sal,160,3.83333333333333,35,0.833333333333333,2,,unknown,[]
Wild Protein sabor Chocolate,Wild Protein sabor Chocolate,386,33.4,42.2,9.3,,4,not-applicable,"['en:sugary-snacks', 'en:biscuits-and-cakes']"
"Milk Powder Skim Fat Free, Leche En Polvo Descremada",,365.217391304348,34.7826086956522,56.5217391304348,0,0,,unknown,[]
Kéfir Melocotón,Kéfir Melocotón,49,3.1,5.7,1.5,0,,unknown,[]
vitamina c,,,,,,,,unknown,[]
Pan Sandwich Blanco,,256,10,52,1.2,2,,unknown,[]
Mocaffe - Helado Con Café Y Galleta De Chocolote,Mocaffe - Helado Con Café Y Galleta De Chocolote,193,2.6,27,8.4,,,unknown,[]
Wey Protein,,400,83.3333333333333,6.66666666666667,3.33333333333333,3.33333333333333,,unknown,[]
Arepa Con Sal,Arepa Con Sal,164.444444444444,3.33333333333333,38.8888888888889,0.666666666666667,4.88888888888889,,unknown,[]
Yogurt Griego Vainilla+arandanos,Yogurt Griego Vainilla+arandanos,70,7.6,4.8,2.3,0.9,,unknown,[]
Leche en polvo entera,Leche en polvo entera,533.333333333333,25.3333333333333,40,30.6666666666667,,,unknown,[]
Benet,,,,,,,,unknown,[]
Fish Oil Omega 3,,,,,,,,unknown,[]
Leche Semidescremada,Leche Semidescremada,44.5,3,4.65,1.55,0,,unknown,[]
Reborn Rolls,,396,7.1,74,8.6,3.2,,unknown,[]
Pan Perro Dorado,Pan Perro Dorado,275,9.55882352941176,54.4117647058824,2.94117647058824,3.38235294117647,,unknown,[]
Galletas De Maiz Inflado,Galletas De Maiz Inflado,381,6,87,0.8,0,,unknown,[]
Queso Siete Cueros,Queso Siete Cueros,270,17.6666666666667,6.66666666666667,19.3333333333333,,,unknown,[]
Papas De Limon,Papas De Limon,541.666666666667,6.25,50,36.25,5.41666666666667,,unknown,[]
Tortillas Yica,Tortillas Yica,162,3,30,3,6,,unknown,[]
Rosquillas,Rosquillas,386,6.6,79,4.8,0,,unknown,[]
Yogurt Griego,Yogurt Griego,76,3.9,9.6,2.9,2.2,,unknown,[]
Pana Avena Y Masa Madre,Pana Avena Y Masa Madre,242.857142857143,9.52380952380952,38.3333333333333,6.66666666666667,4.52380952380952,,unknown,[]
Bebida láctea ultra alta temperatura sabor a chocolate,,63,6.5,5.9,1.5,0,4,c,"['en:beverages', 'en:plant-based-milk-substitutes']"
Chocolate Premium 70%,Barra De Chocolate Oscuro 70%,584,7.4,44,42,9.4,,unknown,[]
PROTEIN,PROTEIN,388.888888888889,74.0740740740741,4.07407407407407,5.92592592592593,1.11111111111111,,unknown,[]
Trozos De Pechuga,Trozos De Pechuga,95,23,0,0.3,0,,unknown,[]
Delarosa’s 50% Milk,,47,3.1,5,1.6,,,unknown,[]
protector solar,,,,,,,,unknown,[]
Sultana Capuchino,,184,0,0,30.8,,,unknown,[]
Happy Cream Cookies Limón,,475,4.4,77,17,1.7,,unknown,[]
Mejillones en Escabeche Picante,Mejillones en Escabeche Picante,170,20,2,8.5,0.4,,unknown,[]
Frijol Cargamanto Rojo,Frijol Cargamanto Rojo,343.333333333333,23.3333333333333,60,1.16666666666667,25,,unknown,[]
Iso Whey Isolate,,366.666666666667,80,3.33333333333333,5,,,unknown,[]
Crema desodorante,,,,,,,,unknown,[]
Arepas De Arroz,Arepas De Arroz,222.5,4.375,47.5,2.75,1.25,,unknown,[]
Burbujas de cereza,,,,,,,,unknown,[]
Sirope Manzana,,,,,,,,unknown,[]
Sirope de Cereza,,,,,,,,unknown,[]
QUESADILLO D'PROVINCIA,QUESADILLO D'PROVINCIA,,,,,,,unknown,"['en:milk-and-dairy-products', 'en:cheese']"
Dux Ranchero,Dux Rellenas Sabor Ranchera Queso Fundido Y Chipotle,333.333333333333,5.55555555555556,47.2222222222222,27.2222222222222,0.555555555555556,,unknown,[]
Sardines,,127,17,2,5.5,1,,unknown,[]
Papas Costillas BBQ Y Miel,Papas Costillas BBQ Y Miel,528,6.8,60,29.2,1.2,,unknown,[]
Sonic The Hedgehog Cereal,,396.666666666667,5.33333333333333,90,2.33333333333333,3,,unknown,[]
Super Brownie,,402.5,7,55,17,,,unknown,[]
Leche Semidescremada Deslactosada,,52,3.1,5.2,2.1,0,,unknown,[]
serun antiedad vitamina C ÁCIDO FELURICO,,,,,,,,unknown,[]
Salsa De Tocineta,Salsa De Tocineta,320,0,8.66666666666667,31.3333333333333,,,unknown,[]
Leche Latti Entera,,47,3.1,4.5,1.8,,,unknown,[]
trigo triturado,,,,,,,,unknown,[]
Brownie Melcochudo Milo,,402.5,7.75,67.5,12,,,unknown,[]
Galleta Con Helado,Galleta Con Helado,249.230769230769,3.23076923076923,41.5384615384615,8,0.615384615384615,,unknown,[]
Yogurt Líquido Sin Endulzar,Yogurt Líquido Sin Endulzar,54,3.4,3.4,3,,,unknown,[]
Gluten Free Oats,Avena en Ojuelas,372.727272727273,12.7272727272727,68.1818181818182,7.27272727272727,8.18181818181818,,unknown,[]
Popetas Mix,,500,5.2,68,24,,,unknown,[]
Brownie,,372.727272727273,6.96969696969697,51.5151515151515,16.0606060606061,3.33333333333333,,unknown,[]
choco expres,,,,,,,,unknown,[]
Bocadillo Veleño,Bocadillo Veleño,345,0,90,0,5.75,,unknown,[]
Takis Blue Heat,,528,6.4,64,28,1.2,,unknown,[]
bocadillo lonja,,,,,,,,unknown,[]
arroz excelso,,,,,,,,unknown,[]
Chorizo Santarosano,,318.421052631579,20.5263157894737,3.42105263157895,24.7368421052632,,,unknown,[]
Arepa de maíz peto integral,Arepa de maíz peto integral,209.615384615385,4.51923076923077,44.2307692307692,1.73076923076923,6.73076923076923,,unknown,[]
fresh free,,,,,,,,unknown,[]
Chocolate bar,,468.75,4.16666666666667,72.9166666666667,18.75,2.08333333333333,,unknown,[]
silver canas,,,,,,,,unknown,[]
Morena Line,,398,0,99,0,0,,unknown,[]
Helado Chocolate Avellanas,Helado Chocolate Avellanas,132,2.7,15,6.8,12,,unknown,[]
Paleta de Almendra,Paleta de Almendra,244.444444444444,3.33333333333333,21.1111111111111,15.5555555555556,,,unknown,[]
body butter,,,,,,,,unknown,[]
Yogurt finesse alpina x3,,,,,,,,unknown,[]
Champitas Dulces Y Saladas,Champitas Dulces Y Saladas,508,6,68,23.6,6.8,,unknown,[]
Paleta De Arequipe Artesanal,Paleta De Arequipe Artesanal,243,3.7,30,12,,,unknown,[]
Paleta Casera De Coco,Paleta Casera De Coco,175,3.16666666666667,20,9,,,unknown,[]
Barra De Proteína De Vainilla,Barra De Proteína De Vainilla,350,33.3333333333333,36.6666666666667,8.33333333333333,28.3333333333333,,unknown,[]
PB Ball,,409.433962264151,16.9811320754717,30.188679245283,24.5283018867925,15.0943396226415,,unknown,[]
Best Vegan Protein,,351.428571428571,71.4285714285714,0,6.57142857142857,,,unknown,[]
Yogurt Stevia Fresa JP,,57.3333333333333,3,4.6,3,1.33333333333333,,unknown,[]
Chorizo De Cerdo Ahumado,Chorizo De Cerdo Ahumado,270,14.4,3.6,22,0,,unknown,[]
Extra Lean Pork,,107.142857142857,20.5357142857143,0,2.23214285714286,0,,unknown,[]
Holandes,Holandes,374,26,0,30,0,,unknown,[]
Cabano,Cabano,251,24,15,11,,,unknown,[]
Hamburguesa Precocida,Hamburguesa Precocida,211.111111111111,13.3333333333333,9.55555555555556,13.3333333333333,,,unknown,[]
Claras de huevo,Claras de huevo,42,10,0.5,0,0,,unknown,[]
cola de caballo,,,,,,,,unknown,[]
Helado De Vainilla Gourmet,Helado De Vainilla Gourmet,144,5.1,21,6.8,7.1,,unknown,[]
Spaguetti De Palmito,,25,1,5,0.4,3,,unknown,[]
Albondigas,,226.666666666667,16.6666666666667,7.5,13.8333333333333,3,,unknown,[]
Garlic Baguette,,232,7.3,40,5.1,,,unknown,[]
Mozzarella,,276.666666666667,17,0.666666666666667,23,,,unknown,[]
Filetes Contramuslo De Pollo,Filetes Contramuslo De Pollo,111,21,0,3,,,unknown,[]
Galletas Chocolate JP,,514.285714285714,7.14285714285714,64.2857142857143,26.0714285714286,3.92857142857143,,unknown,[]
Dejuvent,,,,,,,,unknown,[]
Pasta De Arveja,,358.75,10.875,76.25,2.25,5,,unknown,[]
Tuna In Oil,,147,29,0,3.4,,,unknown,[]
Snack de avena hojuelas con quinoa y manzana,,,,,,,,unknown,[]
CINARQ,,,,,,,,unknown,[]
Choco Tajada,Choco Tajada,433.846153846154,5.69230769230769,52.3076923076923,23.0769230769231,3.07692307692308,,unknown,[]
Kefir Sandía-Fresa,Kefir Sandía-Fresa,33.5,5,3.4,0,,,unknown,[]
Pepsi,,,,,,,,unknown,[]
Vinegreta,,28,0.9,6,0,,,unknown,[]
Honey mustard,,0,0,25,0,25,,unknown,[]
Recharge Refreshing Powder,,165,0,41.6666666666667,0,15,,unknown,[]
Kabano Bakano,Kabano Bakano,292,32,7.9,14.8,0.7,,unknown,[]
Arepa de Maiz Amarillo,Arepa de Maiz Amarillo,129.807692307692,2.88461538461538,30.7692307692308,0.576923076923077,5.09615384615385,,unknown,[]
Arepa Maíz,Arepa Maíz,131,2.6,32,0,3.7,,unknown,[]
Tilapia En Filete,Tilapia En Filete,84,17.3333333333333,1,1.2,0,,unknown,[]
Leche En Polvo,,533.333333333333,25.3333333333333,40,30.6666666666667,0,,unknown,[]
áloe vera sunscreen,,,,,,,,unknown,[]
Salsa Pomodoro Y Verduras,Salsa Pomodoro Y Verduras,40.8,1.52,5.68,1.52,0.8,,unknown,[]
Papas BBQ Dulce,,550,6.25,50,37.0833333333333,5.41666666666667,,unknown,[]
lacturea,,,,,,,,unknown,[]
Hazelnut Protein Brownie Sanck De Avena Y Avellana,,310,20,50,7.4,8,,unknown,[]
Jamón Pollo,Jamón Pollo,88,13,6.5,1.1,0,,unknown,[]
Whey,,400,76.6666666666667,5.66666666666667,7.33333333333333,0,,unknown,[]
Choco Break Mega Wall Helado,Choco Break Mega Wall Helado,300,4,23.3333333333333,21.6666666666667,2,,unknown,[]
Barbacon,,190,19,3.7,11,0,,unknown,[]
Spaghetti De Arroz,,351,6.7,82,0,1.9,,unknown,[]
Crema Y Cebolla Papas,Crema Y Cebolla Papas,508,6.8,60,28,2.64,,unknown,[]
Mixed Raisins,,447,22,59,15,5.9,,unknown,[]
Leche pasteurizada entera,Leche pasteurizada entera,62,3.2,5,3.2,0,,unknown,[]
Michele’s Granola Original Mini,,500,10.7142857142857,53.5714285714286,28.5714285714286,7.14285714285714,,unknown,[]
Whey Cookies And Cream,,393.939393939394,69.6969696969697,10.6060606060606,8.48484848484848,0.606060606060606,,unknown,[]
DB's Chocolate Covered Peanuts (0.6),,491,5,66,22,2.3,,unknown,[]
Pan Tajado Coco Zanahoria,Pan Tajado Coco Zanahoria,251.428571428571,9.14285714285714,48.5714285714286,3.42857142857143,,,unknown,[]
"DB's Bridge Wafer, Minis (0.5)",,538,2,66,29,1.7,,unknown,[]
DB's Softy (0.5),,455,3,65,19,0.8,,unknown,[]
Turron De Granola,Turron De Granola,452,21.2,40,30.4,16.8,,unknown,[]
Chips Gourmet,,480,7.6,60,26,4.4,,unknown,[]
DB's Kulfilatto C&C,,257.5,3.75,33.75,12,1.25,,unknown,[]
Crispetas Mantequilla,Crispetas Mantequilla,525,6.5,56,33,1.9,,unknown,[]
Panela,Panela,358,0.7,89,0,,,e,"['en:sugary-snacks', 'en:sweets']"
Ques Fresco De Pasta Hilada,Ques Fresco De Pasta Hilada,284,26,0,20,,,unknown,[]
Balsamic Glaze,,223,0.4,55,0,,,unknown,[]
DB's Quick Oats Flour,Avena En Harina Precocida,388,15.6,52,13.6,2.8,,unknown,[]
nestum,,,,,,,,unknown,[]
Hamburguesas De Pollo,Hamburguesas De Pollo,241.111111111111,13.3333333333333,15.5555555555556,14.4444444444444,0,,unknown,[]
Pepperoni,Pepperoni,448.333333333333,18.3333333333333,0,41.6666666666667,0,,unknown,[]
Tomates Pelados Enteros,Tomates Pelados Enteros,17.5,1,3.75,0,0.75,,unknown,[]
Chocolate Cookies With Cream,,467.647058823529,5,76.4705882352941,16.4705882352941,3.82352941176471,,unknown,[]
Nuggets,,185,12.25,13,9.1,0.1,,unknown,[]
Gelatina,Gelatina,5.86206896551724,1.10344827586207,0.275862068965517,0,,,unknown,[]
Almond Butter,,575,20.5,29.5,44,10.5,,unknown,[]
Tuna,Atún En Aceite,176,20,0.7,10,0,,unknown,[]
Chontaduro,Chontaduro,164.705882352941,1.47058823529412,32.3529411764706,3.82352941176471,3.82352941176471,,unknown,[]
Pan Tajado Integral,Pan Tajado Integral,273.913043478261,10.4347826086957,52.1739130434783,3.91304347826087,5.65217391304348,,unknown,[]
Queso Mozarella,,293.939393939394,23.6363636363636,5.45454545454545,19.6969696969697,,,unknown,[]
Best Whey Total Ice Cream Flavor,Whey Total,400,86.6666666666667,5,3.33333333333333,,,unknown,[]
Queso Pera,,324,21,11,22,,,unknown,[]
Menta Libre De Azúcar Peppermint,Menta Libre De Azúcar Peppermint,,,,,,4,unknown,[]
Arroz Soplado,Arroz Soplado,359,6,80,0,2,,unknown,[]
Kéfir Con Dulce Vainilla,Kéfir Con Dulce Vainilla,53,2.8,6.5,1.7,,,unknown,[]
Galletas Saltinas,Galletas Saltinas,416,8.8,80,7.6,3.6,,unknown,[]
Masmelos Volcan De Chocolate,Masmelos Volcan De Chocolate,418.518518518519,4.07407407407407,70.3703703703704,12.962962962963,1.11111111111111,,unknown,[]
Paleta Vainilla Fudge,Paleta Cremosa Vanilla Con Cobertura Y Rellena De Fudge De Chocolate,302.727272727273,3.27272727272727,31.8181818181818,18.1818181818182,,,unknown,[]
pincel para sombra,,,,,,,,unknown,[]
Mogolla Integral,Mogolla Integral,292.5,9.5,55,5.25,6.25,,unknown,[]
Helado Frutos del bosque,Helado Frutos del bosque,203.333333333333,2.5,23.3333333333333,11.1666666666667,0.666666666666667,,unknown,[]
Vanilla Ice Cream,,200,5.33333333333333,20,9.11111111111111,0,,unknown,[]
Queso Mozarella,,313.636363636364,18.6363636363636,5,24.0909090909091,,,unknown,[]
Pan Tajado De Mantequilla,Pan Tajado De Mantequilla,277.272727272727,8.18181818181818,59.0909090909091,1.36363636363636,1.36363636363636,,unknown,[]
Chocolate,Chocolate,57,3.3,10,0.4,,,unknown,[]
Arroz Integral,Arroz Integral,344,7.8,74,2.2,3.2,,unknown,[]
Muffins Arándanos,Muffins Arándanos,352.380952380952,4.6031746031746,55.5555555555556,12.8571428571429,1.9047619047619,,unknown,[]
Frijoles Negtos,,68,4.3,9.7,1.8,1.9,,unknown,[]
Papas Cabellos De Ángel,Papas Cabellos De Ángel,553.333333333333,5.33333333333333,50.6666666666667,39.3333333333333,5.73333333333333,,unknown,[]
Intenze,,90,0,22.6666666666667,0,,,unknown,[]
Mezcla De Vegetales,Mezcla De Vegetales,72,3.2,14,1.4,4.5,,unknown,[]
Tortillas Rapiditos Con Avena,Tortillas Rapiditos Con Avena,280,5.66666666666667,56.6666666666667,2.33333333333333,5,,unknown,[]
Pollo Parrillero,Pollo Parrillero,510,14.4,54,28,7,,unknown,[]
Pepinillos,,56,0.6,14,0,1,,unknown,[]
Mostaza,,36,0,9.3,0,0.5,,unknown,[]
Bbq,,134,0.5,33,0,0,,unknown,[]
Barra De Proteína De Chocolate,,350,33,37,8.3,1.7,,unknown,[]
Vainilla Francesa,,251.111111111111,4.22222222222222,24.4444444444444,14.8888888888889,,,unknown,[]
Galletas Saladas,Galletas Saladas,458.333333333333,6.66666666666667,70.8333333333333,16.6666666666667,0,,unknown,[]
Linazamix,,388.888888888889,16.6666666666667,27.7777777777778,25,27.7777777777778,,unknown,[]
Gourmet Mozzarella,Gourmet Mozzarella,276.666666666667,17,0.666666666666667,23,0,,unknown,[]
Sourbet De Açai,,132,3.2,26,2.2,,,unknown,[]
acondicionador,,,,,,,,unknown,[]
Carne De Res Molida,Carne De Res Molida,98,21,0,1.5,,,unknown,[]
Blue Ice Gatorade,,24,0,5.9,0,,,unknown,[]
Pepinillos Agridulces,Pepinillos Agridulces,78,1,17,0.8,0.6,,unknown,[]
Marshmallows - Helado De Fresa,Helado De Fresa,400,4.07407407407407,70.3703703703704,11.4814814814815,0,,unknown,[]
Panecillos chia,,,,,,,,unknown,[]
Maiz,,,,,,,,unknown,[]
Lentejas,,,,,,,,unknown,[]
Jamón,,,,,,,,unknown,[]
Avena,,,,,,,,unknown,[]
Atún En Aceite De Girazol,Atún En Aceite De Girazol,170,25,0,7.8,,,unknown,[]
Pan De Agua,Pan De Agua,299,2.6,68,2.4,0,,unknown,[]
Ensalada De Atún,,210,16,2.7,15,,,unknown,[]
"Barra De Frutas, Frutos Secos Con Proteína De Arveja, Chocolate 70% Y Coco","Barra De Frutas, Frutos Secos Con Proteína De Arveja, Chocolate 70% Y Coco",405,20,46.6666666666667,18.3333333333333,8.5,,unknown,[]
rose,,,,,,,,unknown,[]
Avena Alquería Pro,,,,,,,,unknown,[]
Jamón de pierna (jamón de cerdo),Jamón de pierna (jamón de cerdo),93,20,0,1.4,,,unknown,[]
HYALURONIC ACID LOTION,,,,,,,,unknown,[]
Galleta Milo Anillos Chocolate,Galleta Milo Anillos Chocolate,408.823529411765,6.76470588235294,64.7058823529412,14.1176470588235,1.17647058823529,,unknown,[]
Queso Rajado 25% menos Grasa,Queso Rajado 25% menos Grasa,252.941176470588,26.1764705882353,5,14.1176470588235,0,,unknown,[]
Popcorn 100% Aceite De Oliva Sabor Dulce Sal,,480,8,64,18.8,5.6,,unknown,[]
Creamy Caesar Dressing,Creamy Caesar Dressing,66.6666666666667,3.33333333333333,3.33333333333333,0,0,4,unknown,[]
Kefir Natural Con Stevia,,51.6666666666667,3.75,5.5,1.66666666666667,,,unknown,[]
Maxilatto Vainilla Y Frutos Rojos,Maxilatto Vainilla Y Frutos Rojos,269.318181818182,3.52272727272727,38.6363636363636,11.3636363636364,0.909090909090909,,unknown,[]
Birthday Cake Bites,Birthday Cake Bites,428.571428571429,4.76190476190476,76.1904761904762,14.2857142857143,0,4,unknown,[]
Yogurt Griego De Fresa,Yogurt Griego De Fresa,62,5.7,8.6,0.5,,,unknown,[]
Griego Bebible,Griego Bebible,79,7.4,4.8,3.3,0,,unknown,[]
Lomos De Atún En Agua Al Natural,Lomos De Atún En Agua Al Natural,70,17.5,0,0.25,0,,unknown,[]
"Mix De Verduras: Zanahoria, Abeja, Maíz","Mix De Verduras: Zanahoria, Abeja, Maíz",72,3.2,14,1.4,4.5,,unknown,[]
Chicharronines,Chicharronines,613.333333333333,52,0,45.3333333333333,,,unknown,[]
Vegetal Oil Mix,,830,0,0,92,0,,unknown,[]
Natumiel,Natumiel,350,0,88,0,0,,unknown,[]
Queso Mozzarella Tajado,,263.333333333333,18.6666666666667,4.33333333333333,19,,,unknown,[]
Wrap Ensalada De Pollo,,134,15,16,1.9,3.4,,unknown,[]
Hamburguesa Quinua Real,Hamburguesa Quinua Real,387.272727272727,10.9090909090909,72.7272727272727,5.45454545454545,9.09090909090909,1,unknown,[]
Pan Artesanal JP,,261.111111111111,11,52,1.6,2.5,,unknown,[]
Tortillas De Harina Integral,Tortillas De Harina Integral,266,10,52,4.2,10,,unknown,[]
Monterey Negro,,357.142857142857,25,0,28.5714285714286,0,,unknown,[]
Tilsit Snack,,586.95652173913,37.8260869565217,7.39130434782609,43.4782608695652,,,unknown,[]
Harina De almendra,Harina De almendra,613.333333333333,21.3333333333333,18.6666666666667,53.3333333333333,10,,unknown,[]
Pavo en hamburguesa,Pavo en hamburguesa,152,16,1.9,8.9,,,unknown,[]
Mozarella Di Búfala,,276.666666666667,17,0.666666666666667,23,,,unknown,[]
Marañones Caramelo Y Sal JP,Marañones Caramelo Y Sal JP,493.333333333333,13.6666666666667,56.6666666666667,24.6666666666667,4.33333333333333,,unknown,[]
BBQ Flavor Doritos,Doritos Sabor Bbq,496.666666666667,6.33333333333333,66.6666666666667,24.3333333333333,5.66666666666667,,unknown,[]
,,5.26315789473684,2.28070175438596,4.03508771929824,0,2.63157894736842,,unknown,[]
Tocineta,Tocineta,281.8,12.7,0,25.7,,,unknown,[]
Croutons,,417,11,70,11,3.1,,unknown,[]
Vegan Filete Apañado Con Quinua Orgánica Al Ajillo Y Proteína De Arveja,Vegan Filete Apañado Con Quinua Orgánica Al Ajillo Y Proteína De Arveja,127.5,20,10,0.875,3.75,,unknown,[]
Arepa de yuca repleta de queso,Arepa de yuca repleta de queso,325,10,36,16,1.7,,unknown,[]
Jamón De Cerdo En Tajadas,Jamón De Cerdo En Tajadas,130,11,9.66666666666667,5.33333333333333,,,unknown,[]
Mazanana,,19.5,0,4.9,0,,,unknown,[]
pulpa,,,,,,,,unknown,[]
cafe,,,,,,,,unknown,[]
AlqueMix Mini Cookies,,119,3.1,20,3,,,unknown,[]
endulzante con stevia liquido,,,,,,,,unknown,[]
Galletas Chocolate,,498,7.3,67,23,2.9,,unknown,[]
Slight Melocoton,Slight Melocoton,37,4,5.6,0,0.9,,unknown,[]
Protector solar de uso diario,,,,,,,,unknown,[]
Quibbe Con Carne,,127,11.3,19,1.9,5.6,,unknown,[]
Arepitas de queso doblecrema,Arepitas de queso doblecrema,259,5.8,30,13,0.6,,unknown,[]
Queso,Queso,277,23,6.4,18,,,unknown,[]
Morcilla,Morcilla,185.714285714286,9.28571428571429,14.2857142857143,10.1785714285714,,,unknown,[]
acid mantle,,,,,,,,unknown,[]
Nuggets De Pollo Apanados,Nuggets De Pollo Apanados,172,11,11,10,2.8,,unknown,[]
Vinagre de sidra de manzana orgánico,,,,,,,,unknown,[]
Turrón De Maní,Turrón De Maní,397,3.7,89,2.9,,,unknown,[]
harina,,,,,,,,unknown,[]
Lescge Semidescremada,Lesche Semidescremada,44.5,3,4.65,1.55,,,b,"['en:milk-and-dairy-products', 'en:milk-and-yogurt']"
atomy,,,,,,,,unknown,[]
Benet Proteína,,35.3488372093023,6.97674418604651,0,0.465116279069767,,,unknown,[]
Salchichón,Salchichón,250,18.6,1,19.2,0,,unknown,[]
SALSA DE TOMATE RECETA ORIGINAL,SALSA DE TOMATE RECETA ORIGINAL,106.666666666667,1.33333333333333,24.6666666666667,0,0.666666666666667,,unknown,[]
Yogurt Entero Griego Natural Sin Dulce,Yogurt Entero Griego Natural Sin Dulce,95.3333333333333,9.33333333333333,8,2.8,,,unknown,[]
Pudín Sabor A Vainilla,,128.75,3.125,21.25,3.5,,,unknown,[]
Sour Cream,,253,2.9,4.3,25,,,unknown,[]
Pasta Tornillo,Pasta Tornillo,342,13,71,0.2,,,unknown,"['en:cereals-and-potatoes', 'en:cereals']"
Puré De Tomate,Puré De Tomate,33,1.6,6.4,0.3,,,unknown,[]
Atún En Lata Agua,Atún En Lata Agua,111,26,0,1,,,unknown,[]
Queso Pera,,327,22,3.8,25,,,unknown,[]
Vinagreta pomona de maracuyá,,,,,,,,unknown,[]
Avena Hojuelas Sin Gluten,,370.833333333333,12.9166666666667,73.3333333333333,7.5,6.66666666666667,,unknown,[]
Macadamias Del Alba Chocolate,,595,0,49,42,2.4,,unknown,[]
Salchicha parrillera Casablanca x14,,190,15,5.4,12,,,unknown,[]
Arepa Integral,Arepa Integral De Maíz,135.555555555556,4,32.2222222222222,0.555555555555556,7.88888888888889,,unknown,[]
lomitos de atun,,,,,,,,unknown,[]
Queso alpina Gruyere,,,,,,,,unknown,[]
base salsa napolitana,,,,,,,,unknown,[]
Lyne Endulzado Con Splenda Chocolate,Lyne Endulzado Con Splenda Chocolate,40,3.6,5.8,0.4,,,unknown,[]
Bone Broth Power Protein chocolate,,372,72,15.2,4,3.2,,unknown,[]
Soy Sauce,Soy Sauce,32,3.6,4.3,0,0,,unknown,[]
Mermelada Frutos Rojos,Mermelada Frutos Rojos,44,0.8,14,0,7.4,,a,"['en:sugary-snacks', 'en:sweets']"
Tortillas De Maiz,Tortillas De Maiz,211,4.3,51,0.4,6.8,,unknown,"['en:cereals-and-potatoes', 'en:bread']"
,,349,12.7,71.2,1.5,,4,b,"['en:cereals-and-potatoes', 'en:cereals']"
Maiz Tostado La Especial,,450,7.1,72.5,15.25,4,,unknown,[]
Queso Para Asar,,323.333333333333,24.3333333333333,2.33333333333333,24,,,unknown,[]
Alpin Chocolate,Alpin Chocolate,91,3.6,11,3.6,0,,unknown,[]
Helado Mandarina Nieve,Helado Mandarina Nieve,112,0,28,0,0,,unknown,[]
cremas,,,,,,,,unknown,[]
gel revitalizante para pies,,,,,,,,unknown,[]
Masmelos Choco Love,Masmelos Choco Love,409,4,74,11,1.2,,unknown,[]
Pan Tajado Tradicional Mantequilla,Pan Tajado Tradicional Mantequilla,258.108108108108,3.78378378378378,44.5945945945946,7.2972972972973,1.08108108108108,,unknown,[]
Queso Pepper Jack,,336.842105263158,22.8947368421053,2.10526315789474,26.3157894736842,,,unknown,[]
Queso Suizo,Queso Suizo,365.789473684211,26.3157894736842,0,28.9473684210526,,,unknown,[]
Queso Tradicional De España,Queso Tradicional De España,409,24,1.8,34,,,unknown,[]
Pasta Macarrones Tri Color,Pasta Macarrones Tri Color,307.8125,17.1875,68.75,2.1875,8.28125,,a,"['en:cereals-and-potatoes', 'en:cereals']"
Bocadillo - Dulce De Guayaba,Bocadillo - Dulce De Guayaba,347.727272727273,0.909090909090909,88.6363636363636,0,5.22727272727273,,unknown,[]
Classic Lemonade,,48,0.04,12.4,0,0,,unknown,[]
Salsa Rosada,Salsa Rosada,128,0,13,8.5,0,,unknown,[]
Gomitas Trululu Aros,,327.777777777778,3.88888888888889,77.7777777777778,0,0,,unknown,[]
Saltísimas Tradicionales,Saltísimas Tradicionales,400,8.51851851851852,77.7777777777778,6.66666666666667,2.96296296296296,,unknown,[]
Galletas Saltinas,,,,,,,,unknown,[]
Mix Yogurt,Mix Yogurt,546,18,38,36,6.6,,unknown,[]
gel antibacterial,,,,,,,,unknown,[]
esmalte roberto,,,,,,,,unknown,[]
Krimy Untable De Almendras Everything Bagel,,223.333333333333,9.66666666666667,5.33333333333333,19,4.66666666666667,,unknown,[]
Arepas De Yuca Con Queso Light,Arepas De Yuca Con Queso Light,205,4,43.3333333333333,2.33333333333333,3.83333333333333,,unknown,[]
Sardines In Olive Oil,,200,25,1.16666666666667,10.5,0,,unknown,[]
Italian Tomato Pure,,82.6959847036329,4.4,14,0.5,2.8,,unknown,[]
Fruit Crackers Con Relleno De Frutos Del Bosque,Fruit Crackers Con Relleno De Frutos Del Bosque,427.777777777778,5.83333333333333,75,12.2222222222222,2.5,,unknown,[]
jamón serrano,,,,,,,,unknown,[]
arroz,,,,,,,,unknown,[]
vinagre,,,,,,,,unknown,[]
Arequipe,Arequipe,166.666666666667,6.33333333333333,19.3333333333333,7,,,unknown,[]
Quesillo Tajado,Quesillo Tajado,246.666666666667,23.6666666666667,2.33333333333333,16,0,,unknown,[]
Arepa Queso Mantequilla,Arepa Queso Mantequilla,220.689655172414,5.86206896551724,31.0344827586207,8.62068965517241,,,unknown,[]
Pan De Arroz Hamburguesa,Pan De Arroz Hamburguesa,265,8.16666666666667,58.3333333333333,0.666666666666667,3.5,,unknown,[]
Anchura Rellena De Bocadillo,Anchura Rellena De Bocadillo,488,16,52,24,3.6,,unknown,[]
Tratamiento Embrión De Pato Aceite De Oliva Y Aceite De Argán,,,,,,,,unknown,[]
mogollón integrales,,,,,,,,unknown,[]
Salsa De Tomate,,98,1.5,24,0,2.4,,unknown,[]
Helado Crema Limon,Helado Crema Limon,234,3,31,11,0.6,,unknown,[]
French Fries Horneables Delgadas,Papas Horneables Delgadas,158.75,2.375,26.25,5,3.5,,unknown,[]
Doritos Sabor Pizza,Doritos Sabor Pizza,506.666666666667,7,63.3333333333333,26,5.33333333333333,,unknown,[]
fresh,,,,,,,,unknown,[]
Performance Drink Blackberry,,66.6666666666667,0,13.3333333333333,0,6.66666666666667,,unknown,[]
Vital Tostada Fruticereal,Tostada,366.666666666667,15,75,2.5,7.08333333333333,,unknown,[]
Burrata,Burrata,263.333333333333,13.6666666666667,2,22.6666666666667,0,,unknown,[]
guantes,,,,,,,,unknown,[]
protector solar,,,,,,,,unknown,[]
Helado Vainilla & Fresa,Helado Vainilla & Fresa,222,3.2,23,13,0,,unknown,[]
Rizadas Limon,,540,4.8,56,34.4,5.6,,unknown,[]
Galletas De Arroz Con Chocolate,Galletas De Arroz Con Chocolate,331,8,55,10.5,4,,unknown,[]
Arepa Casera,Arepa Casera,144.444444444444,3.22222222222222,32.2222222222222,0.333333333333333,2.88888888888889,,unknown,[]
Saltin Noel Tradicional,Saltin Noel Tradicional,437.5,10.8333333333333,79.1666666666667,7.91666666666667,2.91666666666667,,unknown,[]
salsa para aves,,,,,,,,unknown,[]
Frijoles antioqueños con tocino,Frijoles antioqueños con tocino,63,5.5,9.5,1.3,4.6,,unknown,[]
Granola Cocoa Fudge Cake,,516.666666666667,14,43.3333333333333,36.6666666666667,21.3333333333333,,unknown,[]
Pan Árabe Mini Fresco,Pan Árabe Mini Fresco,288,11,58,1.4,0.5,,unknown,[]
Greek Yogurt,,88,5.9,7.9,3.7,0.18,,unknown,[]
Yogurt Original Melocotón,Yogurt Original Melocotón,71,2.8,10,2.2,0,,unknown,[]
Polvo,,,,,,,,unknown,[]
Helado Mahalo Pistacho,Helado Mahalo Pistacho,86.6666666666667,0,12,4.22222222222222,10.4444444444444,,unknown,[]
Chachos Sabor Bbq,Chachos Sabor Bbq,533.333333333333,57.3333333333333,6,31.3333333333333,2,,unknown,[]
Churritos,Churritos,493.333333333333,4.66666666666667,73.3333333333333,20,,,unknown,[]
Pastel De Arequipe,Pastel De Arequipe,442.5,8.5,57.5,21.25,7,,unknown,[]
Almond drink,Almond drink,26,0.63,2.9,1.3,,,c,"['en:beverages', 'en:plant-based-milk-substitutes']"
calados,,,,,,,,unknown,[]
polvo,,,,,,,,unknown,[]
Griego Colágeno Hidrolizado,Griego Colágeno Hidrolizado,93.75,8.6,3.3125,5.125,0,,unknown,[]
café de brusca,,,,,,,,unknown,[]
agua potable,,,,,,,,unknown,[]
Maíz Dulce,Maíz Dulce,62,2,11,1.3,,,unknown,"['en:cereals-and-potatoes', 'en:cereals']"
Papas De Probre,Papas De Probre,274,6,50,5.6,0,,unknown,[]
crema de mani,,,,,,,,unknown,[]
mix pasas,,,,,,,,unknown,[]
fotoprotector,,,,,,,,unknown,[]
Chorizo Finas Hierbas,Chorizo Finas Hierbas,165,21.25,0.5,8.75,,,unknown,[]
vitaderm,,,,,,,,unknown,[]
Papas Sabor Oregano,Papas Sabor Oregano,353.571428571429,2.5,11.0714285714286,33.9285714285714,0,,e,"['en:salty-snacks', 'en:appetizers']"
yogur griego,,,,,,,,unknown,[]
vinagre blanco,,,,,,,,unknown,[]
Ensure,,,,,,,,unknown,[]
Aborrajados,Aborrajados,269,3.7,40,11,2.5,,unknown,[]
Granola Chocolate Chip Cookie,,490,14,53.3333333333333,29.6666666666667,19.6666666666667,,unknown,[]
Pan Tajado Con Masa Madre,Pan Tajado Con Masa Madre,299,9.7,53,4.5,1.8,,unknown,[]
Leche Deslactosada,Leche Deslactosada,47,3,4.8,1.7,,,unknown,[]
fedelite,,,,,,,,unknown,[]
anew limpieza hidratante,,,,,,,,unknown,[]
Helado De Caramelo,Helado De Caramelo,82.2222222222222,1.33333333333333,12.4444444444444,2.88888888888889,5.55555555555556,,unknown,[]
Helado De Frutos Rojos,Helado De Frutos Rojos,51.1111111111111,0.444444444444444,9.33333333333333,1.33333333333333,5.11111111111111,,a,"['en:milk-and-dairy-products', 'en:ice-cream']"
Slim Milk,Slim Milk,44.5,3,4.65,1.55,,,unknown,"['en:milk-and-dairy-products', 'en:milk-and-yogurt']"
Cuajada Colanta 250g,Cuajada Colanta 250g,288,19,1.3,23,,,unknown,[]
Milanes a De Pollo Apanada,Milanes a De Pollo Apanada,243.333333333333,9.55555555555556,18.8888888888889,14.4444444444444,0,,unknown,[]
Arepa De Maíz Blanco Media Tela,Arepa De Maíz Blanco Media Tela,130,2.8,32,0,5,,unknown,[]
Sedanini (green Peas),,328,20,67,0.8,13,,unknown,[]
Galletas De Arroz Con Leche Y Vainilla,Galletas De Arroz Con Leche Y Vainilla,301.14722753346,0,80,0,0,4,unknown,[]
Queso Reducido En Grasa,Queso Reducido En Grasa,208,16,0,16,0,,unknown,[]
Chocoblend,,499,30,37,26,8.6,,unknown,[]
Pan Tajado multicereal amapan,Pan Tajado multicereal amapan,363.636363636364,10.9090909090909,63.6363636363636,8.63636363636364,6.36363636363636,,unknown,[]
Harina,,348,12.4,72,1.6,2.8,,unknown,[]
Galleta Arequipe,Galleta Arequipe,415.789473684211,15,17.8947368421053,31.5789473684211,3.15789473684211,,unknown,[]
Mamgo Pepper Sauce,Mamgo Pepper Sauce,152,0,38,0,0,,unknown,[]
Polet Frutos Del Bosque,Polet Frutos Del Bosque,328.571428571429,4.42857142857143,31.4285714285714,20,0.714285714285714,,unknown,[]
,,,,,,,,unknown,"['en:milk-and-dairy-products', 'en:milk-and-yogurt']"
salchichón cerveroni,,,,,,,,unknown,[]
Tortillas Wraps,Tortillas Wraps,284.931506849315,9.86301369863014,54.7945205479452,3.6986301369863,3.6986301369863,,unknown,[]
Suero Costeño De Búfala,Suero Costeño De Búfala,100,3.33333333333333,16,2.66666666666667,0,,unknown,[]
Brownie - Mantequilla De Mani,,485,10,53.3333333333333,26.6666666666667,4.16666666666667,,unknown,[]
Whey Pro Satchet,,403.333333333333,76.6666666666667,5.66666666666667,8.33333333333333,,,unknown,[]
Syrup Maple,,,,,,,,unknown,[]
Titán Beef,Titán Beef,103,5.6,18,1,0.3,,unknown,[]
Creatine Monohydrate,,,,,,,,unknown,[]
Whey Protein (WPC-80),,390,80,6,5,,,unknown,[]
shampoo sin sal sin olor a cebolla,,,,,,,,unknown,[]
shampoo hidratación intensiva ácido hialurónico,,,,,,,,unknown,[]
Nachos Almendras Limón,Nachos Almendras Limón,226.086956521739,8.69565217391304,8.69565217391304,17.3913043478261,4.34782608695652,4,unknown,[]
,,,,,,,,,
Mini Galletas De Chocolate,Mini Galletas De Chocolate,476.666666666667,3,66.6666666666667,25,13,,unknown,[]
Hamburguesa mixta de res y cerdo preasada,Hamburguesa mixta de res y cerdo preasada,,,,,,4,unknown,"['en:fish-meat-eggs', 'en:meat', 'en:meat-other-than-poultry']"
Sazonador Naturisimo,Sazonador Naturisimo,,,,,,,unknown,[]
Queso Picante,,503,6.8,65,25,5,,unknown,[]
Chocorramo Esquina,,,,,,,,unknown,[]
Griego Con Colágeno Hidrolizado,Griego Con Colágeno Hidrolizado,94,8.6,3.3,5.1,,,unknown,[]
Colageno Hidrolizado,Colageno Hidrolizado,200,25.6666666666667,23,0.666666666666667,0.133333333333333,,unknown,[]
Salsa mayo,Salsa mayo,238,0.7,9.8,22,1.1,4,d,"['en:fats-and-sauces', 'en:dressings-and-sauces']"
Krima,,,,,,,,unknown,[]
Canasticas - cookies with blackberry filling,,466.666666666667,7.11111111111111,71.1111111111111,17.7777777777778,2.22222222222222,,unknown,[]
Chicharron Carnudo Natural,Chicharron Carnudo Natural,600,53.3333333333333,0.666666666666667,42.6666666666667,0,,unknown,[]
Mantequilla SIN SAL,Mantequilla SIN SAL,771.428571428571,1.42857142857143,4.28571428571429,82.8571428571429,,,unknown,[]
Leche en polvo,,,,,,,,unknown,[]
Jugo de naranja,Jugo de naranja,43,0.7,10,0,,,unknown,[]
Galletas frutos rojos,Galletas frutos rojos,444,6.2,53,23,4.4,,unknown,[]
Delgadas,Delgadas,130,3.33333333333333,31.1111111111111,0.555555555555556,5,,unknown,[]
Biotics,,,,,,,,unknown,[]
Proteína Iso Sabor A Vainilla,Proteína Iso Sabor A Vainilla,369.69696969697,81.8181818181818,6.36363636363636,1.51515151515152,1.51515151515152,4,unknown,[]
carne molida de res,,,,,,,,unknown,[]
pimienta,,,,,,,,unknown,[]
Miel Oh Honey Picante Mecio,Miel Oh Honey Picante Mecio,314.285714285714,0,78.5714285714286,0,,,unknown,[]
Kola granulada,,,,,,,,unknown,[]
Hojuela De Coco,,677,6.9,24,65,16,,unknown,[]
Mezcla Lista Para Preparar Pancakes & Waffles,Mezcla Lista Para Preparar Pancakes & Waffles,405,16,64,11,6.8,,unknown,[]
Granola Coco,,376.666666666667,9.66666666666667,73.3333333333333,7.33333333333333,10,,unknown,[]
Pan Baguette,,238,8.8,49,0.6,3.3,,unknown,[]
Besiqueso,Besiqueso,500,4.66666666666667,66.6666666666667,25.3333333333333,6,,unknown,[]
Brillo labial,,,,,,,,unknown,[]
labial líquido,,,,,,,,unknown,[]
NutriBela 15,,,,,,,,unknown,[]
Protein Brownie,Protein Brownie,330,18,14,22,8,,unknown,[]
Fusilli,Fusilli,346.875,13.28125,73.4375,0.9375,4.21875,,unknown,[]
Premium Firm Tofu,,70.5483961997931,8.23064622330919,1.17580660332988,3.52741980998965,0.587903301664942,,unknown,[]
recamier,,,,,,,,unknown,[]
Yogurt Stevia Frutos Del Bosque JP,,59.3333333333333,3.2,4,3.4,1.13333333333333,,unknown,[]
Protein Pancake,,374,30,52,6.2,3.4,,unknown,[]
Suero Crema De La Bonga Del Sinú,Suero Crema De La Bonga Del Sinú,136.666666666667,8,3,11,0,,unknown,[]
Lomos De Atún En Aceite De Oliva Natural,,190.384615384615,25,1.34615384615385,9.42307692307692,0,,unknown,[]
Crema De Arroz,Crema De Arroz,344.444444444444,7.77777777777778,68.6666666666667,3.77777777777778,2.22222222222222,,unknown,[]
Fríjoles Normales Sin Conservantes,,156,11.3333333333333,32,0,8,,unknown,[]
Jamon Mixto,Jamon Mixto,95,12,7.7,1.9,,,unknown,[]
Arepa de yuca rellena de mozarella,Arepa de yuca rellena de mozarella,298.863636363636,8.06818181818182,38.6363636363636,12.5,2.15909090909091,,unknown,[]
Jamón De Cerdo,Jamón De Cerdo,94.2857142857143,16.8571428571429,0,2.28571428571429,0,,unknown,[]
Monster Energy ultra violet,Monster Energy ultra violet,2.4,0,0,0,0,4,c,"['en:beverages', 'en:artificially-sweetened-beverages']"
Granola Pistacho,Granola Pistacho,483.333333333333,18.3333333333333,50,27,14.3333333333333,,unknown,[]
Aceitunas Con Queso,Aceitunas Con Queso,200,2,4.66666666666667,21.3333333333333,4,,unknown,[]
Snack queso y bocadillo,,324.489795918367,13.265306122449,34.6938775510204,15.3061224489796,0.816326530612245,,unknown,[]
100% Whole Wheat Tortillas Medium-Soft Taco Size,,286,10,50,7.2,9.1,,unknown,[]
Monterey Jack Cheese,,352,21,3.9,28,,,unknown,[]
Bi Pro Classic Whey Protein Isolate,,357.692307692308,76.9230769230769,4.61538461538461,2.69230769230769,0.384615384615385,,unknown,[]
Yogurt Griego,Yogurt Griego,71,6,5.8,2.9,0,,unknown,[]
Yogur Griego,Yogur Griego,92.6666666666667,7.2,7.6,3.8,,,unknown,[]
Hot Peppers Stuffed With Ricota In Sunflour Oil,,137,6.1,3,11,1.4,,unknown,[]
Té Limón Mandarino,,377.358490566038,0,94.3396226415094,0,,,unknown,[]
Pavo Trocitos Bbq,,137,18,12,1.9,0,,unknown,[]
Jamón Serrano Reserva,Jamón Serrano Reserva,370,30.3333333333333,0,27.3333333333333,0,,unknown,[]
Te Blanco,Te Blanco,0,0,0,0,,,unknown,[]
Mezcla En Polvo Te Verde,Mezcla En Polvo Te Verde,0,0,0.5,0,0.55,,unknown,[]
Jugo de Naranja,Jugo de Naranja,92,1,22,0,,,unknown,[]
sarten,,,,,,,,unknown,[]
Papas Fritas Kythos Limón,Papas Fritas Kythos Limón,582,5.2,46,43,4.8,,unknown,[]
Spicy Dry Tofu,,211.764705882353,18.8235294117647,3.52941176470588,14.1176470588235,2.35294117647059,,unknown,[]
Salsa Estilo Guacamole,Salsa Estilo Guacamole,210,0.8,11,18,0,,unknown,[]
Jamón Mixto De Cerdo Y Pollo,Jamón Mixto De Cerdo Y Pollo,95,12,7.7,1.9,0.6,,unknown,[]
Pan Tajado Integral,Pan Tajado Integral,270.833333333333,9.58333333333333,50,4.58333333333333,4.16666666666667,,unknown,[]
magnesium citrate complex,,,,,,,,unknown,[]
Arepas De Maíz,Arepas De Maíz,195,6.16666666666667,33.3333333333333,4.33333333333333,0.833333333333333,,unknown,[]
Yogurt Griego Bebible,Yogurt Griego Bebible,42,6.4,4.2,0,,,unknown,[]
Barquillo Relleno De Cocoa,Barquillo Relleno De Cocoa,502,5.4,63,26,2.8,,unknown,[]
Granos De Maíz Dulce,Granos De Maíz Dulce,69,2.4,13,0.9,0.5,,a,"['en:cereals-and-potatoes', 'en:cereals']"
Nacho Chips,,475,6.3,63,22,11,,unknown,[]
Galleta Con Helado Vainilla Pasas,Galleta Con Helado Vainilla Pasas,277,5.2,49,7.1,1.5,,unknown,[]
Protein Veggie Powder,,100,18,7.5,1.7,3.2,,unknown,[]
bebida de almendras,,24,0.6,0,2.4,0,,unknown,[]
bebida de almendras en polvo,,,,,,,,unknown,[]
Barras de cereal,,,,,,,,unknown,[]
Barra de cereal,,,,,,,,unknown,[]
Auténtica Mostaza inglesa,,,,,,,,unknown,[]
Aceitunas Con Relleno De Anchoas,Aceitunas Con Relleno De Anchoas,160,1.33333333333333,6.66666666666667,15.3333333333333,2.66666666666667,,unknown,[]
Vanilla Wafers,,431,3,63,22,10,,unknown,[]
nude protect protector solar,,,,,,,,unknown,[]
tratamiento de frutas,,,,,,,,unknown,[]
Chicharrones Kythos,,472,73,0,20,,,unknown,[]
Butifarra,Butifarra,275,18,1,23,,,unknown,[]
Doritos Jalapeño,Doritos Jalapeño,494,6.5,67,24,6.1,,unknown,[]
Pistachio Cubes,Pistachio Cubes,350,5,35,25,15,,unknown,[]
nutrit restauramax,,,,,,,,unknown,[]
Yogurt Descremado Sabor Fresa,,31.5,3.05,3.75,0.5,0,,unknown,[]
Helado Con Fresa,Helado Con Fresa,100,0,24.1935483870968,0,0.967741935483871,,unknown,[]
Siracha,,121,1.8,29,0,1.2,,unknown,[]
Jumbo Flow Mini,,472.222222222222,6.66666666666667,61.1111111111111,22.2222222222222,2.22222222222222,,unknown,[]
Lonchitas Slices,,279.411764705882,11.1764705882353,11.4705882352941,20.8823529411765,,,unknown,[]
Queso Sabanero,Queso Sabanero,329,23,5.2,24,0,,unknown,[]
tratamiento para el cabello,,,,,,,,unknown,[]
Arepas de Chócolo Rellenas con Queso,Arepas de Chócolo Rellenas con Queso,159,6.1,30,3.6,8.8,,unknown,[]
"Saltine Crackers, Queso Y Mantequilla",,436,9.4,72,13,3.2,,unknown,[]
Salsa Con Mora,,21,0,6.66666666666667,0,3.33333333333333,,unknown,[]
Cacao Hunters,,625,9.28571428571429,29.2857142857143,57.1428571428571,18.5714285714286,,unknown,[]
Barra De Cereal,,36.9747899159664,1.00840336134454,6.30252100840336,1.5546218487395,2.81512605042017,,unknown,[]
,,,,,,,,unknown,[]
Cocosette,,463.888888888889,5,75,16.1111111111111,,,unknown,[]
Arepas Con Queso,Arepas Con Queso,158,5.5,24,4.4,0,,unknown,[]
Chorizo,,285,12,4.3,25,,,unknown,[]
yogurt griego,,,,,,,,unknown,[]
Pan Integral De Maíz Con Aceite De Olivas,Pan Integral De Maíz Con Aceite De Olivas,260,4,50,6,2,,unknown,[]
Salsa De Ajo,Salsa De Ajo,698,1,6.6,74,,,unknown,[]
Arepa Mediana,,144,2.8,35,0.3,4.8,,unknown,[]
Kefir,,33.6363636363636,5,3.40909090909091,0,,,unknown,[]
strawberry lemonade,,10,0,2.85,0,2.85,,unknown,[]
filete de basa,,,,,,,,unknown,[]
Semisweet 53% Chocolate Barks With Caramel And Sea Salt,,581,5.6,52,39,1.2,,unknown,[]
Palitos De Yuca,Palitos De Yuca,340,13,30,18,0.9,,unknown,[]
Oreo Selena Gomez Cookies,,482,4.4,71,20,2,,unknown,[]
spray para linos y textiles,,,,,,,,unknown,[]
Jamón seleccionado 143g,Jamón seleccionado 143g,98.0392156862745,14.2156862745098,6.86274509803922,1.47058823529412,,,unknown,[]
Mini Almojábanas,,280,8.5,37.5,10.5,,,unknown,[]
Galletas de mantequilla,Galletas de mantequilla,523.333333333333,6.66666666666667,63.6666666666667,25.6666666666667,1.2,,unknown,[]
Arepa Con Queso,Arepa Con Queso,170,3.75,33.75,3,3.5,,unknown,[]
Gaseosas,,,,,,,,unknown,[]
Proteína vegetal Taeq,,,,,,,,unknown,[]
Splenda Endulzante,Splenda Endulzante,,,,,,4,unknown,[]
queso holandes,,,,,,,,unknown,[]
Brownie Relleno De Arequipe,,357,6.2,59,12,5.9,,unknown,[]
Capuccino,Capuccino,433.333333333333,10.8333333333333,67.5,15.8333333333333,,,unknown,[]
Pineapple Sauce,,106.666666666667,0,26.6666666666667,0,,,unknown,[]
Arepa De Maíz Con Margarina Y Sal,Arepa De Maíz Con Margarina Y Sal,157,4,29,3.7,4,,unknown,[]
Mix Arandanos Con Yogurt Griego,Mix Arandanos Con Yogurt Griego,503.333333333333,16.6666666666667,43.3333333333333,33.3333333333333,10,,unknown,[]
Palmitos De Mar,Palmitos De Mar,154,4.5,33,0.6,,,unknown,[]
Granola Frutos Rojos taeq,Granola Frutos Rojos taeq,386.666666666667,6.33333333333333,80,7.66666666666667,13.3333333333333,,unknown,[]
Kevin Con Dulce De Frutos Del Bosque,Kevin Con Dulce De Frutos Del Bosque,62,2.73333333333333,11.3333333333333,0.733333333333333,,,unknown,[]
Cafe Mocaccino,,89.2,3.32,12,3.32,0.92,,unknown,[]
Galletas Sin Culpa,Galletas Sin Culpa,486.666666666667,8,66.6666666666667,21.6666666666667,4.33333333333333,,unknown,[]
Chorizo ternera 440 grs,,,,,,,,unknown,[]
Salchicha de pavo,,132,17,1.3,6.8,0,,unknown,[]
Hamburguesa ranchera,,,,,,,,unknown,[]
Chorizo cunit 400 grs,,,,,,,,unknown,[]
Chorizo cunit 175 grs,,,,,,,,unknown,[]
Cazadora Cunit,Salchicha Cazadora,245,12,4,20,0,,unknown,[]
Salchichón Cunit 850 grs,,,,,,,,unknown,[]
Super perro 640 grs,,,,,,,,unknown,[]
Veggie mix,,,,,,,,unknown,[]
Cazadora 218 grs,,,,,,,,unknown,[]
Butifarra Zenú,,,,,,,,unknown,[]
Santarrosano 480 grs,,,,,,,,unknown,[]
Cervecero ranchera,,,,,,,,unknown,[]
Salchicha tradicional,,,,,,,,unknown,[]
champú rubios,,,,,,,,unknown,[]
Mino Brownies,,,,,,,,unknown,[]
Arveja con zanahoria,,,,,,,,unknown,[]
Café Oma,,,,,,,,unknown,[]
Colageno,,,,,,,,unknown,[]
Popcorn Cuisine & Co,,350,9,76.6666666666667,3.33333333333333,13.3333333333333,,unknown,[]
Mayoajo,Mayoajo,313.333333333333,1.33333333333333,10,30,,,unknown,[]
Queso Parmesano,,377.777777777778,32.2222222222222,2.22222222222222,26.6666666666667,,,unknown,[]
Yogurt Griego Descremado,Yogurt Griego Descremado,53,9.1,4.1,0,,,unknown,[]
Harina De Trigo,Harina De Trigo,352,11,75,1.3,2.1,,unknown,[]
Barra De Cereal Cream De Mani,,456,22,45,25,11,,unknown,[]
Spirulina,,365,64,26,0.5,9.3,,unknown,[]
Cábano de Cerdo,,280,20.4,2,21.6,0,,unknown,[]
Chorizo Colanta,,,,,,,,unknown,[]
Gusanitos,Gusanitos,320,4,75,0,,,unknown,[]
Queso Pera,,300,20,0.9,24,0,,unknown,[]
Mini Pandeyucas,,246.666666666667,5.33333333333333,36,8.66666666666667,,,unknown,[]
Mini palitos de queso,Mini palitos de queso,445,7,75,14.5,7.5,,unknown,[]
Kumis,,91.3333333333333,3.13333333333333,13.3333333333333,3,0,,unknown,[]
Galletas Dulces,Galletas Dulces,457.894736842105,6.84210526315789,73.6842105263158,15.7894736842105,3.42105263157895,,unknown,[]
Yogurt Griego Sin Dulce,Yogurt Griego Sin Dulce,55.3333333333333,8.66666666666667,3.93333333333333,0.533333333333333,,,unknown,[]
Snack De Película,,534,18,33,38,6,,unknown,[]
Almendras Saladitas,Almendras Saladitas,600,24,19,50,11.3333333333333,,unknown,[]
Lasagna Con Pollo,,152,10,15,5.7,1.1,,unknown,[]
Jamón De Pierna De Cerdo,Jamón De Pierna De Cerdo,96.969696969697,18.1818181818182,1.81818181818182,1.81818181818182,0,,unknown,[]
Rapi Tuca Palitos,Rapi Tuca Palitos,223,0.5,37,8.5,2.6,,unknown,[]
Tortillas Haz De Oros Tradicionales,Tortillas Haz De Oros Tradicionales,280,10,53.3333333333333,3.66666666666667,,,unknown,[]
Manicho,Manicho,560,8,52,36,4,4,unknown,[]
Paleta Selecta Cafe Caramelo,,243,3.7,29,13,2.4,,unknown,[]
Churros,Churros,174,6,34,1.8,2,,unknown,[]
Tradición Selecta Chocolate,,384.210526315789,6.84210526315789,52.6315789473684,16.8421052631579,3.68421052631579,,unknown,[]
Paleta Cremosa Piña Colada,,240,3.2,30,12,0,,unknown,[]
Aderezo César,Aderezo César,73.3333333333333,0,5.66666666666667,5.66666666666667,,,unknown,[]
Mermelada De Naranja,,212,0,52,0,2,,unknown,[]
Pizza Jamón Y Queso,Pizza Jamón Y Queso,265.384615384615,13.0769230769231,33.0769230769231,9.23076923076923,1.76923076923077,,unknown,[]
Galletas Con Helado Napolitano,Galletas Con Helado Napolitano,264.615384615385,5.07692307692308,44.6153846153846,7.23076923076923,,,unknown,[]
Contra muslos De Pollo,Contra muslos De Pollo,131.25,21.25,0,5.125,,,unknown,[]
Frozen Vegetable Mix,,38,1.2,6.4,0,2.6,,unknown,[]
Nuggets A Base De Proteina Vegetal,,268,15,20,15,3.5,,unknown,[]
Papas Fosforito,,524,5.2,60,30.8,4.4,,unknown,[]
Spreadable Cheese,,290,9,14,22,,,unknown,[]
Pan Tajado Integral,Pan Tajado Integral,267,11,53,3.2,8.7,,unknown,[]
Salsa Con Tomate Lyte,,26.6666666666667,1.33333333333333,5.33333333333333,0,0.666666666666667,,unknown,[]
Snack Bites Flavour Jalapeño & Lime,,491,8.4,61.6,22.8,3.1,,unknown,[]
Rapiya,,,,,,,,unknown,[]
Salchichón Cunit 480,,,,,,,,unknown,[]
Whey Pure,,366.666666666667,86.6666666666667,4.33333333333333,0.333333333333333,0.633333333333333,,unknown,[]
Plátanos Maduros,Plátanos Maduros,496,2.6,70,24,5.1,,unknown,[]
Salsa BBQ Sin Azucar Añadida,Salsa BBQ Sin Azucar Añadida,13.3333333333333,0,2.66666666666667,0,,,unknown,[]
Chicharrones De Cerdo,Chicharrones De Cerdo,472,73,0,20,0,,unknown,[]
Kefir,,49,3.1,5.7,1.5,0,,unknown,[]
Yogurt Griego Entero Sin Azucar,Yogurt Griego Entero Sin Azucar,149,5.6,18,6.2,0,,unknown,[]
Papas Rusticas,Papas Rusticas,103.75,2.25,17.5,2.75,2.5,,unknown,[]
Queso Provolone,,340,25,0,26.6666666666667,0,,unknown,[]
fresh nature,,,,,,,,unknown,[]
Bebida carbonatada INAAM,,,,,,,,unknown,[]
Bebida carbonatada 0% Cal INAAM,,,,,,,,unknown,[]
Bebida Alcohólica Rose *269 LIT,,,,,,,,unknown,[]
Bebida alcohólica Piña Limón ENIWER,,,,,,,,unknown,[]
Palito de Hojaldre,,,,,,,,unknown,[]
Sazonador Completo,,,,,,,,unknown,[]
Corazón de Hojaldre x44G TO EAT,,,,,,,,unknown,[]
Leche Saborizada Chocolate,,71.5,3.05,11,1.7,0,,unknown,[]
Whey Protein Elitemax,,393.333333333333,86.6666666666667,6.66666666666667,0,,,unknown,[]
AirFryer Hashbrown,,152.5,1.25,17.5,9.25,,,unknown,[]
Papas Super Ricas x105G,,,,,,,,unknown,[]
Platanos Maduros VITAD,,,,,,,,unknown,[]
Corazón Hojaldrado,Corazón Hojaldrado,482,8,64,22,2.2,,unknown,[]
Isolate Total,,352.941176470588,88.2352941176471,2.94117647058824,0,,,unknown,[]
Airfryer French Fries,,142,1.6,24,4.9,1.9,,unknown,[]
Tostaditas Napolitanas,Tostaditas Napolitanas,474,11,63,21,5.5,,unknown,[]
Tostada Integral,Tostada Integral,375,11,86,0,6.3,,unknown,[]
Arepa Amarilla Con Sal,Arepa Amarilla Con Sal,161.111111111111,3.22222222222222,37.7777777777778,0,2.55555555555556,,unknown,[]
Marañón,Marañón,581,17,30,48,3,,unknown,[]
,7704269261723,,,,,,,unknown,[]
,colombiana 2.5,,,,,,,unknown,[]
Bone broth Powder,,36.8,8.4,0.24,0.28,0.16,,unknown,[]
Mermelada de fresa DUPERLY'S *250g,,,,,,,,unknown,[]
Café Paraiso Sagrado x340g,,,,,,,,unknown,[]
Bebida de Te Mujer Alquimia Lata,,,,,,,,unknown,[]
Albaricoque,Albaricoque,285,3.3,73,0,10,,unknown,[]
Leche Deslactosada,Leche Deslactosada,45,3.1,4.8,1.5,,,unknown,[]
Queso Mozzarella de Búfalo Colanta,,,,,,,,unknown,[]
Panorama centro,,,,,,,,unknown,[]
Papas Margarita Limón Bolsaza x75g,,,,,,,,unknown,[]
Queso Parmesano,,377.777777777778,29.4444444444444,7.22222222222222,25.5555555555556,,,unknown,[]
Tocineta De Pavo,Tocineta De Pavo,216.666666666667,14.1666666666667,0,17.5,,,unknown,[]
Maní Con Pasas,Maní Con Pasas,511,21,35,35,11,,unknown,[]
Choclitos Limon,Choclitos Limon,510,6,63.3333333333333,27,6.66666666666667,,unknown,[]
Trucha En Mariposa,Trucha En Mariposa,138.181818181818,20,0,6.36363636363636,0,,unknown,[]
Chicharrón,,596,46,4,43,0.2,,unknown,[]
Takis Fuego,Takis Fuego,508.695652173913,7.39130434782609,60.8695652173913,26.9565217391304,3.91304347826087,,unknown,[]
Pan perro Servipan,,,,,,,,unknown,[]
Natumalta,,,,,,,,unknown,[]
Choco Krispis,Choco Krispis,376.666666666667,5,86.6666666666667,1.66666666666667,3,4,unknown,[]
Marañon,,589,18,29,44,,,unknown,[]
agua potable,,,,,,,,unknown,[]
Queso Bajo En Grasa,Queso Bajo En Grasa,247.058823529412,29.4117647058824,5,12.6470588235294,,,unknown,[]
Creatina Atomic,,180,0.1,46,0,0,,unknown,[]
Suntea Limon,,,,,,,,unknown,[]
Rosquillas Integrales Naturela,,,,,,,,unknown,[]
Tortilla Arroz,Tortilla Arroz,221.875,3.125,37.5,6.25,,,unknown,[]
Samsara café frío latte Caramelo,Samsara café frío latte Caramelo,49,1.7,6.9,1.6,0,4,c,"['en:beverages', 'en:sweetened-beverages']"
Mezcla Cachapas,Mezcla Cachapas,148,4.5,36,0.9,5.5,,unknown,[]
Tortillas Harina De Trigo,Tortillas Harina De Trigo,290,9.71428571428571,47.1428571428571,6.28571428571429,2.14285714285714,,unknown,[]
Arroz Premium,,344,6.6,80,0,3.6,,unknown,[]
Griego Bebible,Griego Bebible,53.0769230769231,6.92307692307692,6.15384615384615,0,,,unknown,[]
Barra de Proteína (Maní,,326.923076923077,42.3076923076923,13.4615384615385,13.4615384615385,1.92307692307692,,unknown,[]
Protein Bar (Mint Flavor),,502,22,18,38,10,,unknown,[]
toallas,,,,,,,,unknown,[]
Tarro Mini Wafer,,,,,,,,unknown,[]
citrato de magnesio,,,,,,,,unknown,[]
Maní - Mantequilla POP,,506.25,15,43.75,31.25,5,,unknown,[]
multi vitamínico Kola granulada,,,,,,,,unknown,[]
Oreo Sabor A Vainilla,Oreo Sabor A Vainilla,469.444444444444,4.16666666666667,72.2222222222222,18.0555555555556,0.833333333333333,,unknown,[]
meus cachos my curls,,,,,,,,unknown,[]
arándanos deshidratados,,,,,,,,unknown,[]
schick,,,,,,,,unknown,[]
Arepa,,183.75,4.625,36.25,2.25,0,,unknown,[]
Six pack Bebida Surtida MEH,,,,,,,,unknown,[]
Lomitos De Atún,Lomitos De Atún,120,24,0,2.5,,,unknown,[]
zarzaparrilla,,,,,,,,unknown,[]
vinagre de sidra de manzana,,,,,,,,unknown,[]
Oreo cobertura sabor a chocolate blanco,Oreo cobertura sabor a chocolate blanco,509.090909090909,7.57575757575758,63.6363636363636,25.1515151515152,0.909090909090909,,unknown,[]
Sandwich Helado,Sandwich Helado,277.5,4.875,40,11.375,2.25,,unknown,[]
Yogurt Semidescremado De Café,Yogurt Semidescremado De Café,51,3.8,7,0.9,,,unknown,[]
Yogurt Semidescremado Fresa Y Banano,Yogurt Semidescremado Fresa Y Banano,64,4.6,8.8,1.2,,,unknown,[]
Queso Mozarella,,240,20.8,6.4,14.4,0,,unknown,[]
Tomates Secos En Conserva Con Hierbas,Tomates Secos En Conserva Con Hierbas,220,4.75,20,15,6.75,,unknown,[]
Penne Rigate,,356.25,13.75,75,1.25,5.125,,unknown,[]
Sparkling Iced Tea,,,,,,,,unknown,[]
Empanada con Carne Frescampo,,,,,,,,unknown,[]
Golpe Con Todo Sabor Natural,Golpe Con Todo Sabor Natural,564.444444444444,12,46.6666666666667,37.7777777777778,5.55555555555556,,unknown,[]
Lentejas Con Zanahoria Y Papa,Lentejas Con Zanahoria Y Papa,48.3333333333333,2.83333333333333,11.6666666666667,0.416666666666667,6.66666666666667,,unknown,[]
Galleta con helado jumbo,Galleta con helado jumbo,338.356164383562,6.71232876712329,42.4657534246575,16.4383561643836,1.78082191780822,,unknown,[]
Trozos de pechuga de Pollo Apanados,Trozos de pechuga de Pollo Apanados,208,18,13,9.3,0,,unknown,[]
Choclitos Limon,,,,,,,,unknown,[]
Ryan Castro Chocolate,,550,6.66666666666667,54.1666666666667,34.1666666666667,0.833333333333333,,unknown,[]
Jamón de Cerdo Parchi,,,,,,,,unknown,[]
Chorizo Conternar Colanta,Chorizo Con Ternera 450g,178.571428571429,16.7857142857143,1.25,11.7857142857143,,,unknown,[]
Gomas Masticables Vinagre De Manzana,Gomas Masticables Vinagre De Manzana,92,0,23,0,,,unknown,[]
Proteína,,371,72,12.5,3.8,,,unknown,[]
Maní Caramelo Sal,Maní Caramelo Sal,533.333333333333,19,43.3333333333333,33.3333333333333,7.66666666666667,,unknown,[]
Cereal Quinoa miel,Cereal Quinoa miel,326.666666666667,8.66666666666667,70,1.66666666666667,1.33333333333333,,unknown,[]
galletas para bebe,,,,,,,,unknown,[]
Salsa Aderezo Ajo,,,,,,,,unknown,[]
Atún En Aceite,Atún En Aceite,170,28.3333333333333,1.16666666666667,5.83333333333333,0,,unknown,[]
Chocolat Au Lait Et Caramel,,531,6,58,28,4,,unknown,[]
Marañones Crème Brûlée,,484,13,36,32,0,,unknown,[]
Queso Pera,,265,21,6.9,17,,,unknown,[]
Pancakes Arándanos Harina,Pancakes Arándanos Harina,226.666666666667,5.66666666666667,46.6666666666667,2.33333333333333,2.33333333333333,,unknown,[]
Helado Casero De Coco,Helado Casero De Coco,176.666666666667,3,23.3333333333333,8.16666666666667,0.833333333333333,,unknown,[]
Yogurt Griego Frutos Amarillos,Yogurt Griego Frutos Amarillos,100,4.53333333333333,12.6666666666667,3.4,0,,unknown,[]
Bola de pierna,,,,,,,,unknown,[]
Punta de anca,,,,,,,,unknown,[]
Costilla de res,,,,,,,,unknown,[]
Cadera tetafula,,,,,,,,unknown,[]
Lomo fino,,,,,,,,unknown,[]
Desmechar,,,,,,,,unknown,[]
Asar,,,,,,,,unknown,[]
Cadera,,,,,,,,unknown,[]
Centro de pierna,,,,,,,,unknown,[]
Chata/lomo ancho,,,,,,,,unknown,[]
Sudar,,,,,,,,unknown,[]
Bota/Muchacho,,,,,,,,unknown,[]
Sudar,,,,,,,,unknown,[]
Molida 85/15,,,,,,,,unknown,[]
Molida premium,,,,,,,,unknown,[]
Pulpa de cerdo,,,,,,,,unknown,[]
Costilla de cerdo,,,,,,,,unknown,[]
Molida de cerdo,,,,,,,,unknown,[]
Molida de cerdo,,,,,,,,unknown,[]
Lomo de cerdo,,,,,,,,unknown,[]
Steak de lomo,,,,,,,,unknown,[]
Lomo de cerdo,,,,,,,,unknown,[]
Sulfato,,,,,,,,unknown,[]
Carrito de kayito,,,,,,,,unknown,[]
Tagliatelle De Albahaca,,264,8,56,0.88,,,unknown,[]
Paleta Casero Ron Con Pasas,Paleta Casero Ron Con Pasas,165,3.83333333333333,23.3333333333333,6.16666666666667,,,unknown,[]
Alpina Milk (Semi-cream),,48,3,4.6,1.9,4.6,,unknown,[]
Yogurt descremado melocoton,,,,,,,,unknown,[]
Arepa Aliñada Con Queso,,196.25,4,37.5,3.375,0.6375,,unknown,[]
Palomitas De Maíz Con Sal Marina,Palomitas De Maíz Con Sal Marina,476,9.2,60,20.4,10.8,,unknown,[]
postobon,,,,,,,,unknown,[]
Tocino carnudo,,,,,,,,unknown,[]
Chicharroncito,,,,,,,,unknown,[]
Chuleta fazenda,,,,,,,,unknown,[]
Pollo entero campesino,,,,,,,,unknown,[]
Pernil de pollo refrigerado,,,,,,,,unknown,[]
Pechuga refrigerada,,,,,,,,unknown,[]
Entremuslos,,,,,,,,unknown,[]
Muslos de pollo,,,,,,,,unknown,[]
Milanesa Cerdo,,,,,,,,unknown,[]
Pan Trea Granos,Pan Trea Granos,262,10,53,2.2,4.7,,unknown,[]
Huesito carnudo,,,,,,,,unknown,[]
Crema De Macadamia,,754,7.8,13,76,8,,unknown,[]
Lasaña De Carne,Lasaña De Carne,172.285714285714,10,20.8571428571429,5.42857142857143,1.6,,unknown,[]
Crema De Arroz Almond Coconut Pie,,336,6,60,8,0,,unknown,[]
Arándanos Deshidratados,Arándanos Deshidratados,343.333333333333,0,86.6666666666667,0.666666666666667,4.66666666666667,,unknown,[]
Mozzarella,,323.333333333333,29,0,23,,,unknown,[]
azucar,,,,,,,,unknown,[]
Granolitas Fresa,,304,11,57,5,8.8,,unknown,[]
Pachas A La Colombiana Sabor Limon Pimienta,Pachas A La Colombiana Sabor Limon Pimienta,486.666666666667,6.33333333333333,60,25.3333333333333,3.33333333333333,,unknown,[]
Crema para peinar manzanilla,,,,,,,,unknown,[]
Pan Árabe Pita Bread,,299,11,56,3.9,1.9,,unknown,[]
Barra de Protrina (Cookie dough),,365.384615384615,42.3076923076923,23.0769230769231,15.3846153846154,1.92307692307692,,unknown,[]
Barra de proteina Vegana (Chocolate),,346.153846153846,42.3076923076923,19.2307692307692,9.61538461538461,3.84615384615385,,unknown,[]
Prmesano,Prmesano,330,29.6666666666667,10,19,0,,unknown,[]
serum facial,,,,,,,,unknown,[]
Quesillo en Tajadas,Quesillo en Tajadas,318.181818181818,19.0909090909091,4.09090909090909,25,,,unknown,[]
Gyoza Camarón,Gyoza Camarón,168,5.3,21,6.4,3.1,,unknown,[]
Whey Pure Fruit Loops,,390,83.3333333333333,6.66666666666667,3.33333333333333,,,unknown,[]
Yuki Kyo-no-Sencha,,,,,,,,unknown,[]
quesos gourmet,,,,,,,,unknown,[]
quinua arepa,,,,,,,,unknown,[]
cúrcuma molida,,,,,,,,unknown,[]
salsa de tomate cherry,,,,,,,,unknown,[]
Lonchera Yupi,,,,,,,,unknown,[]
Plátanos Maduros Vitad,,,,,,,,unknown,[]
Salsa Rosada Fruco x380g,,,,,,,,unknown,[]
Rosquillas La Reina,,,,,,,,unknown,[]
Surtido Papas Super Ricas,,,,,,,,unknown,[]
Bombones clásicos,Bombones clásicos,456.25,5,59.375,22.5,1.5625,,unknown,[]
Crema Blanca De Avellanas,Crema Blanca De Avellanas,605,16,30,50,13,,unknown,[]
bebida de almendras,,,,,,,,unknown,[]
Molida cerdo,,,,,,,,unknown,[]
Molida de cerdo fazenda,,,,,,,,unknown,[]
Stracciatella,,318,7,3.8,31,0,,unknown,[]
Quesillo,Quesillo,257,23,7.4,15,,,unknown,[]
Cacao En Polvo (Chocolate),,7,0.45,1.05,0.3,0.75,,unknown,[]
Arepa De Maiz Pincho,Arepa De Maiz Pincho,123.333333333333,3.33333333333333,26,1.33333333333333,3.66666666666667,,unknown,[]
listerine cool mint,,,,,,,,unknown,[]
Atún,,105.769230769231,25,1.34615384615385,0,0,,unknown,[]
Panettone,Panettone,345,9.1,54,10,0.7,,unknown,[]
aceite de girasol,,,,,,,,unknown,[]
granola,Cereales Y Proteina,407,15,71,8.7,7.9,,unknown,[]
yogurt griego,,,,,,,,unknown,[]
Chicharrón De Cerdo Limón,Chicharrón De Cerdo Limón,245.714285714286,22.8571428571429,0.571428571428571,16.8571428571429,,,unknown,[]
Gansito Bombón,Gansito Bombón,414.583333333333,6.45833333333333,62.5,16.25,3.95833333333333,,unknown,[]
Masa,Masa,113,3.3,22,1.4,27,,unknown,[]
Panzerotti,,235.555555555556,8.88888888888889,45.1851851851852,2.37037037037037,1.11111111111111,,unknown,[]
Mozzarella De Búfala,,300,20.3333333333333,0,24.3333333333333,,,unknown,[]
Comida para uñas,,,,,,,,unknown,[]
Crema De Leche Cocina,Crema De Leche Cocina,208,3,3.9,20,0,,unknown,[]
Mermelada De Frutas,Mermelada De Frutas,,,,,,,unknown,[]
Esparcible,Esparcible,510,0,2,56,23,,unknown,[]
Leche Semidescremada Y Deslactosada,Leche Semidescremada Y Deslactosada,46.5,3.05,4.5,1.8,,,unknown,[]
Quatro Toronja Zero,Quatro Toronja Zero,0,0,0,0,,,unknown,[]
Frunas Rellenas,,412,1,81,9.3,0,,unknown,[]
sulfato ferroso,,,,,,,,unknown,[]
Best Protein Gourmet Chocolate,,342.424242424242,78.7878787878788,3.93939393939394,1.81818181818182,,,unknown,[]
Hamburguesa Preasada,Hamburguesa Preasada,248,18,8,16,,,unknown,[]
Ponque Rollo Con Guayaba,Ponque Rollo Con Guayaba,220,6,45,2,1,,unknown,[]
Papas Pollo,,555,6.5,52,37,4,,unknown,[]
kythos,,,,,,,,unknown,[]
jamón de pavo,Jamón De Pavo,83,14,1.6,2.3,0,,unknown,[]
Pan Baguette,,260,11,55,0.6,4.9,,unknown,[]
Prosciutto,,187,36,0,4.8,,,unknown,[]
Vanilla Wafers,,483,4.8,74,19,1.7,,unknown,[]
Arroz,Arroz,346,6.6,80,0.4,3,,unknown,[]
Chocomelt,,,,,,,,unknown,[]
yogurt,,,,,,,,unknown,[]
complejo b,,,,,,,,unknown,[]
yogurt griego,,,,,,,,unknown,[]
Del Alba Pistachos,Del Alba Pistachos,583,24,20,48,14,,unknown,[]
Crema De Maní Natural,,638,25,21,50,8.1,,unknown,[]
Galletas De Arroz,Galletas De Arroz,435.714285714286,9,71.4285714285714,12.4285714285714,,,unknown,[]
Almojabana,Almojabana,282,16.2,22,15.2,2,,unknown,[]
Water Canned Tuna,,113.333333333333,25,0,1.33333333333333,,,unknown,[]
Bocaditos,Bocaditos,304,9.4,46,9.6,2,,unknown,[]
agua micelar,,,,,,,,unknown,[]
Mayonesa Japonesa,Mayonesa Japonesa,686.666666666667,0,1.6,73.3333333333333,0,,unknown,[]
Papas rústicas,,103.75,2.25,17.5,2.75,2.5,,unknown,[]
Brazo De Reina,Brazo De Reina,350,7.8,62,8.6,0.8,,unknown,[]
Brie,,283,19,0,23,0,,unknown,[]
Mild Cheddar Premium Cheese,,403,22,2.2,34,0.1,,unknown,[]
Garlic And Onion Mini Crisps,,100,2.85714285714286,11.4285714285714,4.28571428571429,1.42857142857143,,b,"['en:sugary-snacks', 'en:biscuits-and-cakes']"
Gala Miel De Maple,Gala Miel De Maple,384,6.4,49,18,1.4,,unknown,[]
bebida hidratante,,,,,,,,unknown,[]
Olive Oil,,828,0,0,92,,,unknown,[]
Astaxanthin anti - oxidation,,,,,,,,unknown,[]
Arepas Con Yuca Y Queso,Arepas Con Yuca Y Queso,325,5.3125,46.875,14.0625,4.84375,,unknown,[]
Muslos De Pollo Sin Piel,Muslos De Pollo Sin Piel,100.8,19.2,0,2.64,,,unknown,[]
Arepa Plátano Maduro,Arepa Plátano Maduro,202,5.8,43,1.2,2,,unknown,[]
"Yogurt Finesse, Melocotón","Yogurt Finesse, Melocotón",42.7777777777778,3.5,7.22222222222222,0,0.722222222222222,,unknown,[]
desodorante natural,,,,,,,,unknown,[]
Jamonada De Pavo,Jamonada De Pavo,113.333333333333,10.6666666666667,8.66666666666667,4.33333333333333,1.66666666666667,,unknown,[]
Pan De Arroz Con Chocolate 70%,Pan De Arroz Con Chocolate 70%,272.727272727273,4.54545454545455,50,7.27272727272727,2.27272727272727,,unknown,[]
BBQ flavored,,509.756097560976,6.34146341463415,65.8536585365854,24.1463414634146,5.60975609756098,,unknown,[]
Crispys Unicornio,,409.302325581395,4.18604651162791,76.7441860465116,9.53488372093023,0.697674418604651,,unknown,[]
Crackers Parmesano,,290,10,23,17.6666666666667,5,,unknown,[]
Buñuelos,,340,6,46.6666666666667,14.6666666666667,1,,unknown,[]
Horneados Integrales Originales,Horneados Integrales Originales,245.555555555556,8.88888888888889,20,14.4444444444444,3.33333333333333,,unknown,[]
Panettone chips,,,,,,,,unknown,[]
Galletas Navideñas,,,,,,,,unknown,[]
Noel Caravana,,,,,,,,unknown,[]
Choco Maní,Choco Maní,565,14,46.5,36,1,,unknown,[]
Alfajor Cubierto De Chocolate,Alfajor Cubierto De Chocolate,180.555555555556,3.33333333333333,23.6111111111111,8.33333333333333,3.19444444444444,,unknown,[]
Panettone con Trocitos sabor a Chocolate,Panettone con Trocitos sabor a Chocolate,364,4.6,46,18,1.4,4,unknown,"['en:sugary-snacks', 'en:pastries']"
Arepas De Maíz,Arepas De Maíz,140,2.9,31,0.9,2.1,,unknown,[]
Mezcla Fusion Citrica,Mezcla Fusion Citrica,525,22,37,37,17,,unknown,[]
Leche Entera,Leche Entera,62,3.2,4.45,3.5,,,unknown,[]
Queso Mozzarella Tajado,,232,25,1.5,14,,,unknown,[]
Energy Drink,,26,0.3,15,0,0,,d,[]
Bananos Cubiertos De Chocolate,Bananos Cubiertos De Chocolate,246,2.8,33,12,2.7,,unknown,[]
Pan Integral,,283,11,54,3.8,5.5,,unknown,[]
Proteína En Polvo,,193.333333333333,42.6666666666667,49.3333333333333,0,44,,not-applicable,[]
Chorizo Mexicano,Chorizo Mexicano,308,15,1,27,,,unknown,[]
repelente,,,,,,,,unknown,[]
,,,,,,,,unknown,[]
Dulce Con Leche,Dulce Con Leche,286.666666666667,6,53.3333333333333,5.33333333333333,0,,unknown,[]
Queso Muenster,,373.076923076923,22.3076923076923,0,31.5384615384615,,,unknown,[]
Base liquida mate,,,,,,,,unknown,[]
Bone Broth Power Protein caramel vanilla,,372,68,20,4,8,,unknown,[]
Doña Torta,,208,3.3,28,9.4,0.9,,unknown,[]
Pan Con Papa Hamburguesa,Pan Con Papa Hamburguesa,255.555555555556,10.3174603174603,52.3809523809524,1.42857142857143,4.28571428571429,,unknown,[]
Arepa De Maiz (mini),,129.090909090909,3.27272727272727,29.0909090909091,0,,,unknown,[]
Leche Entera,,58.5,3,4.65,3.1,0,,unknown,[]
Yogurt De Fresa,,91.3333333333333,2.66666666666667,12.6666666666667,3.13333333333333,,,unknown,[]
Jamón De Pollo,Jamón De Pollo,113,13,3.9,5,,,unknown,[]
Galletas De Avena Sin Culpa,Galletas De Avena Sin Culpa,520,9.66666666666667,73.3333333333333,22,4.66666666666667,3,d,"['en:sugary-snacks', 'en:biscuits-and-cakes']"
Salmas Horneadas,Salmas Horneadas,383.333333333333,8.33333333333333,83.3333333333333,3.88888888888889,8.88888888888889,,unknown,[]
ChocoChips,,500,6,65,24.5,2.5,,unknown,[]
whisky blended,,,,,,,,unknown,[]
Cornbread,,266,5.9,49,5.2,4.3,,unknown,[]
Quesillo Tajado,Quesillo Tajado,314.285714285714,18.5714285714286,3.33333333333333,25.2380952380952,0,,unknown,[]
,,,,,,,,unknown,"['en:salty-snacks', 'en:nuts']"
Colageno Hidrolizado Marino,Colageno Hidrolizado Marino,330,80,0.5,0.5,0,,unknown,[]
Queso Tipo Mozarella,,300,28.6666666666667,1,20,,,unknown,[]
Torta Tradicional Envinada,Torta Tradicional Envinada,409,6.5,54,19,1.9,,unknown,[]
Chocolates,,533.333333333333,4.44444444444444,60.5555555555556,32.2222222222222,2.77777777777778,,unknown,[]
Atún Lomos En Agua,Atún Lomos En Agua,114,23,3.5,0.9,,,unknown,[]
Tostaditas,,386.666666666667,11,70,8,2.33333333333333,,unknown,[]
,,,,,,,,unknown,[]
Pan Pita,Pan Pita,292,13,61,0.7,5,,unknown,[]
Arepa De Maíz,Arepa De Maíz,144.210526315789,2.73684210526316,33.6842105263158,0,,,unknown,[]
,Gelatina Frutiño Cereza,,,,,,,unknown,[]
Arepa De Maíz Con Yuca Rellena De Queso De Búfala,Arepa De Maíz Con Yuca Rellena De Queso De Búfala,213.684210526316,9.47368421052632,33.6842105263158,5.36842105263158,3.89473684210526,,unknown,[]
Mrbrown Brownie Mini Arequipe,Mrbrown Brownie Mini Arequipe,408,6.8,61,16,3.6,,unknown,[]
Queso Sabana,,362.5,25.9375,3.4375,26.875,,,unknown,[]
,Flor de Jamaica,,,,,,,unknown,[]
platanitos,,,,,,,,unknown,[]
Togo yogo,,,,,,,,unknown,[]
Pulpa de Aguacate Has,Pulpa de Aguacate Has,153.333333333333,2,8.33333333333333,14,6.33333333333333,,unknown,[]
Leche Deslactosada Semidescremada,,44.5,3.1,4.55,1.55,0,,unknown,[]
Pan Blanco Tajado,Pan Blanco Tajado,261.538461538462,10,53.8461538461538,1.15384615384615,1.92307692307692,,unknown,[]
Mogollas Con Harina De Arroz,Mogollas Con Harina De Arroz,305,3.7,45,12,2,,unknown,[]
Tostadas,Tostadas,416.666666666667,10.2777777777778,80.5555555555556,6.38888888888889,,,unknown,[]
Chocolate Endulzado con Stevia,Chocolate Endulzado con Stevia,61.5,3.9,6,2.35,,,unknown,[]
Pan Tajado,Pan Tajado,278.947368421053,10,51.0526315789474,4.21052631578947,10.5263157894737,,unknown,[]
Colageno Hidrolizado Marino,Colageno Hidrolizado Marino,350,85,1.5,0.1,,,unknown,[]
Chocolate Wafer Stick,,464.285714285714,3.57142857142857,75,17.8571428571429,0,,unknown,[]
Whey Elite 100% Choco/Avellana,,400,83.3333333333333,10,3.33333333333333,3.33333333333333,,unknown,[]
collage mask,,,,,,,,unknown,[]
Cuajada,Cuajada,228,19,11,12,,,unknown,[]
Queso Para Asar,,333.333333333333,26.6666666666667,0,26.6666666666667,,,unknown,[]
Fussilli,Fussilli,354,13,75,1.3,5.1,,unknown,[]
,,,,,,,,unknown,[]
Champiñones Baby Bella Entero,Champiñones Baby Bella Entero,30.5882352941176,4.58823529411765,1.88235294117647,0.705882352941177,0.588235294117647,,unknown,[]
,,,,,,,,unknown,[]
Almond Milk No Sugar,,15,0.6,0,1.3,0,,unknown,[]
Nuggets De Pollo,,218,13,20,10,2.3,,unknown,[]
Cereal En Polvo Nestum,,112.105263157895,2.21052631578947,16.8421052631579,4.05263157894737,0.315789473684211,,unknown,[]
glucerna,,,,,,,,unknown,[]
Pan Con Harina De Arroz Con Sagu Y Arequipe,Pan Con Harina De Arroz Con Sagu Y Arequipe,297,3.8,43,12,1.8,,unknown,[]
Yogurt,Yogurt,87.5,2.95,13,2.7,,,unknown,[]
Best Protein,,342.424242424242,78.7878787878788,3.63636363636364,1.81818181818182,,,unknown,[]
Tortilla Integral Artesanal,Tortilla Integral Artesanal,229.411764705882,8.82352941176471,50,1.47058823529412,7.64705882352941,,unknown,[]
Yuca Con Sal Marina,,473,0.9,77,18,1.7,,unknown,[]
Kefir Plus,,50,2.58333333333333,7.5,1.41666666666667,1.58333333333333,,unknown,[]
Cortaditas - Panelitas De Leche,Cortaditas - Panelitas De Leche,368,10.5142857142857,50.2857142857143,13.4857142857143,0.457142857142857,,unknown,[]
loción,,,,,,,,unknown,[]
Yogurt Griego,Yogurt Griego,53.3333333333333,8,5.13333333333333,0,0,,unknown,[]
granola,,,,,,,,unknown,[]
Salsa Carbonara,Salsa Carbonara,64.8,1.76,6.16,3.52,,,unknown,[]
cafe con proteina caramelo,,350,73.3333333333333,10,1.66666666666667,,,unknown,[]
atun,,,,,,,,unknown,[]
maní moto sin cubierta,,,,,,,,unknown,[]
Creatine Monohydrate 3000,,,,,,,,unknown,[]
Areoa De Maíz Multicereal Rellena De Queso De Bufala,,196.842105263158,7.36842105263158,29.4736842105263,6.42105263157895,4,,unknown,[]
Jamón Casablanca x15,,,,,,,,unknown,[]
Huevos cuisine x60,,,,,,,,unknown,[]
Huevos cuisine x30,,,,,,,,unknown,[]
Huevos oro aa x30 campesino,,,,,,,,unknown,[]
Huevos oro b *30,,,,,,,,unknown,[]
Queso cuisine pera x 400gr,,,,,,,,unknown,[]
Ravioles carne,,,,,,,,unknown,[]
Ravioles de carne Cuisine,,,,,,,,unknown,[]
Griego cuisine x 500gr,,,,,,,,unknown,[]
Griego cuisine x3,,,,,,,,unknown,[]
Trocitos,Trocitos,540,10.8,56,31.2,1.6,,unknown,[]
Pan Con Masa Madre,Pan Con Masa Madre,277,15,47,4.7,6.8,,unknown,[]
Leche Semidescremada Deslactosada,,45.5,3.1,4.4,1.7,,,unknown,[]
Whey Blend Cocolate,,390,83.3333333333333,6.66666666666667,3.33333333333333,0,,unknown,[]
Queso cuisine mozzarella x 25 tajadas,,,,,,,,unknown,[]
Pan perro cuisine,,,,,,,,unknown,[]
Pan máxima blanco,,,,,,,,unknown,[]
Carne Para Hamburguesas,Carne Para Hamburguesas,167.142857142857,20,9.85714285714286,5.71428571428571,,,unknown,[]
Tocineta Ahumada De Cerdo,Tocineta Ahumada De Cerdo,405,12,0.2,39,,,unknown,[]
Choco Crunch Tabs,,502.857142857143,20,45.7142857142857,25.7142857142857,,,unknown,[]
Whey Protein Isolate,,343.75,84.375,3.125,0,,,unknown,[]
Whey Premium,,366.666666666667,86.6666666666667,4,0.366666666666667,0.7,,unknown,[]
Queso Mozzarella,,312,19.2,4.8,24,,,unknown,[]
Pan Arabe,,294,13,62,0.8,5,,unknown,[]
Cappuccino Vainilla,,327.777777777778,18.3333333333333,55.5555555555556,3.88888888888889,2.22222222222222,,unknown,[]
Avena Instantánea,,77.3584905660377,4.52830188679245,13.9622641509434,0.754716981132076,1.69811320754717,,unknown,[]
detergente liquido,,,,,,,,unknown,[]
Arequipe Supercoco,,166.666666666667,3.33333333333333,29,4.33333333333333,,,unknown,[]
Azúcar Morena,,400,0,100,0,,,unknown,[]
greeko,,88.75,8.625,8.625,2.25,0,,unknown,[]
Arepa Con Queso Y Semillas De Chia Y Quinoa,Arepa Con Queso Y Semillas De Chia Y Quinoa,235,5.75,45,4.25,5.625,,unknown,[]
Pan Hot Dog,,268.571428571429,10.2857142857143,48.5714285714286,4.57142857142857,3.42857142857143,,unknown,[]
Suero Picante,Suero Picante,236,5.2,6,21.2,,,unknown,[]
Fitchiss,,324,24,5.2,21.6,,,unknown,[]
Pan De Sandwich,Pan De Sandwich,304.545454545455,9.09090909090909,59.0909090909091,4.09090909090909,1.81818181818182,,unknown,[]
Plant Based Pea Protein Isolate,,400,81,0,8.4,,,unknown,[]
Le Lechera Origin,Le Lechera Origin,308,7.2,60,4.4,,,unknown,[]
Granola Pistachio/chocolate,,384,11,67,8,11,,unknown,[]
Yogurt sin dulce,,54,3.4,3.4,3,0,,unknown,[]
Proteína Sabor Vainilla,,380,71.3333333333333,4.33333333333333,8,5,,unknown,[]
,,81,,,9,,4,unknown,"['en:fats-and-sauces', 'en:dressings-and-sauces']"
Pan Hamburguesa Con Ajonjolí,Pan Hamburguesa Con Ajonjolí,275.471698113208,10.9433962264151,52.8301886792453,3.0188679245283,3.0188679245283,,unknown,[]
Ciruelas Confitadas,Ciruelas Confitadas,320,2,74,1,,,unknown,[]
Arándanos,,,,,,,,unknown,[]
Leche en polvo,,,,,,,,unknown,[]
Chicharrón,,,,,,,,unknown,[]
Carne de res molida,,,,,,,,unknown,[]
,,,,,,,4,e,[]
La Wey,,366.666666666667,76.6666666666667,6.66666666666667,3.33333333333333,0,,unknown,[]
,,,,,,,4,unknown,"['en:milk-and-dairy-products', 'en:milk-and-yogurt']"
Maíz Pira Para Crispetas,Maíz Pira Para Crispetas,316.666666666667,9.66666666666667,76.6666666666667,0.666666666666667,18,,unknown,[]
Palitos De Queso,Palitos De Queso,365.909090909091,6.81818181818182,34.0909090909091,22.5,1.13636363636364,,unknown,[]
Tocineta,Tocineta,333.333333333333,14.6666666666667,2.66666666666667,30.6666666666667,0,,unknown,[]
,,,,,,,,unknown,"['en:cereals-and-potatoes', 'en:legumes']"
Kisses Cookies & Cream,,528,5.6,68,26,1.2,,unknown,[]
Popsicle Lemon,,74,0,18,0,,,unknown,[]
Empanadas Medianas Con Carne,Empanadas Medianas Con Carne,150,3.4,25,5,4.5,,unknown,[]
Empanadas De Queso,Empanadas De Queso,243,6.5,36,8.9,3.7,,unknown,[]
"Barra De Frutas y Frutos Secos con Proteína de Arveja, Chocolate Y Coco","Barra De Frutas y Frutos Secos con Proteína de Arveja, Chocolate Y Coco",405,20,46.6666666666667,18.3333333333333,8.5,,unknown,[]
Arepa De Yuca Con Queso,Arepa De Yuca Con Queso,235,8.16666666666667,43.3333333333333,4,3.33333333333333,,unknown,[]
Pernil De Pavo,,461.44578313253,59.0361445783133,15.6626506024096,18.0722891566265,3.6144578313253,,unknown,[]
Frijoles Negros,,76.9230769230769,5.30769230769231,15.3846153846154,0.307692307692308,3.84615384615385,,unknown,[]
calma y equilibrio,,,,,,,,unknown,[]
nature,,,,,,,,unknown,[]
Bocadillo de Guayaba con Dulce con Leche,Bocadillo de Guayaba con Dulce con Leche,317.5,2.25,72.5,3,4.5,,unknown,[]
Deditos De Queso Benditos,Deditos De Queso Benditos,223.75,13,25,8,8.125,,unknown,[]
Kumis,,84,2.93333333333333,10.6666666666667,2.73333333333333,0,,unknown,[]
Queso Pera,,270,23.3333333333333,4.66666666666667,17.3333333333333,0,,unknown,[]
Proteína Capuchino,,363.333333333333,83.3333333333333,7,0.4,0.733333333333333,,unknown,[]
SuperStay,,,,,,,,unknown,[]
Soy Protein Pops!,,383.333333333333,91.6666666666667,0.833333333333333,3.33333333333333,,,unknown,[]
Salchicha Vegana,Salchicha Vegana,245.283018867925,5.66037735849057,35.8490566037736,7.54716981132075,1.88679245283019,,unknown,[]
Empanada Shiitake,Empanada Shiitake,229.166666666667,4.16666666666667,39.5833333333333,5.20833333333333,0,,unknown,[]
Salchichón Ranchero Con Orellana Vegano,Salchichón Ranchero Con Orellana Vegano,124,22,7,2,3,,unknown,[]
Tofu,Tofu,158,18,3.3,8.1,0.2,,unknown,[]
Papas Naturales JP,,558.333333333333,6.66666666666667,50,37.9166666666667,5.83333333333333,,unknown,[]
Empanada Valluna,Empanada Valluna,275,5,45,6.25,2.5,,unknown,[]
Planta Based Bueguer,,194.444444444444,13.3333333333333,18.8888888888889,7.22222222222222,0,,unknown,[]
Galleta Genjibre Varsovia,Galleta Genjibre Varsovia,556,9.3,49,35,,,unknown,[]
,,,,,,,,unknown,[]
Tocineta Ahumada Sin Piel Prémieme,Tocineta Ahumada Sin Piel Prémieme,240,14.4,0.8,20,0.8,,unknown,[]
Tía Rosa,Tía Rosa,296,11.2,48,7.2,3.6,,unknown,[]
Granola Con Cocolate Avena Y Nueces,Granola Con Cocolate Avena Y Nueces,383.333333333333,11.3333333333333,66.6666666666667,8,10.6666666666667,,unknown,[]
Plant-Based Chorizo Antioqueño Ahumado,Plant-Based Chorizo Antioqueño Ahumado,168,20,20,0.933333333333333,4,,unknown,[]
Atun Oliva,,174,25,0,8.4,,,unknown,[]
Plátano Maduro & Sal Marina,Plátano Maduro & Sal Marina,506,2.2,69,25,1.2,,unknown,[]
Frutas Silvestres,Frutas Silvestres,,,,,,,unknown,[]
Claras De Huevo,Claras De Huevo,50,12,0,0,0,,unknown,[]
Corazón Hojaldre,Corazón Hojaldre,380,6,46,18.6666666666667,,,unknown,[]
Crunchy Muesli Red Fruits,,436.666666666667,8,66.6666666666667,17,8.33333333333333,,unknown,[]
Arepa De Puro maíz,Arepa De Puro maíz,132.307692307692,2.76923076923077,30.7692307692308,0.584615384615385,3.53846153846154,,unknown,[]
BioCollagen With biotin,,0,0,0,0,,,unknown,[]
Queso Parmesan,Queso Parmesan,428,31,4,32,3.6,,unknown,[]
Maíz tierno,Maíz tierno,46.9565217391304,1.47826086956522,8.69565217391304,1.04347826086957,1.56521739130435,,c,"['en:cereals-and-potatoes', 'en:cereals']"
,,,,,,,,unknown,[]
Queso Mozzarella,Queso Mozzarella,,,,,,3,unknown,[]
Alfaro con Cobertura de Chocolate Blanco,Alfaro con Cobertura de Chocolate Blanco,408.333333333333,8.16666666666667,58.3333333333333,16.3333333333333,2.66666666666667,,unknown,[]
niasorcinol bright,,,,,,,,unknown,[]
Carne Baby Beef,,481.428571428571,52.8571428571429,25.7142857142857,18.5714285714286,6.85714285714286,,unknown,[]
Limonata,Limonata,,,,,,4,unknown,[]
Tortillas Integrales,Tortillas Integrales,283.870967741935,9.03225806451613,51.6129032258064,4.83870967741935,1.29032258064516,,unknown,[]
Jamón De Cerdo,Jamón De Cerdo,136.666666666667,13,10,5,,,unknown,[]
Pan Hamburguesa,Pan Hamburguesa,323.333333333333,3.83333333333333,48.3333333333333,12.6666666666667,,,unknown,[]
Helado Queso Con Bocadillo,Helado Queso Con Bocadillo,158.461538461538,3.38461538461539,26.1538461538462,4.38461538461539,,,unknown,[]
Yogurt Frutos Rojos,Yogurt Frutos Rojos,76,2.6,12,2,0,,c,"['en:milk-and-dairy-products', 'en:milk-and-yogurt']"
Be One Whey Isolate,,375,89.2857142857143,3.57142857142857,0.714285714285714,3.57142857142857,,unknown,[]
Rosquitas Integrales De Yuca,Rosquitas Integrales De Yuca,422.222222222222,13.3333333333333,72.2222222222222,9.44444444444444,6.66666666666667,,unknown,[]
Tortillas Tradicional,Tortillas Tradicional,290,7.66666666666667,53.3333333333333,5.33333333333333,0.666666666666667,,unknown,[]
Queso Mozzarella,,292,27.2,4.8,18,0,,unknown,[]
Amper Mango,,20,0,5,0,,,unknown,[]
Petit Suisse,,136,6.6,16.2,5,,,unknown,[]
Vegan Karnita,,118.562874251497,20.3592814371257,7.18562874251497,0.898203592814371,4.19161676646707,,unknown,[]
Salsa Negra,,22,1.1,4.5,0,,,unknown,[]
Jungla Salsa Picante Roja,Jungla Salsa Picante Roja,16,0,4,0,0,,unknown,[]
Snack De Queso Con Bocadillo,Snack De Queso Con Bocadillo,255,15,40,4.5,,,unknown,[]
Chorizo De Cerdo Gourmet,,235.714285714286,15.7142857142857,12.7142857142857,13.7142857142857,,,unknown,[]
Lentejas,Lentejas,343.333333333333,26.6666666666667,53.3333333333333,2.66666666666667,20,,unknown,[]
Macarroncitos,,,,,,,,unknown,[]
Pastillas sopita y seco,,,,,,,,unknown,[]
Helado Tres Chocolates,Helado Tres Chocolates,222.222222222222,3.77777777777778,26.6666666666667,11.3333333333333,0,,unknown,[]
Crema número 4,,,,,,,,unknown,[]
,,,,,,,,unknown,[]
Mayonesa,Mayonesa,140,0,8,12,1.33333333333333,,unknown,[]
Luncheon,,259.5,10.1,10.1,19.9,,,unknown,[]
Soybean Roll,,220,25,7,10,,,unknown,[]
Pan tajado integral con avena pasas y nueces,Pan tajado integral con avena pasas y nueces,285.185185185185,12.962962962963,55.5555555555556,2.22222222222222,5.18518518518519,,unknown,[]
Rollito De Guayaba Con Arequipe,Rollito De Guayaba Con Arequipe,330.434782608696,4.1304347826087,76.0869565217391,2.39130434782609,3.47826086956522,,unknown,[]
Chorizo De Cerdo Argentino,Chorizo De Cerdo Argentino,292,17,7.2,21,,,unknown,[]
Marañon,Marañon,613.333333333333,15,32,46.6666666666667,3,,d,[]
Cuajada,Cuajada,273.333333333333,5.66666666666667,11.6666666666667,22.6666666666667,,,unknown,[]
Tocina Picado,Tocina Picado,,,,,,,unknown,"['en:fish-meat-eggs', 'en:meat', 'en:meat-other-than-poultry']"
Filete De Pechuga,Filete De Pechuga,,,,,,,unknown,[]
Papas Frozen Express,Papas Frozen Express,,,,,,,unknown,[]
Arroz Casaregourmet,Arroz Casaregourmet,,,,,,,unknown,"['en:cereals-and-potatoes', 'en:cereals']"
Té Helado Suntea Mandarina,Té Helado Suntea Mandarina,,,,,,,unknown,[]
Salsa De Mayonesa,Salsa De Mayonesa,256,0,7.7,25,,,unknown,[]
Bizcochitos Aliñados,Bizcochitos Aliñados,415,10.5,65,13.25,5,,unknown,[]
Mora Congelada,,33.5714285714286,1.21428571428571,10.7142857142857,0,7.14285714285714,,unknown,[]
Salchicha cuisine parrilla,,,,,,,,unknown,[]
Costillas cuisine ahumada x500gr,,,,,,,,unknown,[]
Caseritas,,128,3.5,21,3.3,0,,unknown,[]
Yogurt De Arándanos,Yogurt De Arándanos,106.428571428571,0.928571428571429,5.5,9.28571428571429,2.21428571428571,,unknown,[]
Salsa Vegana Sabor a Mayo,Salsa Vegana Sabor a Mayo,420,2.66666666666667,10,41.3333333333333,,,unknown,[]
Carne Para Asar,,443.965517241379,55.1724137931034,26.7241379310345,12.9310344827586,7.06896551724138,,unknown,[]
Arveja Verde Congelada,,82.3529411764706,7.64705882352941,16.4705882352941,0,6.82352941176471,,unknown,[]
Alitas De Pollo Adobadas Sabor BBQ,Alitas De Pollo Adobadas Sabor BBQ,135,12.5,1.75,8.75,1,,unknown,[]
"Choco Bombones De Maracuyá, Fresa, Cereza Y Naranja","Choco Bombones De Maracuyá, Fresa, Cereza Y Naranja",466.666666666667,4.44444444444444,66.6666666666667,20,,,unknown,[]
Aunt jemima lite syrup,Aunt jemima lite syrup,,,45,,,4,unknown,[]
Corn Flakes,Corn Flakes,353.333333333333,6,86.6666666666667,0,9.33333333333333,,unknown,[]
Onditas Sabor Mayonesa,,560,6.8,44,51,0.8,,e,"['en:salty-snacks', 'en:appetizers']"
Chicharron De Cerdo Edición Especial,,527,62,0,31,,,unknown,[]
Tocineta ahumada carnelly x450gr,,,,,,,,unknown,[]
Moong Dal,,342.9,22.9,62.9,1.4,17.1,,unknown,[]
,,,,,,,,unknown,[]
Provolone,,317.857142857143,13.9285714285714,6.07142857142857,26.4285714285714,0.714285714285714,,unknown,[]
7702354955922,,,,,,,,unknown,[]
Leche Semidescremada - Deslactosada,Leche Semidescremada - Deslactosada,47,3,4.75,1.75,,,unknown,[]
Bebida De Naranja Y Zanahoria,Bebida De Naranja Y Zanahoria,26,0.8,6.5,0,1.5,,unknown,[]
Jamais De Pavo Ahumado,,99,18,0,3,0,,unknown,[]
Mani Moto Croch,Mani Moto Croch,,,,,,,unknown,[]
Mix De La India,Mix De La India,503.333333333333,16.6666666666667,43.3333333333333,33.3333333333333,12.6666666666667,,unknown,[]
Yogurt De Coco Sabor Chocolate,,106.428571428571,1.07142857142857,5.21428571428571,9.28571428571429,2.35714285714286,,unknown,[]
Salchicha Italiana Picante,,278,11,0,26,0,,unknown,[]
gourmet,,,,,,,,unknown,[]
Salchicha Seleccionada,Salchicha seleccionada 225g,165,13,5.7,10,0,,unknown,[]
Jarabe,,,,,,,,unknown,[]
Cuaderno,,,,,,,,unknown,[]
Crema De Mani,,585,24.5,21.5,49.5,8.5,,unknown,[]
Ponky Vainilla,,486,5,68,22,1.5,,unknown,[]
Pandequeso,Pandequeso,306.976744186047,12.093023255814,34.8837209302326,13.953488372093,4.65116279069767,,unknown,[]
,,,,,,,,unknown,"['en:salty-snacks', 'en:salty-and-fatty-products']"
Rollo,Rollo,293.939393939394,4.84848484848485,66.6666666666667,0.909090909090909,0,,unknown,[]
Yogurt Griego,Yogurt Griego,159.333333333333,10,6.13333333333333,10.6666666666667,0,,unknown,[]
Rollo,,289.705882352941,7.35294117647059,55.8823529411765,4.41176470588235,2.05882352941176,,unknown,[]
Gol,,506.451612903226,4.19354838709677,61.2903225806452,27.4193548387097,1.29032258064516,,unknown,[]
Chocorramo Brownie Mini,,490,6.5,65,23.5,3.5,,unknown,[]
Greekö Postre Yogurt Griego Pie De Limón,Greekö Postre Yogurt Griego Pie De Limón,90,7.375,11,1.875,,,unknown,[]
,,,,,,,,unknown,[]
Anillos De Cebolla,Anillos De Cebolla,490.47619047619,3.80952380952381,71.4285714285714,21.9047619047619,3.33333333333333,,unknown,[]
,,,,,,,,unknown,[]
Proteina Aislada De Arveja,,380,71.3333333333333,4.33333333333333,8,,,unknown,[]
Chorizos De Vegetales,Chorizos De Vegetales,160,22,2.8,7,,,unknown,[]
Chorizo Santarrosano,Chorizo Santarrosano,310,20,3.4,24,,,unknown,[]
Galleta XL sabor a vainilla,Galleta XL sabor a vainilla,238.571428571429,3.71428571428571,41.4285714285714,6.71428571428571,1.28571428571429,,unknown,[]
Tostada Sabor A Mantequilla,Tostada Sabor A Mantequilla,343.333333333333,11,70,2.33333333333333,5.33333333333333,,unknown,[]
,,,,,,,,unknown,[]
Chocolatina Jumbo Sabor Mimos,Chocolatina Jumbo Sabor Mimos,558.333333333333,7.91666666666667,58.3333333333333,32.5,0.416666666666667,,e,"['en:sugary-snacks', 'en:sweets']"
Queso Tipo Parmesano,,345,35,6.3,20,,,unknown,[]
Lomitos de Atún en Aceite de Girasol,Lomitos de Atún en Aceite de Girasol,192.307692307692,28.8461538461538,,7.69230769230769,0,3,unknown,"['en:fish-meat-eggs', 'en:fish-and-seafood', 'en:fatty-fish']"
yogurt,,,,,,,,unknown,[]
Canola Oil,,828,0,0,92,,,unknown,[]
Açai,,78,0,4,6,4,,unknown,[]
Come!,,493,9.3,64.5,21.8,,,unknown,[]
Natri Vegetables Chips,,507,2.8,65,27,3.6,,unknown,[]
Kareem Buttar,,628.571428571429,1.71428571428571,3.42857142857143,67.1428571428571,0.285714285714286,,unknown,[]
Granola,,406.666666666667,11.3333333333333,73.3333333333333,9.66666666666667,9,,unknown,[]
Leche Entera,Leche Entera,61,3,5.5,3,,,unknown,[]
Citrato De Magnesio,Citrato De Magnesio,,,,,,,unknown,[]
Maíz Tierno,Maíz Tierno,53.0769230769231,2.23076923076923,10.7692307692308,0.846153846153846,3.38461538461539,,unknown,[]
Arveja,Arvejas Cuidadosamente Seleccionadas,326.666666666667,21.6666666666667,65,0.833333333333333,14,,unknown,[]
Penne Rigate Integral,,350,12,78,0.9,9.1,,unknown,[]
Crema De Mani,,651,26,13,57,9,,d,[]
Fetuccini La Muñeca,,350,11.40625,76.5625,0.625,3.59375,,unknown,[]
barra coco y almendra,barra coco y almendra,,,,,,,unknown,[]
Carne Molida De Cerdo,Carne Molida De Cerdo,115,15,5.5,3.7,,,unknown,[]
,,,,,,,,unknown,[]
Creatina,,0,0,0,0,0,,unknown,[]
Pan Integral Tajado,Pan Integral Tajado,268.292682926829,10.4878048780488,53.6585365853659,2.68292682926829,6.34146341463415,,unknown,[]
Pechuga De Pavo Mediterránea,Pechuga De Pavo Mediterránea,100,24.8,0,0,0,,unknown,[]
Crema De Leche,Crema De Leche,191,3,1.9,19,,,unknown,[]
,,,,,,,,unknown,[]
Yogurt griego,Yogurt griego,75,7,3,4,0,,unknown,[]
Shirataki Spaghetti,,10,0.1,1.2,0.1,2.8,,unknown,[]
Tocineta Ahumada De Cerdo,Tocineta Ahumada De Cerdo,405,12,0.2,39,0,,unknown,[]
Tortillas,,218,5.7,45,2.9,0,,unknown,[]
Zucaritas,Zucaritas,393.333333333333,4.33333333333333,93.3333333333333,0.666666666666667,1,,unknown,[]
Yogurt Griego Maracuya,Yogurt Griego Maracuya,112.592592592593,6.81481481481481,11.1111111111111,4.66666666666667,0,,unknown,[]
Bebida De Almendras Sin Azúcar,Bebida De Almendras Sin Azúcar,15,0.6,0,1.3,,,unknown,[]
Whey Protein Isolate,,376.923076923077,76.9230769230769,6.92307692307692,3.46153846153846,0.384615384615385,,unknown,[]
Crunch Bar,,535,5.5,65,28.5,2,,unknown,[]
Bolo De Pote Pequeño,Bolo De Pote Pequeño,97.6470588235294,4,7.29411764705882,4.82352941176471,3.29411764705882,,unknown,[]
Mahati Green Passion,Mahati Green Passion,0,0,0,0,0,4,c,"['en:beverages', 'en:artificially-sweetened-beverages']"
Chocolate Oscuro Palenque,,565,7.4,44,42,9.4,,unknown,[]
Queso Tajado Doble Crema,Queso Tajado Doble Crema,310,21,3.6,23,,,unknown,[]
,,,,,,,,not-applicable,[]
Aborrajados,Aborrajados,240,4.8,38,8.2,,,unknown,[]
Lattu,Lattu,,,,,,,unknown,"['en:milk-and-dairy-products', 'en:milk-and-yogurt']"
Fibra,Fibra,305,2,75,0.5,34,,unknown,[]
Leche En Polvo Semidescremada Deslactosada,,384,31.2,44,10.8,,,unknown,[]
Yogurt Sin Azúcar,,48.5,3.5,3.9,2.1,,,unknown,[]
Queso Quesillo,Queso Quesillo,299,21,5.2,22,1.8,,unknown,[]
Speed MAX blue,Speed MAX blue,0,0,0,0,0,4,c,"['en:beverages', 'en:artificially-sweetened-beverages']"
Galletas Sabor Jamón Ahumado,Galletas Sabor Jamón Ahumado,445.833333333333,6.66666666666667,66.6666666666667,17.0833333333333,1.25,,unknown,[]
Tomates en trozos,Tomates en trozos,18.4615384615385,0.923076923076923,4.07692307692308,0,0.923076923076923,,unknown,[]
chocolatina de leche,,,,,,,,unknown,[]
Granola Four Nuts,,480,10.6666666666667,40,30.6666666666667,7.33333333333333,,unknown,[]
Granola Double Chocolate,,566.666666666667,10,50,36.6666666666667,10,,unknown,[]
Buttery Pistachio Cookie Spread,Crema A Base De Almendras & Pistachos Sabor A Galleta De Pistacho. Tamaño XL,589,19,26,49,13,,unknown,[]
Galleta XL Sabor A Vainilla,Galleta XL Sabor A Vainilla,238.571428571429,3.71428571428571,41.4285714285714,6.71428571428571,1.28571428571429,,unknown,[]
Flash Lyte,,16,0,4,0,,,unknown,[]
,,51,,13,0,,,unknown,"['en:fruits-and-vegetables', 'en:fruits']"
Zucaritas,,393.333333333333,4.33333333333333,93.3333333333333,0.666666666666667,1,,unknown,[]
Niboten,,50,1.3,10.7,0.2,,,unknown,[]
Crackers Parmesano,,290,10,23,17.6666666666667,5,,unknown,[]
Leche De Almendras Sin Azúcar,Leche De Almendras Sin Azúcar,34.5,2.8,1.5,1.9,,,unknown,[]
salmas,,,,,,,,unknown,[]
Suero Rehidratante Naranja-Mandarina,,20,0,4.96,0,,,unknown,[]
Pan Brioche Hamburguesa,Pan Brioche Hamburguesa,271.764705882353,11.4117647058824,51.7647058823529,2.70588235294118,2.82352941176471,,unknown,[]
Coffee Beans Covered With Milk Chocolate,,544,6,52,32,5.2,,unknown,[]
Mixtura De Mariscos,Mixtura De Mariscos,68,11,4.5,0.7,,,unknown,[]
Papas a La Francesa,,129,2.7,24,3.1,2.875,,unknown,[]
YOGO YOGO PREMIO,YOGO YOGO PREMIO,59,1.7,0.0099,0.001,0,4,b,"['en:milk-and-dairy-products', 'en:milk-and-yogurt']"
Salsa inglesa,,64,0,16,0,0,,unknown,[]
Salsa Picante Artesanal,Salsa Picante Artesanal,33.3333333333333,1,6.16666666666667,0,,,unknown,[]
Zumo De Coco,Zumo De Coco,179,1,3.2,18,,,unknown,[]
hair studio profesional,,,,,,,,unknown,[]
Cacao Peanut Butter,,595,21,31.5,44,4.25,,unknown,[]
Arepa De Maíz Con Margarina Y Sal,Arepa De Maíz Con Margarina Y Sal,145.555555555556,3,33.3333333333333,0,,,unknown,[]
Leatherwood Honey,,334.60803054,0.3,82.1,0,,,unknown,[]
Agua cristal 600ml,,,,,,,,unknown,[]
BE POWER,BE POWER,5.9,0.7,0.8,0,,4,b,"['en:beverages', 'en:unsweetened-beverages']"
bebida de te blanco,,,,,,,,unknown,[]
Serranía,Serranía,0,0,0,0,,,b,"['en:beverages', 'en:waters-and-flavored-waters']"
Golochips,,520,6,65,26,0,,unknown,[]
Pan Tajado,Pan Tajado,277.272727272727,5.90909090909091,59.0909090909091,1.81818181818182,5.45454545454545,,unknown,[]
Pizza Base,Pizza Base,240,9.8,40,6.8,2.6,,unknown,[]
Whole Kernel Sweet Corn,,70.1754385964912,4.29824561403509,12.280701754386,1.31578947368421,4.12280701754386,,unknown,[]
Salchicha tradicional,,,,,,,,unknown,[]
Avena,Avena,57,1.85,10,1.6,2.45,,unknown,[]
,,,,,,,,unknown,[]
Bebida De Soya,Bebida De Soya,400,39.3939393939394,45.4545454545455,7.57575757575758,3.03030303030303,,unknown,[]
Sriracha Chili Sauce,,123,1.2,30,0,2.2,,unknown,[]
Salchicha Picante,Salchicha Picante,292,11,3.4,26,0,,unknown,[]
,,70.6666666666667,4.27777777777778,4.38888888888889,4,,,c,"['en:milk-and-dairy-products', 'en:milk-and-yogurt']"
Pasta De Tomate,Pasta De Tomate,54,2.4,13,0,3.7,,unknown,[]
Fried Gluten Ball For Hot Pot,,599.904397611,28,24,44,,,unknown,[]
Cacao en polvo,Cacao en polvo,,,,,,,unknown,[]
Arepa Masmai Amarilla,,146,2.7,33,0.9,33,,unknown,[]
,,,,,,,,unknown,[]
Extra Delgadas Receta Original,Extra Delgadas Receta Original,150,3.33333333333333,36.6666666666667,0,4.83333333333333,,unknown,[]
Rapi Papa,Rapi Papa,138.75,2.5,22.5,4.125,2.75,,unknown,[]
Conchas,Conchas,337.5,13.125,70.3125,1.40625,4.84375,,unknown,[]
Cono Robin Hood Choco Vainilla,Cono Robin Hood Choco Vainilla,267,3,30,15,0,4,d,"['en:milk-and-dairy-products', 'en:ice-cream']"
Creatine Powder,,65,0,52.5,0,48.3333333333333,,unknown,[]
Colcafé,,,,,,,,unknown,[]
Pollo Saltado,Pollo Saltado,75.75,7.5,7.5,1.55,,,unknown,[]
Speed MAX blue,Speed MAX blue,0,0,0,0,0,3,b,"['en:beverages', 'en:unsweetened-beverages']"
,,,,,,,,unknown,[]
Colombiana,Colombiana,19.5,0,4.9,0,,,unknown,[]
Papas A La Francesa,,135,2.875,22.5,4.125,,,unknown,[]
Quesito Y Bocadillo,Quesito Y Bocadillo,280,9.5,36.6666666666667,10.6666666666667,,,unknown,[]
crakeñas oliva y orégano,,,,,,,,unknown,[]
,,,,,,,,unknown,[]
Leche Semidescremada Deslactosada,,45,3.1,4.4,1.7,0,,unknown,[]
Leche en polvo entera,Leche en polvo entera,,,,,,,unknown,[]
Pan De Arroz,Pan De Arroz,168,2.9,15.5,11.4,0.7,,unknown,[]
,,,,,,,2,unknown,"['en:fats-and-sauces', 'en:fats']"
Red Bull Sugar Free,Red Bull Sugar Free,2.9,0,0,0,0,4,c,"['en:beverages', 'en:artificially-sweetened-beverages']"
Monster energy ultra,Monster energy ultra,2.5,0,0,0,0,4,c,"['en:beverages', 'en:artificially-sweetened-beverages']"
Carne De Res Saltada,Carne De Res Saltada,134,9.5,7.1,7.25,,,unknown,[]
Monster Energy Zero,Monster Energy Zero,2.5,0,0,0,0,4,c,"['en:beverages', 'en:artificially-sweetened-beverages']"
Carmelitas Turrón Avena Y Caramelo,Carmelitas Turrón Avena Y Caramelo,490,6.25,57.5,27.5,,,unknown,[]
Pan Tajado Dorado,Pan Tajado Dorado,257.894736842105,11.0526315789474,52.1052631578947,1.05263157894737,2.63157894736842,,unknown,[]
,,,,,,,,unknown,[]
Hummus,,170,5,11,12,4,,unknown,[]
Monster Energy Ultra Pradise,Monster Energy Ultra Pradise,3,0,0,0,0,4,c,"['en:beverages', 'en:artificially-sweetened-beverages']"
Jumbo Bocados de Helado,Jumbo Bocados de Helado,361.904761904762,6.66666666666667,27.6190476190476,25.2380952380952,1.42857142857143,,unknown,[]
Crema de dactiles cacao,,,,,,,,unknown,[]
Crema de Marañón crunchy,,,,,,,,unknown,[]
Corona cobertura sabor chocolate blanco,,,,,,,,unknown,[]
Leche condensada colanta 300g,,,,,,,,unknown,[]
Crema de maní castañuela,,,,,,,,unknown,[]
,,,,,,,,unknown,[]
Nutra Pops,,366.666666666667,22.2222222222222,66.6666666666667,1.33333333333333,8,,unknown,[]
yogurt griego,,,,,,,,unknown,"['en:milk-and-dairy-products', 'en:milk-and-yogurt']"
Arepa Amarilla,,145,4,35,0.375,7.125,,unknown,[]
Doriyaki,Doriyaki,302,5.5,48,9.6,0,,unknown,[]
Queso Campesino,Queso Campesino,280,14,9.66666666666667,20.6666666666667,,,unknown,[]
Pure Focus,Pure Focus,0,0,0,0,0,4,c,"['en:beverages', 'en:artificially-sweetened-beverages']"
Pure Energy,Pure Energy,0,0,0,0,0,4,c,"['en:beverages', 'en:artificially-sweetened-beverages']"
,,,,,,,,unknown,[]
Luker clavos y canela,,,,,,,,unknown,[]
Pure Recovery,Pure Recovery,0,0,0,0,0,4,c,"['en:beverages', 'en:artificially-sweetened-beverages']"
Mahati Magic Mandarin,Mahati Magic Mandarin,0,0,0,0,0,4,c,"['en:beverages', 'en:artificially-sweetened-beverages']"
,,,,,,,,unknown,[]
Pastrami De Pavo,Pastrami De Pavo,96,19,3.3,0.8,0,,unknown,[]
manu sin sal,,,,,,,,unknown,[]
Arepa Tela Amarilla,,160,2.7,37,0,3.7,,unknown,[]
,,,,,,,,unknown,[]
,,,,,,,4,unknown,[]
,,143,0.0011,35,0,0.7,2,not-applicable,[]
Fig And Nuts Baked Sliced,,499.521988527725,13,25.4,37.6,,,unknown,[]
Polet Caramelo Croccante,Polet Caramelo Croccante,333.75,4.5,32.5,21.25,0.5,,unknown,[]
Caterpillars,Caterpillars,344.444444444444,3.88888888888889,77.7777777777778,0,0.555555555555556,,unknown,[]
Crema A Base De Avellanas Y Almendra,Crema A Base De Avellanas Y Almendra,605,16,29.5,50,13,,unknown,[]
Chicharrón Carnudo,Chicharrón Carnudo,600,53.3333333333333,0.666666666666667,43.3333333333333,,,unknown,[]
Mahati Pink Power,Mahati Pink Power,0,0,0,3.33333333333333,0,4,c,"['en:beverages', 'en:artificially-sweetened-beverages']"
Mahati Blue Blast,Mahati Blue Blast,0,0,0,0,0,4,c,"['en:beverages', 'en:artificially-sweetened-beverages']"
,,,,,,,,unknown,"['en:milk-and-dairy-products', 'en:cheese']"
Mogolla Multigranos,,308,9.9,55,6.8,6.2,,unknown,[]
Aceite Del valle,Aceite Del valle,860,0,,96,,,unknown,[]
Yogur entero con dulce,Yogur entero con dulce,,,,,,4,unknown,[]
Chicharrón De Cerdo Carnudo,Chicharrón De Cerdo Carnudo,573.333333333333,56,0,39.3333333333333,,,unknown,[]
Yuca Frita,Yuca Frita,264.444444444444,1.11111111111111,34.4444444444444,14.4444444444444,,,unknown,[]
DIFY blueberry,DIFY blueberry,0,0,0,0,0,4,c,"['en:beverages', 'en:artificially-sweetened-beverages']"
Carne De Cerdo Saltada,Carne De Cerdo Saltada,132.75,6.5,7.25,8.5,,,unknown,[]
Yogur Griego vainilla Colanta,Yogur Griego vainilla Colanta,60.8,5.68,8.8,0.48,0.72,,unknown,[]
Barras surtidas tosh,Barras surtidas tosh,,,,,,,unknown,"['en:cereals-and-potatoes', 'en:cereals']"
Dify Green Apple,Dify Green Apple,0,0,0,0,0,4,c,"['en:beverages', 'en:artificially-sweetened-beverages']"
Queso And Beef Chili,,200,13.3333333333333,3.33333333333333,13.3333333333333,0,,unknown,[]
Queso Con Bocadillo,Queso Con Bocadillo,319,13,34,15,0.8,,unknown,[]
,,,,,,,,unknown,[]
,,,,,,,,unknown,"['en:fish-meat-eggs', 'en:fish-and-seafood']"
,,,,,,,,unknown,"['en:cereals-and-potatoes', 'en:potatoes']"
Rescue,Rescue,0,0,0,0,0,4,c,"['en:beverages', 'en:artificially-sweetened-beverages']"
Paleta Frutos Rojos,Paleta Frutos Rojos,180,2.42857142857143,31.4285714285714,5,0.571428571428571,,unknown,[]
,,,,,,,,,
Choco Galleticas,Choco Galleticas,486.666666666667,5.33333333333333,70,20.6666666666667,1,,unknown,[]
Queso Doble Crema Tajado,Queso Doble Crema Tajado,286.666666666667,21,1.66666666666667,23,,,unknown,[]
Jugo De Naranja,Jugo De Naranja,35,0.6,8.5,0,0.75,,unknown,[]
Tripule Con Nanos,Tripule Con Nanos,350,3,85,0,0,,unknown,[]
,,,,,,,,,
Puré Whey With Isolate,,60.2739726027397,11.7808219178082,4.10958904109589,0.273972602739726,0.821917808219178,,unknown,[]
,,51,3.2,5.1,2,0,4,a,[]
Arepa De Chócolo,Arepa De Chócolo,203.75,4,42.5,3.625,6.25,,unknown,[]
Bebida Prot Sabor Vainilla,,79.6,7.2,9.2,1.56,1.8,,unknown,[]
Arpa De Maíz Peto Choricera,,152,4.2,29,2.7,1.5,,unknown,[]
Arepa De Choclo,Arepa De Choclo,228.571428571429,6.78571428571429,46.4285714285714,2.85714285714286,4.82142857142857,,unknown,[]
Harina de Almendra,,623,20,20,53,7,1,c,[]
Salchicha Supercelofan,,212,12.8,3.36,16.8,0,,unknown,[]
Yuba,,360,34,18,16,,,unknown,[]
Avena en hojula,,108.6,4.3,15,3.2,1.3,,b,"['en:cereals-and-potatoes', 'en:breakfast-cereals']"
,,,,,,,,unknown,[]
,,,,,,,,,
Imitación Queso Gouda,,317.857142857143,13.9285714285714,6.07142857142857,26.4285714285714,0.714285714285714,,unknown,[]
Mogolla Integral,Mogolla Integral,312.5,9.5,60,5.5,7,,unknown,[]
Bread With Blueberries,,272.413793103448,9.31034482758621,58.6206896551724,1.72413793103448,9.31034482758621,,unknown,[]
Burner stack Lata- Uva,Burner stack Lata- Uva,0,0,0,0,0,4,c,"['en:beverages', 'en:artificially-sweetened-beverages']"
,,,,,,,,unknown,[]
,,,,,,,,unknown,[]
Panelists Caramelo Y Coco,,480,7,65,23.5,4,,unknown,[]
Crema de Arroz Chocolate Cake,Crema de Arroz Chocolate Cake,296,6,68,0,0,,unknown,[]
Solid,,,,,,,,unknown,[]
Pan Perro,,269.354838709677,10.9677419354839,54.8387096774194,1.61290322580645,4.35483870967742,,unknown,[]
Corona Cero,Corona Cero,15,0,3.55,0,,,unknown,[]
Carne De Res Cruda Molida,Carne De Res Cruda Molida,134,21,0,5.5,0,,unknown,[]
,,,,,,,,unknown,[]
Kéfir Dulce De Maracuyá,Kéfir Dulce De Maracuyá,52,3.3,6.2,0.9,,,unknown,[]
Quesito Campesino,Quesito Campesino,203.333333333333,8.66666666666667,9.33333333333333,14.3333333333333,,,unknown,[]
,,,,,,,,unknown,[]
Colanta Semi Descremada,,52.5,4.45,4.8,1.7,,,unknown,[]
Papas Rústicas,,103.75,2.25,17.5,2.75,2.5,,unknown,[]
Almond Shortbread Cookies,,492.307692307692,9.61538461538461,61.5384615384615,24.6153846153846,6.53846153846154,,unknown,[]
Quinoa Con Chocolate,,554.285714285714,8,52,34.8571428571429,9.14285714285714,,unknown,[]
"Snack De Maní, Maca Y Arándanos","Snack De Maní, Maca Y Arándanos",472.222222222222,15,42.7777777777778,23.8888888888889,12.2222222222222,,unknown,[]
,,,,,,,,,
Quinua Krispy,,273.333333333333,6.66666666666667,60,1.33333333333333,3.33333333333333,,unknown,[]
Doritos Dinámica Ruleta Limón Taquero,,503.333333333333,6,63.3333333333333,25.6666666666667,6,,unknown,[]
,,,,,,,,not-applicable,[]
Galletas Almendras Chocolate,,490,8.5,29.3,39.8,9.4,,unknown,[]
Maíz Tierno,Maíz Tierno,54.7826086956522,1.73913043478261,10.4347826086957,1.21739130434783,1.73913043478261,,unknown,[]
Dulce De Guayaba Sin Azucar,Dulce De Guayaba Sin Azucar,155,0.65,42,0.05,7.5,,unknown,[]
Pan De Sagu,Pan De Sagu,270.588235294118,5.88235294117647,50,5.29411764705882,4.41176470588235,,unknown,[]
,,,,,,,,unknown,[]
Queso mozarella,,263.333333333333,18.6666666666667,4.33333333333333,19,0,,unknown,[]
Atún Rallado En Agua,Atún Rallado En Agua,119,24,0,2.5,0,,unknown,[]
Pesto Vegano,,368.888888888889,8.22222222222222,14.2222222222222,33.3333333333333,2.66666666666667,,unknown,[]
Leche deslatosada,,,,,,,,unknown,[]
Leche,,,,,,,,unknown,[]
Pan Tajado Artesanal,Pan Tajado Artesanal,295,9,55,4,,,unknown,[]
Salcique,,422.222222222222,44.4444444444444,0,27.7777777777778,,,unknown,[]
Gansito Mini,,445,6,55,23,3,,unknown,[]
Lomitos De Pechuga De Pollo,Lomitos De Pechuga De Pollo,100,22.5,0,1.25,,,unknown,[]
Tofu Blando,,119,15,8.6,2.6,0.8,,unknown,[]
Pan Hamburguesa,Pan Hamburguesa,275,11.0227272727273,52.2727272727273,3.06818181818182,3.06818181818182,,unknown,[]
Arepas con queso Extrarellenas,Arepas con queso Extrarellenas,303.125,7.5,30,18.125,4.875,,unknown,[]
Papa Criolla,,92,2.2,21,0,0.6,,unknown,[]
Salsa De Piña,Salsa De Piña,53,0.8,12,0,0,,unknown,[]
Salsa Rosada,Salsa Rosada,269,0.9,10,25,0,,unknown,[]
Chocapic,,380,8.33333333333333,80,4.66666666666667,8,,unknown,[]
Yogurt De Vainilla,Yogurt De Vainilla,115,1,4.92857142857143,10.7142857142857,2.35714285714286,,unknown,[]
Masmelos Choco Vainilla,Masmelos Choco Vainilla,410.25641025641,4.48717948717949,70.5128205128205,12.5,1.28205128205128,,unknown,[]
Halls XS,Halls XS,,,,,,4,unknown,[]
,,,,,,,2,unknown,"['en:fats-and-sauces', 'en:fats']"
Tostavena Con Salsa De Frutos Rojos,Tostavena Con Salsa De Frutos Rojos,155.897435897436,3.58974358974359,27.1794871794872,3.02564102564103,3.17948717948718,,unknown,[]
Calzumag,,,,,,,,unknown,[]
Potenciator,,,,,,,,unknown,[]
Pan Árabe,Pan Árabe,217,8,44,1.3,1.5,,unknown,[]
Sunpro bloqueador,,,,,,,,unknown,[]
Ecotu repelente,,,,,,,,unknown,[]
Minoxidil mk x 3,,,,,,,,unknown,[]
,,,,,,,4,unknown,[]
Golden Strawberry And Vanilla Cookies,,466.666666666667,4.16666666666667,72.2222222222222,17.7777777777778,,,unknown,[]
Mogolla De Sagú,Mogolla De Sagú,278.571428571429,5.95238095238095,50,5.23809523809524,4.28571428571429,,unknown,[]
Sardinas En Salsa De Tomate,Sardinas En Salsa De Tomate,91.6666666666667,14,3.16666666666667,2.66666666666667,,,unknown,[]
,,,,,,,,unknown,[]
Bites De Guayaba,Bites De Guayaba,290,0,71,0.5,15,,unknown,[]
Mani Horneado,Mani Horneado,523.333333333333,17,40,33.3333333333333,7.66666666666667,,unknown,[]
Granola De Cookie,,492,14,52,30,20,,unknown,[]
Harina De Avena,Harina De Avena,374,13,69,7.3,8.3,,unknown,[]
Miel De Caña Sabor Lychee Sandía,Miel De Caña Sabor Lychee Sandía,276,0,68,0,0,,unknown,[]
Champiñones cortados,Champiñones cortados,10,1.4,1.8,0,1.4,3,a,"['en:fruits-and-vegetables', 'en:vegetables']"
Marañón Caramelo Y Sal,Marañón Caramelo Y Sal,496.666666666667,14,56.6666666666667,24.6666666666667,4.33333333333333,,unknown,[]
,,,,,,,,,
Yogurt Griego,Yogurt Griego,50,8.63636363636364,4.09090909090909,0,0,,unknown,[]
Arroz Basmati,,352,7.2,80,0.6,1.4,,unknown,[]
Helado Gourmet Oreo,,253,3,27,15,,,unknown,[]
CLA1000,,,,,,,,unknown,[]
,,,,,,,,unknown,[]
Avena en Hojuelas Manzana Y Canela,Avena en Hojuelas Manzana Y Canela,362.5,12.9166666666667,66.6666666666667,7.91666666666667,14.1666666666667,,unknown,[]
granola,,,,,,,,unknown,[]
Coca Cola Sabor Original,Coca Cola Sabor Original,30,0,7.5,0,,,unknown,[]
Mezcla de aceites para freír,Mezcla de aceites para freír,828,0,,92,,2,b,"['en:fats-and-sauces', 'en:fats']"
Pasabocas Mixtos Sabor BBQ,Pasabocas Mixtos Sabor BBQ,530,16.75,47.5,30,4,,unknown,[]
Rapipapa Tradicionales,Rapipapa Tradicionales,136,2.5,24,3.3,2.7,,unknown,[]
Samsara café frío latte Moka,Samsara café frío latte Moka,47,1.6,6.8,1.5,,4,c,"['en:beverages', 'en:teas-and-herbal-teas-and-coffees']"
Arroz Diana,Arroz Diana,,,,,,,unknown,"['en:cereals-and-potatoes', 'en:cereals']"
Masmelos Mini,Masmelos Mini,395,4,95,0,,,unknown,[]
,,,,,,,,unknown,[]
Gluten Desmechado,Gluten Desmechado,143,24,1,4.9,0.6,,unknown,[]
82% Tumaco Dark Chocolate Bars,,584,10,40,44,13.2,,unknown,[]
Arepa Tela,Arepa Tela,145,4,35,0.375,7.125,,unknown,[]
Lele Milk,Lele Milk,51,3.2,5,1.95,0,,unknown,[]
Salsa Ranch,,249,1,9,23,0,,unknown,[]
Alfajor BLACK,,158.333333333333,3.33333333333333,28.3333333333333,3.33333333333333,3.33333333333333,,unknown,[]
Waffles de maduro rellenos de queso,Waffles de maduro rellenos de queso,155,3.875,33.5,2.25,3.5,,unknown,[]
,Lomos de atún en aceite de Girasol,143,23,0,5.7,,3,e,"['en:fish-meat-eggs', 'en:fish-and-seafood', 'en:fatty-fish']"
,Natilla Rico sabor AREQUIPE,120,2.7,25,0.8,,3,unknown,[]
Entremuslos de pollo marinado,Entremuslos de pollo marinado,,,,,,4,unknown,[]
,Salsa de Mayonesa,172,0,9.3,15,,4,c,"['en:fats-and-sauces', 'en:dressings-and-sauces']"
,,,,,,,,unknown,[]
Atún Rallado,Atún Rallado,196,28,0,9.3,0,,unknown,[]
,,,,,,,,unknown,[]
Pan Baguette,,259.259259259259,10.3703703703704,55.5555555555556,0.740740740740741,4.81481481481481,,unknown,[]
,,,,,,,,unknown,"['en:cereals-and-potatoes', 'en:cereals']"
Lomitos de Atún en Aceite,,,,,,,,unknown,[]
alfajor crunchy,,261.538461538462,6.15384615384615,27.6923076923077,15.3846153846154,3.53846153846154,,unknown,[]
Chicharrones De Cerdo,Chicharrones De Cerdo,580,56,0,39.3333333333333,0,,unknown,[]
Nutra POPS,,366.666666666667,22.2222222222222,66.6666666666667,1.33333333333333,8,,unknown,[]
Barack Pops,Barack Pops,150,2.9,18,7.8,0.6,4,e,"['en:milk-and-dairy-products', 'en:ice-cream']"
,,,,,,,,unknown,[]
,,,,,,,,unknown,[]
Hi-fibre Orange,,5,0,3,0,3,,unknown,[]
,,,,,,,,unknown,[]
Froot Loops Apple And Cinammon,,404,4.7,88,4.3,2.9,,unknown,[]
Tostadas Integrales,Tostadas Integrales,381,14,72,6.2,9.5,,unknown,[]
Quinoa Blanca Orgánica,,294,16.2,50,5,7.8,,unknown,[]
Compota,,67,0.8,16,0,0,,unknown,[]
Bulk Gainer Proteína,,493.478260869565,65.2173913043478,8.69565217391304,19.5652173913043,2.60869565217391,,unknown,[]
,,,,,,,,unknown,[]
Helado Chocolate,Helado Chocolate,318,3.8,28,22,0.6,,unknown,[]
Proteína Whey Caramelo Salado,Proteína Whey Caramelo Salado,400,75.7575757575758,10,6.06060606060606,3.33333333333333,,unknown,[]
